#
# There is insufficient memory for the Java Runtime Environment to continue.
# Native memory allocation (malloc) failed to allocate 1552176 bytes. Error detail: Chunk::new
# Possible reasons:
#   The system is out of physical RAM or swap space
#   This process is running with CompressedOops enabled, and the Java Heap may be blocking the growth of the native heap
# Possible solutions:
#   Reduce memory load on the system
#   Increase physical memory or swap space
#   Check if swap backing store is full
#   Decrease Java heap size (-Xmx/-Xms)
#   Decrease number of Java threads
#   Decrease Java thread stack sizes (-Xss)
#   Set larger code cache with -XX:ReservedCodeCacheSize=
#   JVM is running with Unscaled Compressed Oops mode in which the Java heap is
#     placed in the first 4GB address space. The Java Heap base address is the
#     maximum limit for the native heap growth. Please use -XX:HeapBaseMinAddress
#     to set the Java Heap base and to place the Java Heap above 4GB virtual address.
# This output file may be truncated or incomplete.
#
#  Out of Memory Error (arena.cpp:168), pid=9360, tid=3192
#
# JRE version: OpenJDK Runtime Environment Temurin-21.0.12.1+1 (21.0.12.1+1) (build 21.0.12.1+1-LTS)
# Java VM: OpenJDK 64-Bit Server VM Temurin-21.0.12.1+1 (21.0.12.1+1-LTS, mixed mode, sharing, tiered, compressed oops, compressed class ptrs, parallel gc, windows-amd64)
# No core dump will be written. Minidumps are not enabled by default on client versions of Windows
#

---------------  S U M M A R Y ------------

Command Line: --add-modules=ALL-SYSTEM --add-opens=java.base/java.util=ALL-UNNAMED --add-opens=java.base/java.lang=ALL-UNNAMED --add-opens=java.base/sun.nio.fs=ALL-UNNAMED -Declipse.application=org.eclipse.jdt.ls.core.id1 -Dosgi.bundles.defaultStartLevel=4 -Declipse.product=org.eclipse.jdt.ls.core.product -Djava.import.generatesMetadataFilesAtProjectRoot=false -Dm2e.project.cache.size=50 -DDetectVMInstallationsJob.disabled=true -Dfile.encoding=utf8 -XX:+UseParallelGC -XX:GCTimeRatio=4 -XX:AdaptiveSizePolicyWeight=90 -Dsun.zip.disableMemoryMapping=true -Xmx2G -Xms100m -Xlog:disable -javaagent:c:\Users\yoohy\.vscode\extensions\redhat.java-1.56.0-win32-x64\lombok\lombok-1.18.39-4050.jar -XX:+HeapDumpOnOutOfMemoryError -XX:HeapDumpPath=c:\Users\yoohy\AppData\Roaming\Code\User\workspaceStorage\56d48d326b710127b2fff327b6ce23a8\redhat.java -Daether.dependencyCollector.impl=bf c:\Users\yoohy\.vscode\extensions\redhat.java-1.56.0-win32-x64\server\plugins\org.eclipse.equinox.launcher_1.8.0.v20260804-1928.jar -configuration c:\Users\yoohy\AppData\Roaming\Code\User\globalStorage\redhat.java\1.56.0\config_win -data c:\Users\yoohy\AppData\Roaming\Code\User\workspaceStorage\56d48d326b710127b2fff327b6ce23a8\redhat.java\jdt_ws --stdio

Host: Intel(R) Core(TM) Ultra 5 125H, 18 cores, 15G,  Windows 11 , 64 bit Build 26100 (10.0.26100.9168)
Time: Mon Sep  7 10:24:56 2026 elapsed time: 2282.932570 seconds (0d 0h 38m 2s)

---------------  T H R E A D  ---------------

Current thread (0x000001c3fdd1c1a0):  JavaThread "C2 CompilerThread0" daemon [_thread_in_native, id=3192, stack(0x000000bf63600000,0x000000bf63700000) (1024K)]


Current CompileTask:
C2:2282932 33338       4       org.eclipse.jdt.internal.compiler.parser.Parser::consumeRule (7843 bytes)

Stack: [0x000000bf63600000,0x000000bf63700000]
Native frames: (J=compiled Java code, j=interpreted, Vv=VM code, C=native code)
V  [jvm.dll+0x6d83e9]
V  [jvm.dll+0x8b5736]
V  [jvm.dll+0x8b7cee]
V  [jvm.dll+0x8b83d3]
V  [jvm.dll+0x284596]
V  [jvm.dll+0xc685d]
V  [jvm.dll+0xc6da1]
V  [jvm.dll+0x3bf151]
V  [jvm.dll+0x38b6d2]
V  [jvm.dll+0x38ab1a]
V  [jvm.dll+0x24c700]
V  [jvm.dll+0x24bce0]
V  [jvm.dll+0x1cb4ae]
V  [jvm.dll+0x25baad]
V  [jvm.dll+0x25a03a]
V  [jvm.dll+0x3f8aae]
V  [jvm.dll+0x8600cd]
V  [jvm.dll+0x6d6c1d]
C  [ucrtbase.dll+0x2cd30]
C  [KERNEL32.DLL+0x2ccb7]
C  [ntdll.dll+0xaad6c]


---------------  P R O C E S S  ---------------

Threads class SMR info:
_java_thread_list=0x000001c40bf09900, length=4964, elements={
0x000001c3fdc6cf10, 0x000001c3d881ac20, 0x000001c3d881e0b0, 0x000001c3d88219a0,
0x000001c3d8822880, 0x000001c3d8826850, 0x000001c3d8828940, 0x000001c3fdd1c1a0,
0x000001c3fdd21df0, 0x000001c3d8a5f5e0, 0x000001c3da4a01a0, 0x000001c3df09e6e0,
0x000001c3df09e050, 0x000001c3df09ed70, 0x000001c3df09d330, 0x000001c3df09f400,
0x000001c3df09fa90, 0x000001c3df0a0120, 0x000001c3df09d9c0, 0x000001c3e034e560,
0x000001c3e034ebf0, 0x000001c3e0350630, 0x000001c3e034ded0, 0x000001c3e034f280,
0x000001c3e0352d90, 0x000001c3e0352700, 0x000001c3e03519e0, 0x000001c3e0353420,
0x000001c3e0353ab0, 0x000001c3f5690620, 0x000001c3f5692060, 0x000001c3f568ebe0,
0x000001c3f56919d0, 0x000001c3f568f900, 0x000001c3e17413b0, 0x000001c3e17420d0,
0x000001c3e1741a40, 0x000001c3e1744830, 0x000001c3e1745550, 0x000001c3e1742df0,
0x000001c3e1744ec0, 0x000001c3e1745be0, 0x000001c3e1742760, 0x000001c3efc63d20,
0x000001c3efc650d0, 0x000001c3efc65760, 0x000001c3efc65df0, 0x000001c3e283d4f0,
0x000001c3e283f5c0, 0x000001c3e283db80, 0x000001c3e283fc50, 0x000001c3e2841690,
0x000001c3efc615c0, 0x000001c3efc5f4f0, 0x000001c3efc60210, 0x000001c3efc60f30,
0x000001c3efc5e7d0, 0x000001c3efc63690, 0x000001c3efc61c50, 0x000001c3e1746900,
0x000001c3e1746f90, 0x000001c3e1747620, 0x000001c3e1747cb0, 0x000001c3e1748340,
0x000001c3efc62970, 0x000001c3e17489d0, 0x000001c3e2841000, 0x000001c3dfcc5f60,
0x000001c3dfcc3e90, 0x000001c3dfcc6c80, 0x000001c3dfcc79a0, 0x000001c3dfcc65f0,
0x000001c3dfcc4bb0, 0x000001c3dfcc4520, 0x000001c3dfcc86c0, 0x000001c3dfcc5240,
0x000001c3dfcc8d50, 0x000001c3dfcc58d0, 0x000001c3dfccb4b0, 0x000001c3dfcc93e0,
0x000001c3dfcc9a70, 0x000001c3dfcca100, 0x000001c3dfcca790, 0x000001c3dfccae20,
0x000001c3f0920050, 0x000001c3f091f9c0, 0x000001c3f0922120, 0x000001c3f0921a90,
0x000001c3f09206e0, 0x000001c3f09241f0, 0x000001c3f09227b0, 0x000001c3f0920d70,
0x000001c3f09234d0, 0x000001c3f0921400, 0x000001c3f0924880, 0x000001c3f09262c0,
0x000001c3f0924f10, 0x000001c3f0926950, 0x000001c3f0926fe0, 0x000001c3f0923b60,
0x000001c3f09255a0, 0x000001c3f0922e40, 0x000001c3da5e94f0, 0x000001c3da5e9b80,
0x000001c3da5ea210, 0x000001c3da5ea8a0, 0x000001c3da5eaf30, 0x000001c3da5e7ab0,
0x000001c3da5e8140, 0x000001c3da5e87d0, 0x000001c3da5ec2e0, 0x000001c3da5e8e60,
0x000001c3da5eea40, 0x000001c3da5ec970, 0x000001c3da5ed000, 0x000001c3da5ef0d0,
0x000001c3da5ed690, 0x000001c3e283ce60, 0x000001c3da5edd20, 0x000001c3da5ebc50,
0x000001c3da5ee3b0, 0x000001c3f0925c30, 0x000001c3e2e9d260, 0x000001c3e2e9cbd0,
0x000001c3e2e9eca0, 0x000001c3e2e9e610, 0x000001c3e2e9f330, 0x000001c3e2e9beb0,
0x000001c3e2e9f9c0, 0x000001c3e2e9c540, 0x000001c3e2ea0050, 0x000001c3e2ea34d0,
0x000001c3e2ea1400, 0x000001c3e2ea3b60, 0x000001c3e2e9df80, 0x000001c3e2ea1a90,
0x000001c3e2ea41f0, 0x000001c3e2ea0d70, 0x000001c3e2ea4880, 0x000001c3e2ea4f10,
0x000001c3e2ea2e40, 0x000001c3e2ea5c30, 0x000001c3e2ea62c0, 0x000001c3e2ea27b0,
0x000001c3e2ea9740, 0x000001c3e2ea6fe0, 0x000001c3e2ea6950, 0x000001c3e2ea7670,
0x000001c3e2ea7d00, 0x000001c3e2ea8390, 0x000001c3e2ea55a0, 0x000001c3e2eaa460,
0x000001c3e2eab180, 0x000001c3e2ea8a20, 0x000001c3e2ea90b0, 0x000001c3e2ea9dd0,
0x000001c3e283ef30, 0x000001c3f53158c0, 0x000001c3f5315f50, 0x000001c3f53137f0,
0x000001c3f5312ad0, 0x000001c3f53165e0, 0x000001c3f5314ba0, 0x000001c3f5313160,
0x000001c3f5317990, 0x000001c3f5317300, 0x000001c3f5318020, 0x000001c3f53186b0,
0x000001c3f5318d40, 0x000001c3f5313e80, 0x000001c3f53193d0, 0x000001c3f5319a60,
0x000001c3f531a0f0, 0x000001c3e2eaaaf0, 0x000001c3f7871310, 0x000001c3f786f8d0,
0x000001c3f78719a0, 0x000001c3f7872030, 0x000001c3f78726c0, 0x000001c3f78733e0,
0x000001c3f78705f0, 0x000001c3f78761d0, 0x000001c3f7874e20, 0x000001c3f78754b0,
0x000001c3f7875b40, 0x000001c3f7876ef0, 0x000001c3f7870c80, 0x000001c3f7876860,
0x000001c3f7874790, 0x000001c3f5316c70, 0x000001c3ef2074f0, 0x000001c3ef2067d0,
0x000001c3ef2095c0, 0x000001c3ef207b80, 0x000001c3ef209c50, 0x000001c3ef208210,
0x000001c3ef206e60, 0x000001c3ef20a2e0, 0x000001c3ef20bd20, 0x000001c3ef20b690,
0x000001c3ef20a970, 0x000001c3ef20b000, 0x000001c3ef20c3b0, 0x000001c3ef20d0d0,
0x000001c3ef20d760, 0x000001c3ef20ddf0, 0x000001c3f7874100, 0x000001c3e034f910,
0x000001c3e48604e0, 0x000001c3e48632d0, 0x000001c3e4860b70, 0x000001c3e4863960,
0x000001c3e4863ff0, 0x000001c3e4861200, 0x000001c3e4861f20, 0x000001c3e4864d10,
0x000001c3e4861890, 0x000001c3e48653a0, 0x000001c3e4865a30, 0x000001c3e4867470,
0x000001c3e4866de0, 0x000001c3e48660c0, 0x000001c3e4867b00, 0x000001c3e4866750,
0x000001c3ef208f30, 0x000001c3f67477b0, 0x000001c3f6747e40, 0x000001c3f6748b60,
0x000001c3f67491f0, 0x000001c3f6749880, 0x000001c3f6749f10, 0x000001c3f6746a90,
0x000001c3f674da20, 0x000001c3f674b950, 0x000001c3f674b2c0, 0x000001c3f674a5a0,
0x000001c3f67484d0, 0x000001c3f674bfe0, 0x000001c3f674edd0, 0x000001c3f674e0b0,
0x000001c3f674f460, 0x000001c3f674c670, 0x000001c3f674d390, 0x000001c3f674cd00,
0x000001c3f674ac30, 0x000001c3f6751bc0, 0x000001c3f674e740, 0x000001c3f6752250,
0x000001c3f67528e0, 0x000001c3f6750810, 0x000001c3f6752f70, 0x000001c3f674faf0,
0x000001c3f6751530, 0x000001c3f6753c90, 0x000001c3f6750ea0, 0x000001c3f6757110,
0x000001c3f6754320, 0x000001c3f67577a0, 0x000001c3f67556d0, 0x000001c3f67563f0,
0x000001c3f6756a80, 0x000001c3f6750180, 0x000001c3f67549b0, 0x000001c3f67584c0,
0x000001c3f6755040, 0x000001c3f675a590, 0x000001c3f675bfd0, 0x000001c3f675ac20,
0x000001c3f675b2b0, 0x000001c3f67591e0, 0x000001c3f6757e30, 0x000001c3f675ccf0,
0x000001c3f675c660, 0x000001c3f675b940, 0x000001c3f675d380, 0x000001c3f6759f00,
0x000001c3f675da10, 0x000001c3f675e730, 0x000001c3f675edc0, 0x000001c3f675f450,
0x000001c3f675fae0, 0x000001c3f6760170, 0x000001c3f6760800, 0x000001c3f6762f60,
0x000001c3f67635f0, 0x000001c3f67628d0, 0x000001c3f6763c80, 0x000001c3f6760e90,
0x000001c3f6761520, 0x000001c3f67649a0, 0x000001c3f6761bb0, 0x000001c3f67656c0,
0x000001c3f6765030, 0x000001c3f6762240, 0x000001c3f6764310, 0x000001c3df0a07b0,
0x000001c3df1bdcb0, 0x000001c3daa32f80, 0x000001c3daa30eb0, 0x000001c3daa349c0,
0x000001c3daa33610, 0x000001c3daa31540, 0x000001c3daa328f0, 0x000001c3daa32260,
0x000001c3daa34330, 0x000001c3daa35050, 0x000001c3daa31bd0, 0x000001c3daa377b0,
0x000001c3daa36400, 0x000001c3daa38b60, 0x000001c3daa36a90, 0x000001c3daa37120,
0x000001c3daa33ca0, 0x000001c3daa391f0, 0x000001c3daa37e40, 0x000001c3daa39880,
0x000001c3daa3a5a0, 0x000001c3daa39f10, 0x000001c3daa3ac30, 0x000001c3daa384d0,
0x000001c3daa3b2c0, 0x000001c3daa3cd00, 0x000001c3daa3c670, 0x000001c3daa3e740,
0x000001c3daa3b950, 0x000001c3daa3edd0, 0x000001c3daa3e0b0, 0x000001c3daa3f460,
0x000001c3daa3d390, 0x000001c3daa3bfe0, 0x000001c3daa40ea0, 0x000001c3daa3da20,
0x000001c3daa41530, 0x000001c3daa42250, 0x000001c3daa41bc0, 0x000001c3daa428e0,
0x000001c3daa42f70, 0x000001c3daa43600, 0x000001c3daa40180, 0x000001c3daa47110,
0x000001c3daa46a80, 0x000001c3daa449b0, 0x000001c3daa45d60, 0x000001c3daa463f0,
0x000001c3daa43c90, 0x000001c3daa3faf0, 0x000001c3daa484c0, 0x000001c3daa477a0,
0x000001c3daa47e30, 0x000001c3daa45040, 0x000001c3daa48b50, 0x000001c3daa456d0,
0x000001c3daa4ac20, 0x000001c3daa491e0, 0x000001c3daa44320, 0x000001c3daa4a590,
0x000001c3daa49f00, 0x000001c3daa4bfd0, 0x000001c3daa4e730, 0x000001c3daa4c660,
0x000001c3daa4ccf0, 0x000001c3daa4d380, 0x000001c3daa4b2b0, 0x000001c3daa4edc0,
0x000001c3daa4b940, 0x000001c3daa4f450, 0x000001c3daa4fae0, 0x000001c3daa50170,
0x000001c3f6765d50, 0x000001c3f4c1ba10, 0x000001c3f4c1e170, 0x000001c3f4c1b380,
0x000001c3f4c1f520, 0x000001c3f4c1e800, 0x000001c3f4c1ee90, 0x000001c3f4c1c0a0,
0x000001c3f4c1fbb0, 0x000001c3f4c1c730, 0x000001c3f4c20240, 0x000001c3f4c1d450,
0x000001c3f4c1cdc0, 0x000001c3f4c1acf0, 0x000001c3f4c23030, 0x000001c3f4c22310,
0x000001c3f4c20f60, 0x000001c3f4c236c0, 0x000001c3f4c208d0, 0x000001c3f4c215f0,
0x000001c3f4c229a0, 0x000001c3f4c243e0, 0x000001c3f4c25100, 0x000001c3f4c23d50,
0x000001c3f4c21c80, 0x000001c3f4c26b40, 0x000001c3f4c25e20, 0x000001c3f4c27ef0,
0x000001c3f4c271d0, 0x000001c3f4c24a70, 0x000001c3f4c25790, 0x000001c3f4c28580,
0x000001c3f4c28c10, 0x000001c3f4c29930, 0x000001c3f4c292a0, 0x000001c3f4c264b0,
0x000001c3f4c2a650, 0x000001c3f4c2ace0, 0x000001c3f4c27860, 0x000001c3f4c2ba00,
0x000001c3f4c2c720, 0x000001c3f4c2e7f0, 0x000001c3f4c2cdb0, 0x000001c3f4c2d440,
0x000001c3f4c2e160, 0x000001c3f4c2b370, 0x000001c3f4c308c0, 0x000001c3f4c1dae0,
0x000001c3f4c2fba0, 0x000001c3f4c2f510, 0x000001c3f4c30230, 0x000001c3f4c30f50,
0x000001c3f4c2dad0, 0x000001c3f4c34a60, 0x000001c3f4c33d40, 0x000001c3f4c32300,
0x000001c3f4c315e0, 0x000001c3f4c2ee80, 0x000001c3f4c33020, 0x000001c3f4c343d0,
0x000001c3f4c32990, 0x000001c3f4c336b0, 0x000001c3f4c37ee0, 0x000001c3f4c38570,
0x000001c3f4c35780, 0x000001c3f4c350f0, 0x000001c3f4c36b30, 0x000001c3f4c37850,
0x000001c3f4c39290, 0x000001c3f4c35e10, 0x000001c3f4c39920, 0x000001c3f4c364a0,
0x000001c3f4c39fb0, 0x000001c3f4c371c0, 0x000001c3f4c31c70, 0x000001c3f2753580,
0x000001c3f2752ef0, 0x000001c3f2752860, 0x000001c3f2753c10, 0x000001c3f2754fc0,
0x000001c3f27542a0, 0x000001c3f2754930, 0x000001c3f2755650, 0x000001c3f2756370,
0x000001c3f2755ce0, 0x000001c3f2759160, 0x000001c3f2756a00, 0x000001c3f2757db0,
0x000001c3f2757720, 0x000001c3f2758ad0, 0x000001c3f2758440, 0x000001c3f2759e80,
0x000001c3f275a510, 0x000001c3f2757090, 0x000001c3f275aba0, 0x000001c3f275d990,
0x000001c3f275e6b0, 0x000001c3f275e020, 0x000001c3f275cc70, 0x000001c3f27521d0,
0x000001c3f275b8c0, 0x000001c3f275c5e0, 0x000001c3f27597f0, 0x000001c3f275ed40,
0x000001c3f2760780, 0x000001c3f275d300, 0x000001c3f275f3d0, 0x000001c3f275fa60,
0x000001c3f275bf50, 0x000001c3f27600f0, 0x000001c3f4c2c090, 0x000001c3f4c38c00,
0x000001c3daa4e0a0, 0x000001c3e27a3a60, 0x000001c3e27a40f0, 0x000001c3e27a2020,
0x000001c3e27a4780, 0x000001c3e27a26b0, 0x000001c3e27a33d0, 0x000001c3e27a61c0,
0x000001c3e27a2d40, 0x000001c3e27a8290, 0x000001c3e27a9cd0, 0x000001c3e27a7570,
0x000001c3e27a6850, 0x000001c3e27a5b30, 0x000001c3e27a4e10, 0x000001c3e27ab710,
0x000001c3e27abda0, 0x000001c3e27aa360, 0x000001c3e27a8920, 0x000001c3e27ac430,
0x000001c3e27acac0, 0x000001c3e27ab080, 0x000001c3e27ad150, 0x000001c3e27ad7e0,
0x000001c3e27ade70, 0x000001c3e27aa9f0, 0x000001c3e27aeb90, 0x000001c3e27af220,
0x000001c3e27ae500, 0x000001c3e27b2010, 0x000001c3e27aff40, 0x000001c3e27b1980,
0x000001c3e27b2d30, 0x000001c3e27b33c0, 0x000001c3e27b3a50, 0x000001c3e27b05d0,
0x000001c3e27b26a0, 0x000001c3e27af8b0, 0x000001c3e27b0c60, 0x000001c3e27b4770,
0x000001c3e27b12f0, 0x000001c3e27b8280, 0x000001c3e27b4e00, 0x000001c3e27b6840,
0x000001c3e27b5b20, 0x000001c3e27b5490, 0x000001c3e27b7560, 0x000001c3e27b40e0,
0x000001c3e27b7bf0, 0x000001c3e27bb070, 0x000001c3e27b8910, 0x000001c3e27b8fa0,
0x000001c3e27bb700, 0x000001c3e27bbd90, 0x000001c3e27b9630, 0x000001c3e27ba350,
0x000001c3e27b6ed0, 0x000001c3e27ba9e0, 0x000001c3e27bd140, 0x000001c3e27bd7d0,
0x000001c3e27bf8a0, 0x000001c3e27beb80, 0x000001c3e27bff30, 0x000001c3e27b61b0,
0x000001c3e27bc420, 0x000001c3e27bcab0, 0x000001c3e27c05c0, 0x000001c3e27be4f0,
0x000001c3e27c0c50, 0x000001c3f275b230, 0x000001c3f2760e10, 0x000001c3e27b9cc0,
0x000001c3e27bf210, 0x000001c3f6bed9e0, 0x000001c3f6bec630, 0x000001c3f6bed350,
0x000001c3f6bea560, 0x000001c3f6bee070, 0x000001c3f6beccc0, 0x000001c3f6beabf0,
0x000001c3f6bebfa0, 0x000001c3f6beb910, 0x000001c3f6bef420, 0x000001c3f6bf0e60,
0x000001c3f6bf14f0, 0x000001c3f6bf2210, 0x000001c3f6bf28a0, 0x000001c3f6bf2f30,
0x000001c3f6bf35c0, 0x000001c3f6befab0, 0x000001c3f6bf07d0, 0x000001c3f6bee700,
0x000001c3f6bf42e0, 0x000001c3f6bf5690, 0x000001c3f6bf6a40, 0x000001c3f6bf70d0,
0x000001c3f6bf5d20, 0x000001c3f6bf3c50, 0x000001c3f6bf4970, 0x000001c3f6bf1b80,
0x000001c3f6bf8480, 0x000001c3f6bf91a0, 0x000001c3f6bf63b0, 0x000001c3f6bfabe0,
0x000001c3f6bf7760, 0x000001c3f6bf7df0, 0x000001c3f6bf9830, 0x000001c3f6bf5000,
0x000001c3f6bfbf90, 0x000001c3f6bfa550, 0x000001c3f6bfb270, 0x000001c3f6bf8b10,
0x000001c3f6bfb900, 0x000001c3f6bfed80, 0x000001c3f6bfd340, 0x000001c3f6bfccb0,
0x000001c3f6bff410, 0x000001c3f6bffaa0, 0x000001c3f6c00130, 0x000001c3f6bfe060,
0x000001c3f6c007c0, 0x000001c3f6bfe6f0, 0x000001c3f6c00e50, 0x000001c3f6c014e0,
0x000001c3f6c02f20, 0x000001c3f6c035b0, 0x000001c3f6c01b70, 0x000001c3f6c02890,
0x000001c3f6c02200, 0x000001c3f6c03c40, 0x000001c3f6c042d0, 0x000001c3f6c063a0,
0x000001c3f6c07de0, 0x000001c3f6c04ff0, 0x000001c3f6c06a30, 0x000001c3f6c070c0,
0x000001c3f6c08b00, 0x000001c3f6c05680, 0x000001c3f6c07750, 0x000001c3f6c05d10,
0x000001c3f6c04960, 0x000001c3f6c09820, 0x000001c3f6c09eb0, 0x000001c3f6c09190,
0x000001c3f6c0b8f0, 0x000001c3f6c0abd0, 0x000001c3f6c0a540, 0x000001c3f6c08470,
0x000001c3f6c0d9c0, 0x000001c3f6bf0140, 0x000001c3f6c0f400, 0x000001c3f6c0bf80,
0x000001c3f6c0e6e0, 0x000001c3f6c0ed70, 0x000001c3f6c0fa90, 0x000001c3f6c0c610,
0x000001c3f6c10120, 0x000001c3f6c107b0, 0x000001c3f6c0d330, 0x000001c3f6c0e050,
0x000001c3f6bd28c0, 0x000001c3f6bd2f50, 0x000001c3f6bd07f0, 0x000001c3f6bd0160,
0x000001c3f6bd35e0, 0x000001c3f6bd3c70, 0x000001c3f6bd2230, 0x000001c3f6bd1510,
0x000001c3f6bd0e80, 0x000001c3f6bd5020, 0x000001c3f6bd4990, 0x000001c3f6bd1ba0,
0x000001c3f6bd56b0, 0x000001c3f6bd6a60, 0x000001c3f6bd8b30, 0x000001c3f6bd70f0,
0x000001c3f6bd7780, 0x000001c3f6bd4300, 0x000001c3f6bd91c0, 0x000001c3f6bdac00,
0x000001c3f6bda570, 0x000001c3f6bd84a0, 0x000001c3f6bdb290, 0x000001c3f6bd9850,
0x000001c3f6bd63d0, 0x000001c3f6bdd360, 0x000001c3f6bdb920, 0x000001c3f6bdbfb0,
0x000001c3f6bdc640, 0x000001c3f6bdccd0, 0x000001c3f6bd9ee0, 0x000001c3f6bde710,
0x000001c3f6bd7e10, 0x000001c3f6bdd9f0, 0x000001c3f6bdeda0, 0x000001c3f6bde080,
0x000001c3f6be2220, 0x000001c3f6bdfac0, 0x000001c3f6be28b0, 0x000001c3f6be07e0,
0x000001c3f6be0150, 0x000001c3f6be1b90, 0x000001c3f6bdf430, 0x000001c3f6be2f40,
0x000001c3f6be35d0, 0x000001c3f6be3c60, 0x000001c3f6be1500, 0x000001c3f6be56a0,
0x000001c3f6be4980, 0x000001c3f6be63c0, 0x000001c3f6be70e0, 0x000001c3f6be7770,
0x000001c3f6be5010, 0x000001c3f6be5d30, 0x000001c3f6be7e00, 0x000001c3f6be9ed0,
0x000001c3f6be91b0, 0x000001c3f6be9840, 0x000001c3f6be8b20, 0x000001c3f6c0b260,
0x000001c3e27c12e0, 0x000001c3e27bde60, 0x000001c3e131a160, 0x000001c3ed6df280,
0x000001c3ed6dffa0, 0x000001c3ed6df910, 0x000001c3ed6e0cc0, 0x000001c3ed6debf0,
0x000001c3ed6e4e60, 0x000001c3ed6e4140, 0x000001c3ed6e19e0, 0x000001c3ed6e54f0,
0x000001c3ed6e47d0, 0x000001c3ed6e3420, 0x000001c3ed6e3ab0, 0x000001c3ed6e1350,
0x000001c3ed6e2070, 0x000001c3ed6e5b80, 0x000001c3ed6e2700, 0x000001c3ed6e9690,
0x000001c3ed6e6210, 0x000001c3ed6e75c0, 0x000001c3ed6e68a0, 0x000001c3ed6e6f30,
0x000001c3ed6e0630, 0x000001c3ed6e9d20, 0x000001c3ed6ea3b0, 0x000001c3ed6eb0d0,
0x000001c3ed6eaa40, 0x000001c3ed6e82e0, 0x000001c3ed6e7c50, 0x000001c3ed6eb760,
0x000001c3ed6e8970, 0x000001c3ed6e2d90, 0x000001c3ed6e9000, 0x000001c3ed6ee550,
0x000001c3ed6ed1a0, 0x000001c3ed6eebe0, 0x000001c3ed6ef270, 0x000001c3ed6ef900,
0x000001c3ed6eff90, 0x000001c3ed6f0cb0, 0x000001c3ed6ec480, 0x000001c3ed6f0620,
0x000001c3ed6ed830, 0x000001c3ed6f1340, 0x000001c3ed6edec0, 0x000001c3ed6f26f0,
0x000001c3ed6f47c0, 0x000001c3ed6f4e50, 0x000001c3ed6f2d80, 0x000001c3ed6ecb10,
0x000001c3ed6f19d0, 0x000001c3ed6f3410, 0x000001c3ed6f3aa0, 0x000001c3ed6f54e0,
0x000001c3ed6f2060, 0x000001c3ed6f5b70, 0x000001c3ed6f75b0, 0x000001c3ed6f6200,
0x000001c3ed6f4130, 0x000001c3ed6f7c40, 0x000001c3ed6f82d0, 0x000001c3ed6f8960,
0x000001c3ed6fa3a0, 0x000001c3ed6f9680, 0x000001c3ed6f9d10, 0x000001c3ed6fb0c0,
0x000001c3ed6f6f20, 0x000001c3ed6fbde0, 0x000001c3ed6faa30, 0x000001c3ed6fc470,
0x000001c3ed6f8ff0, 0x000001c3ed6febd0, 0x000001c3ed6fe540, 0x000001c3ed6fd820,
0x000001c3ed6fdeb0, 0x000001c3ed6fb750, 0x000001c3ed6ff8f0, 0x000001c3ed702050,
0x000001c3ed6fff80, 0x000001c3ed7026e0, 0x000001c3ed701330, 0x000001c3ed7019c0,
0x000001c3ed702d70, 0x000001c3ed703a90, 0x000001c3ed700610, 0x000001c3ed704120,
0x000001c3ed700ca0, 0x000001c3ed7047b0, 0x000001c3ed6c6230, 0x000001c3ed6c5ba0,
0x000001c3ed6c68c0, 0x000001c3ed6c6f50, 0x000001c3ed6c7c70, 0x000001c3ed6c47f0,
0x000001c3ed6c8300, 0x000001c3ed6c4e80, 0x000001c3ed6c8990, 0x000001c3ed6c5510,
0x000001c3ed6cb780, 0x000001c3ed6cc4a0, 0x000001c3ed6ca3d0, 0x000001c3ed6c9d40,
0x000001c3ed6caa60, 0x000001c3ed6c75e0, 0x000001c3ed6cd850, 0x000001c3ed6ccb30,
0x000001c3ed6cd1c0, 0x000001c3ed6ce570, 0x000001c3ed6cdee0, 0x000001c3ed6cb0f0,
0x000001c3ed6d19f0, 0x000001c3ed6d2080, 0x000001c3ed6cec00, 0x000001c3ed6d2710,
0x000001c3ed6d0640, 0x000001c3ed6d2da0, 0x000001c3ed6c9020, 0x000001c3ed6cf290,
0x000001c3ed6d3430, 0x000001c3ed6cffb0, 0x000001c3ed6d3ac0, 0x000001c3ed6d1360,
0x000001c3ed6d4150, 0x000001c3ed6d0cd0, 0x000001c3ed6d5500, 0x000001c3ed6d47e0,
0x000001c3ed6d6220, 0x000001c3ed6d82f0, 0x000001c3ed6d75d0, 0x000001c3ed6d7c60,
0x000001c3ed6d8980, 0x000001c3ed6d6f40, 0x000001c3ed6d5b90, 0x000001c3ed6db770,
0x000001c3ed6dbe00, 0x000001c3ed6da3c0, 0x000001c3ed6dc490, 0x000001c3ed6d96a0,
0x000001c3ed6d9d30, 0x000001c3ed6daa50, 0x000001c3ed6d9010, 0x000001c3ed6db0e0,
0x000001c3ed6dd1b0, 0x000001c3ed6dd840, 0x000001c3ed6dded0, 0x000001c3ed6de560,
0x000001c3e1318db0, 0x000001c3f6be42f0, 0x000001c3ed6ebdf0, 0x000001c3effca070,
0x000001c3effcc7d0, 0x000001c3effca700, 0x000001c3effcad90, 0x000001c3effcce60,
0x000001c3effcd4f0, 0x000001c3effcdb80, 0x000001c3effce210, 0x000001c3effcb420,
0x000001c3effcbab0, 0x000001c3effcf5c0, 0x000001c3effcc140, 0x000001c3effd02e0,
0x000001c3effd1000, 0x000001c3effd1d20, 0x000001c3effd2a40, 0x000001c3effd1690,
0x000001c3effce8a0, 0x000001c3effd30d0, 0x000001c3effd0970, 0x000001c3effcfc50,
0x000001c3effd4480, 0x000001c3effd4b10, 0x000001c3effd5ec0, 0x000001c3effd6550,
0x000001c3effd3760, 0x000001c3effd6be0, 0x000001c3effd3df0, 0x000001c3effd7900,
0x000001c3effd7270, 0x000001c3effd7f90, 0x000001c3effd5830, 0x000001c3effda060,
0x000001c3effd8620, 0x000001c3effdb410, 0x000001c3effdbaa0, 0x000001c3effda6f0,
0x000001c3effd9340, 0x000001c3effdc130, 0x000001c3effdad80, 0x000001c3effdc7c0,
0x000001c3effd99d0, 0x000001c3effd8cb0, 0x000001c3effdce50, 0x000001c3effe0ff0,
0x000001c3effe0960, 0x000001c3effde890, 0x000001c3effddb70, 0x000001c3effe02d0,
0x000001c3effe1680, 0x000001c3effe23a0, 0x000001c3effdef20, 0x000001c3effe1d10,
0x000001c3effe2a30, 0x000001c3effdf5b0, 0x000001c3effe30c0, 0x000001c3effdfc40,
0x000001c3effe3750, 0x000001c3effe4470, 0x000001c3effe6bd0, 0x000001c3effe7260,
0x000001c3effe78f0, 0x000001c3effe7f80, 0x000001c3effe4b00, 0x000001c3effe8610,
0x000001c3effe5190, 0x000001c3effe5820, 0x000001c3effe3de0, 0x000001c3effe9330,
0x000001c3effe5eb0, 0x000001c3effe6540, 0x000001c3effeb400, 0x000001c3effece40,
0x000001c3effea050, 0x000001c3effed4d0, 0x000001c3effec120, 0x000001c3effea6e0,
0x000001c3effead70, 0x000001c3effe8ca0, 0x000001c3effeef10, 0x000001c3effefc30,
0x000001c3effee1f0, 0x000001c3effee880, 0x000001c3effedb60, 0x000001c3effec7b0,
0x000001c3efff02c0, 0x000001c3effef5a0, 0x000001c3efff1670, 0x000001c3efff2390,
0x000001c3efff2a20, 0x000001c3efff30b0, 0x000001c3efff3740, 0x000001c3efff3dd0,
0x000001c3efff4460, 0x000001c3efff0950, 0x000001c3efff4af0, 0x000001c3efff5180,
0x000001c3efff1d00, 0x000001c3efff8600, 0x000001c3efff8c90, 0x000001c3efff6530,
0x000001c3efff78e0, 0x000001c3efff6bc0, 0x000001c3efff0fe0, 0x000001c3efff5810,
0x000001c3efff9320, 0x000001c3efff5ea0, 0x000001c3efff99b0, 0x000001c3efffa040,
0x000001c3efffa6d0, 0x000001c3efff7250, 0x000001c3efffc7a0, 0x000001c3efffad60,
0x000001c3efff7f70, 0x000001c3efffc110, 0x000001c3efffd4c0, 0x000001c3efffba80,
0x000001c3efffdb50, 0x000001c3efffce30, 0x000001c3efffe1e0, 0x000001c3f0001cf0,
0x000001c3f00002b0, 0x000001c3efffe870, 0x000001c3efffef00, 0x000001c3f0002380,
0x000001c3f0002a10, 0x000001c3f0000940, 0x000001c3effff590, 0x000001c3f00030a0,
0x000001c3f0000fd0, 0x000001c3f0003dc0, 0x000001c3f0001660, 0x000001c3f0004ae0,
0x000001c3f0006bb0, 0x000001c3f0005800, 0x000001c3f0007240, 0x000001c3f0006520,
0x000001c3f0005e90, 0x000001c3f0004450, 0x000001c3f0005170, 0x000001c3f00099a0,
0x000001c3f0009310, 0x000001c3f00078d0, 0x000001c3f000a6c0, 0x000001c3f0008c80,
0x000001c3f00085f0, 0x000001c3f0007f60, 0x000001c3effd51a0, 0x000001c3ed6dcb20,
0x000001c3f6be8490, 0x000001c3f416e390, 0x000001c3f4170af0, 0x000001c3f4171810,
0x000001c3f416f740, 0x000001c3f4171ea0, 0x000001c3f4172530, 0x000001c3f416f0b0,
0x000001c3f4172bc0, 0x000001c3f4173250, 0x000001c3f41738e0, 0x000001c3f4170460,
0x000001c3f4173f70, 0x000001c3f416fdd0, 0x000001c3f4174600, 0x000001c3f41759b0,
0x000001c3f4174c90, 0x000001c3f4175320, 0x000001c3f41794c0, 0x000001c3f4176040,
0x000001c3f4179b50, 0x000001c3f41787a0, 0x000001c3f41766d0, 0x000001c3f41773f0,
0x000001c3f4176d60, 0x000001c3f4178e30, 0x000001c3f417a870, 0x000001c3f417af00,
0x000001c3f4177a80, 0x000001c3f417b590, 0x000001c3f417c2b0, 0x000001c3f417c940,
0x000001c3f417ea10, 0x000001c3f417f0a0, 0x000001c3f417bc20, 0x000001c3f4180450,
0x000001c3f417d660, 0x000001c3f417fdc0, 0x000001c3f417cfd0, 0x000001c3f417e380,
0x000001c3f417f730, 0x000001c3f4181170, 0x000001c3f417dcf0, 0x000001c3f4181e90,
0x000001c3f4182bb0, 0x000001c3f41838d0, 0x000001c3f4183f60, 0x000001c3f41845f0,
0x000001c3f4184c80, 0x000001c3f4183240, 0x000001c3f4185310, 0x000001c3f41859a0,
0x000001c3f4182520, 0x000001c3f4186030, 0x000001c3f4186d50, 0x000001c3f4188100,
0x000001c3f41873e0, 0x000001c3f4187a70, 0x000001c3f418a1d0, 0x000001c3f4189b40,
0x000001c3f418a860, 0x000001c3f4188e20, 0x000001c3f418b580, 0x000001c3f418aef0,
0x000001c3f41866c0, 0x000001c3f4188790, 0x000001c3f418c2a0, 0x000001c3f418c930,
0x000001c3f41894b0, 0x000001c3f418ea00, 0x000001c3f418dce0, 0x000001c3f4190440,
0x000001c3f418d650, 0x000001c3f418f090, 0x000001c3f418bc10, 0x000001c3f41917f0,
0x000001c3f4190ad0, 0x000001c3f4191160, 0x000001c3f4192510, 0x000001c3f4191e80,
0x000001c3f4192ba0, 0x000001c3f418f720, 0x000001c3f418e370, 0x000001c3f4193230,
0x000001c3f41938c0, 0x000001c3f4157410, 0x000001c3f4156060, 0x000001c3f4155340,
0x000001c3f4154620, 0x000001c3f4156d80, 0x000001c3f41566f0, 0x000001c3f4153f90,
0x000001c3f4154cb0, 0x000001c3f415a890, 0x000001c3f415af20, 0x000001c3f4157aa0,
0x000001c3f41594e0, 0x000001c3f41587c0, 0x000001c3f41559d0, 0x000001c3f415b5b0,
0x000001c3f415c960, 0x000001c3f415cff0, 0x000001c3f415bc40, 0x000001c3f415c2d0,
0x000001c3f4159b70, 0x000001c3f415a200, 0x000001c3f4158e50, 0x000001c3f4160b00,
0x000001c3f415f0c0, 0x000001c3f415d680, 0x000001c3f415f750, 0x000001c3f4161190,
0x000001c3f415dd10, 0x000001c3f4161820, 0x000001c3f415fde0, 0x000001c3f415ea30,
0x000001c3f41659c0, 0x000001c3f4162bd0, 0x000001c3f4163260, 0x000001c3f4164ca0,
0x000001c3f41638f0, 0x000001c3f4163f80, 0x000001c3f4167400, 0x000001c3f4161eb0,
0x000001c3f4162540, 0x000001c3f41666e0, 0x000001c3f4167a90, 0x000001c3f4168e40,
0x000001c3f4168120, 0x000001c3f41687b0, 0x000001c3f4166050, 0x000001c3f4165330,
0x000001c3f416b5a0, 0x000001c3f416c950, 0x000001c3f41694d0, 0x000001c3f416a1f0,
0x000001c3f416cfe0, 0x000001c3f4169b60, 0x000001c3f416d670, 0x000001c3f416af10,
0x000001c3f416dd00, 0x000001c3f417a1e0, 0x000001c3f418fdb0, 0x000001c3f416a880,
0x000001c3effeba90, 0x000001c3e131c8c0, 0x000001c3f000a030, 0x000001c3e0e42f40,
0x000001c3e0e41b90, 0x000001c3e0e428b0, 0x000001c3e0e41500, 0x000001c3e0e43c60,
0x000001c3e0e442f0, 0x000001c3e0e40e70, 0x000001c3e0e470e0, 0x000001c3e0e45d30,
0x000001c3e0e47e00, 0x000001c3e0e456a0, 0x000001c3e0e44980, 0x000001c3e0e463c0,
0x000001c3e0e46a50, 0x000001c3e0e435d0, 0x000001c3e0e49840, 0x000001c3e0e4a560,
0x000001c3e0e48b20, 0x000001c3e0e48490, 0x000001c3e0e45010, 0x000001c3e0e4b280,
0x000001c3e0e4b910, 0x000001c3e0e4bfa0, 0x000001c3e0e49ed0, 0x000001c3e0e4c630,
0x000001c3e0e491b0, 0x000001c3e0e4d9e0, 0x000001c3e0e4f420, 0x000001c3e0e47770,
0x000001c3e0e4e700, 0x000001c3e0e4ed90, 0x000001c3e0e4fab0, 0x000001c3e0e50140,
0x000001c3e0e507d0, 0x000001c3e0e4d350, 0x000001c3e0e50e60, 0x000001c3e0e4e070,
0x000001c3e0e4ccc0, 0x000001c3e0e52210, 0x000001c3e0e52f30, 0x000001c3e0e54970,
0x000001c3e0e514f0, 0x000001c3e0e535c0, 0x000001c3e0e528a0, 0x000001c3e0e542e0,
0x000001c3e0e57df0, 0x000001c3e0e42220, 0x000001c3e0e55000, 0x000001c3e0e570d0,
0x000001c3e0e55690, 0x000001c3e0e55d20, 0x000001c3e0e56a40, 0x000001c3e0e53c50,
0x000001c3e0e591a0, 0x000001c3e0e59830, 0x000001c3e0e57760, 0x000001c3e0e58480,
0x000001c3e0e58b10, 0x000001c3e0e59ec0, 0x000001c3e0e5a550, 0x000001c3e0e5d9d0,
0x000001c3e0e5e060, 0x000001c3e0e5abe0, 0x000001c3e0e5e6f0, 0x000001c3e0e5b270,
0x000001c3e0e5ed80, 0x000001c3e0e5bf90, 0x000001c3e0e5b900, 0x000001c3e0e5f410,
0x000001c3e0e5faa0, 0x000001c3e0e5ccb0, 0x000001c3e0e5c620, 0x000001c3e0e60e50,
0x000001c3e0e607c0, 0x000001c3e0e5d340, 0x000001c3e0e63c40, 0x000001c3e0e614e0,
0x000001c3e0e642d0, 0x000001c3e0e64960, 0x000001c3e0e64ff0, 0x000001c3e0e635b0,
0x000001c3e0e60130, 0x000001c3e0e65680, 0x000001c3e0e65d10, 0x000001c3e0e62890,
0x000001c3e0e663a0, 0x000001c3e0e62f20, 0x000001c3e0e27e20, 0x000001c3e0e284b0,
0x000001c3e0e62200, 0x000001c3e0e27790, 0x000001c3e0e291d0, 0x000001c3e0e29860,
0x000001c3e0e27100, 0x000001c3e0e29ef0, 0x000001c3e0e26a70, 0x000001c3e0e2d370,
0x000001c3e0e2da00, 0x000001c3e0e2c650, 0x000001c3e0e2cce0, 0x000001c3e0e2b2a0,
0x000001c3e0e2bfc0, 0x000001c3e0e2e090, 0x000001c3e0e2ac10, 0x000001c3e0e2e720,
0x000001c3e0e2b930, 0x000001c3e0e31510, 0x000001c3e0e32230, 0x000001c3e0e30e80,
0x000001c3e0e31ba0, 0x000001c3e0e2edb0, 0x000001c3e0e30160, 0x000001c3e0e328c0,
0x000001c3e0e2f440, 0x000001c3e0e32f50, 0x000001c3e0e2fad0, 0x000001c3e0e33c70,
0x000001c3e0e307f0, 0x000001c3e0e356b0, 0x000001c3e0e34300, 0x000001c3e0e35020,
0x000001c3e0e37e10, 0x000001c3e0e37780, 0x000001c3e0e263e0, 0x000001c3e0e363d0,
0x000001c3e0e335e0, 0x000001c3e0e34990, 0x000001c3e0e370f0, 0x000001c3e0e38b30,
0x000001c3e0e39850, 0x000001c3e0e391c0, 0x000001c3e0e3ac00, 0x000001c3e0e36a60,
0x000001c3e0e3c640, 0x000001c3e0e3b920, 0x000001c3e0e3bfb0, 0x000001c3e0e3ccd0,
0x000001c3e0e3b290, 0x000001c3e0e3d360, 0x000001c3e0e3f430, 0x000001c3e0e3a570,
0x000001c3e0e3e710, 0x000001c3e0e3d9f0, 0x000001c3e0e3e080, 0x000001c3e0e40150,
0x000001c3e0e3fac0, 0x000001c3e0e3eda0, 0x000001c3e0e51b80, 0x000001c3f416c2c0,
0x000001c3e0e39ee0, 0x000001c3f5691340, 0x000001c3f6d2fca0, 0x000001c3f6d316e0,
0x000001c3f6d31d70, 0x000001c3f6d32a90, 0x000001c3f6d32400, 0x000001c3f6d33120,
0x000001c3f6d30330, 0x000001c3f6d337b0, 0x000001c3f6d309c0, 0x000001c3f6d344d0,
0x000001c3f6d37fe0, 0x000001c3f6d351f0, 0x000001c3f6d35f10, 0x000001c3f6d365a0,
0x000001c3f6d35880, 0x000001c3f6d372c0, 0x000001c3f6d31050, 0x000001c3f6d37950,
0x000001c3f6d34b60, 0x000001c3f6d3baf0, 0x000001c3f6d38670, 0x000001c3f6d3c180,
0x000001c3f6d39390, 0x000001c3f6d3a0b0, 0x000001c3f6d39a20, 0x000001c3f6d33e40,
0x000001c3f6d3dbc0, 0x000001c3f6d3a740, 0x000001c3f6d3c810, 0x000001c3f6d3b460,
0x000001c3f6d3e250, 0x000001c3f6d3d530, 0x000001c3f6d3add0, 0x000001c3f6d3cea0,
0x000001c3f6d36c30, 0x000001c3f6d416d0, 0x000001c3f6d41040, 0x000001c3f6d41d60,
0x000001c3f6d40320, 0x000001c3f6d3e8e0, 0x000001c3f6d409b0, 0x000001c3f6d423f0,
0x000001c3f6d437a0, 0x000001c3f6d3ef70, 0x000001c3f6d3f600, 0x000001c3f6d43110,
0x000001c3f6d3fc90, 0x000001c3f6d472b0, 0x000001c3f6d45870, 0x000001c3f6d46c20,
0x000001c3f6d45f00, 0x000001c3f6d43e30, 0x000001c3f6d42a80, 0x000001c3f6d44b50,
0x000001c3f6d46590, 0x000001c3f6d444c0, 0x000001c3f6d49a10, 0x000001c3f6d47fd0,
0x000001c3f6d48660, 0x000001c3f6d49380, 0x000001c3f6d4c170, 0x000001c3f6d4adc0,
0x000001c3f6d4b450, 0x000001c3f6d4c800, 0x000001c3f6d4a730, 0x000001c3f6d4ce90,
0x000001c3f6d4d520, 0x000001c3f6d51030, 0x000001c3f6d4fc80, 0x000001c3f6d4ef60,
0x000001c3f6d4f5f0, 0x000001c3f6d50310, 0x000001c3f6d509a0, 0x000001c3f6d4dbb0,
0x000001c3f6d516c0, 0x000001c3f6d4e8d0, 0x000001c3f6d4e240, 0x000001c3f6d53100,
0x000001c3f6d4bae0, 0x000001c3f6d53790, 0x000001c3f6d523e0, 0x000001c3f6d544b0,
0x000001c3f6d51d50, 0x000001c3f6d53e20, 0x000001c3f6d54b40, 0x000001c3f6d52a70,
0x000001c3f6d172e0, 0x000001c3f6d4a0a0, 0x000001c3f6d55860, 0x000001c3f6d18690,
0x000001c3f6d18000, 0x000001c3f6d16c50, 0x000001c3f6d158a0, 0x000001c3f6d18d20,
0x000001c3f6d193b0, 0x000001c3f6d15f30, 0x000001c3f6d165c0, 0x000001c3f6d1a760,
0x000001c3f6d17970, 0x000001c3f6d1b480, 0x000001c3f6d1dbe0, 0x000001c3f6d1adf0,
0x000001c3f6d1c1a0, 0x000001c3f6d1c830, 0x000001c3f6d1d550, 0x000001c3f6d1a0d0,
0x000001c3f6d1e270, 0x000001c3f6d1f620, 0x000001c3f6d1ef90, 0x000001c3f6d20340,
0x000001c3f6d1fcb0, 0x000001c3f6d209d0, 0x000001c3f6d21060, 0x000001c3f6d1bb10,
0x000001c3f6d23e50, 0x000001c3f6d237c0, 0x000001c3f6d22aa0, 0x000001c3f6d22410,
0x000001c3f6d21d80, 0x000001c3f6d244e0, 0x000001c3f6d24b70, 0x000001c3f6d216f0,
0x000001c3f6d1e900, 0x000001c3f6d26c40, 0x000001c3f6d28680, 0x000001c3f6d25200,
0x000001c3f6d25890, 0x000001c3f6d25f20, 0x000001c3f6d29a30, 0x000001c3f6d272d0,
0x000001c3f6d293a0, 0x000001c3f6d265b0, 0x000001c3f6d28d10, 0x000001c3f6d2a0c0,
0x000001c3f6d27960, 0x000001c3f6d2a750, 0x000001c3f6d2ade0, 0x000001c3f6d2b470,
0x000001c3f6d27ff0, 0x000001c3f6d2ceb0, 0x000001c3f6d23130, 0x000001c3f6d2e8f0,
0x000001c3f6d2ef80, 0x000001c3f6d2d540, 0x000001c3f6d2e260, 0x000001c3f6d2bb00,
0x000001c3f6d2c820, 0x000001c3f6d2c190, 0x000001c3f6d38d00, 0x000001c3f6d48cf0,
0x000001c3f6d551d0, 0x000001c3f6d451e0, 0x000001c3df1b8df0, 0x000001c3df1ba1a0,
0x000001c3df1ba830, 0x000001c3df1bb550, 0x000001c3df1b9480, 0x000001c3df1b80d0,
0x000001c3df1bcf90, 0x000001c3df1b9b10, 0x000001c3df1bf6f0, 0x000001c3df1bd620,
0x000001c3df1be340, 0x000001c3e1318090, 0x000001c3e131d5e0, 0x000001c3e131f020,
0x000001c3e131e300, 0x000001c3e131f6b0, 0x000001c3df1baec0, 0x000001c3df1b8760,
0x000001c3df1be9d0, 0x000001c3f5690cb0, 0x000001c3e2841d20, 0x000001c3e283e8a0,
0x000001c3f6d1cec0, 0x000001c3e131e990, 0x000001c3efc622e0, 0x000001c3efc5ee60,
0x000001c3e0e384a0, 0x000001c3e2840970, 0x000001c3f6d2dbd0, 0x000001c3f416bc30,
0x000001c3e05c7e80, 0x000001c3e05c77f0, 0x000001c3e05c5090, 0x000001c3e05c5720,
0x000001c3e05c7160, 0x000001c3e05c8510, 0x000001c3e05c8ba0, 0x000001c3e05c9230,
0x000001c3e05c5db0, 0x000001c3e05cac70, 0x000001c3e05c4a00, 0x000001c3e05c6440,
0x000001c3e05cd3d0, 0x000001c3e05cc020, 0x000001c3e05cb300, 0x000001c3e05ca5e0,
0x000001c3e05c9f50, 0x000001c3e05cb990, 0x000001c3e05cda60, 0x000001c3e05ccd40,
0x000001c3e05ce780, 0x000001c3e05cee10, 0x000001c3e05cf4a0, 0x000001c3e05cfb30,
0x000001c3e05cc6b0, 0x000001c3e05d01c0, 0x000001c3e0592ff0, 0x000001c3e05d0850,
0x000001c3e0590f20, 0x000001c3e0593680, 0x000001c3e0592960, 0x000001c3e0590200,
0x000001c3e0590890, 0x000001c3e0593d10, 0x000001c3e05943a0, 0x000001c3e0591c40,
0x000001c3e05ce0f0, 0x000001c3e05922d0, 0x000001c3e05915b0, 0x000001c3e0595750,
0x000001c3e0597190, 0x000001c3e0597820, 0x000001c3e0596b00, 0x000001c3e0595de0,
0x000001c3e05950c0, 0x000001c3e0598bd0, 0x000001c3e0599260, 0x000001c3e05998f0,
0x000001c3e0596470, 0x000001c3e059b9c0, 0x000001c3e059b330, 0x000001c3e059c6e0,
0x000001c3e0599f80, 0x000001c3e0598540, 0x000001c3e059cd70, 0x000001c3e059d400,
0x000001c3e059a610, 0x000001c3e05a01f0, 0x000001c3e059e120, 0x000001c3e05a0f10,
0x000001c3e059e7b0, 0x000001c3e059ee40, 0x000001c3e059fb60, 0x000001c3e05a0880,
0x000001c3e05a15a0, 0x000001c3e05a22c0, 0x000001c3e05a1c30, 0x000001c3e05a2950,
0x000001c3e05a5740, 0x000001c3e059f4d0, 0x000001c3e05a6460, 0x000001c3e05a3670,
0x000001c3e05a4a20, 0x000001c3e05a2fe0, 0x000001c3e05a50b0, 0x000001c3e05a6af0,
0x000001c3e05a3d00, 0x000001c3e05a7810, 0x000001c3e05a4390, 0x000001c3e05a9250,
0x000001c3e05a8bc0, 0x000001c3e05a7ea0, 0x000001c3e05a8530, 0x000001c3e05a98e0,
0x000001c3e05ab320, 0x000001c3e05aa600, 0x000001c3e05ac040, 0x000001c3e05ac6d0,
0x000001c3e05acd60, 0x000001c3e05ad3f0, 0x000001c3e05ae110, 0x000001c3e05aac90,
0x000001c3e05ae7a0, 0x000001c3e05b0870, 0x000001c3e05ab9b0, 0x000001c3e05b1590,
0x000001c3e05b0f00, 0x000001c3e05b1c20, 0x000001c3e05b22b0, 0x000001c3e05b2940,
0x000001c3e05af4c0, 0x000001c3e05afb50, 0x000001c3e05b01e0, 0x000001c3e05b50a0,
0x000001c3e05b4a10, 0x000001c3e05b4380, 0x000001c3e05b5730, 0x000001c3e05b6450,
0x000001c3e05b2fd0, 0x000001c3e05b6ae0, 0x000001c3e05b3cf0, 0x000001c3e05b5dc0,
0x000001c3e05b3660, 0x000001c3e05b98d0, 0x000001c3e05ba5f0, 0x000001c3e05b9f60,
0x000001c3e05b7170, 0x000001c3e05b9240, 0x000001c3e05bac80, 0x000001c3e05b7800,
0x000001c3e05bb9a0, 0x000001c3e05b8520, 0x000001c3e05bc030, 0x000001c3e05b8bb0,
0x000001c3e05bee20, 0x000001c3e05bda70, 0x000001c3e05bc6c0, 0x000001c3e05be100,
0x000001c3e05bcd50, 0x000001c3e05c1c10, 0x000001c3e05bfb40, 0x000001c3e05bf4b0,
0x000001c3e05c0860, 0x000001c3e05be790, 0x000001c3e05c0ef0, 0x000001c3e05c1580,
0x000001c3e05c01d0, 0x000001c3e05c22a0, 0x000001c3e05c2930, 0x000001c3e05c2fc0,
0x000001c3e05c3650, 0x000001c3e05c3ce0, 0x000001c3e05c4370, 0x000001c3e0594a30,
0x000001c3e05a7180, 0x000001c3e05bb310, 0x000001c3e05c6ad0, 0x000001c3f568f270,
0x000001c3e16acfb0, 0x000001c3e16ab570, 0x000001c3e16adcd0, 0x000001c3e16ad640,
0x000001c3e16af080, 0x000001c3e16ae9f0, 0x000001c3e16abc00, 0x000001c3e16afda0,
0x000001c3e16b1e70, 0x000001c3e16b0ac0, 0x000001c3e16b0430, 0x000001c3e16b1150,
0x000001c3e16b2500, 0x000001c3e16b2b90, 0x000001c3e16af710, 0x000001c3e16b45d0,
0x000001c3e16b5980, 0x000001c3e16b52f0, 0x000001c3e16b3220, 0x000001c3e16b66a0,
0x000001c3e16b6d30, 0x000001c3e16ae360, 0x000001c3e16b38b0, 0x000001c3e16b73c0,
0x000001c3e16b4c60, 0x000001c3e16b3f40, 0x000001c3e16b8770, 0x000001c3e16b9490,
0x000001c3e16b8e00, 0x000001c3e16b7a50, 0x000001c3e16b6010, 0x000001c3e16b9b20,
0x000001c3e16bbbf0, 0x000001c3e16bc280, 0x000001c3e16bd630, 0x000001c3e16bb560,
0x000001c3e16bc910, 0x000001c3e16ba1b0, 0x000001c3e16ba840, 0x000001c3e16b17e0,
0x000001c3e16b80e0, 0x000001c3e16be350, 0x000001c3e16baed0, 0x000001c3e16bfd90,
0x000001c3e16c1140, 0x000001c3e16c0420, 0x000001c3e16c17d0, 0x000001c3e16bf070,
0x000001c3e16be9e0, 0x000001c3e16c24f0, 0x000001c3e16c2b80, 0x000001c3e16c0ab0,
0x000001c3e16c1e60, 0x000001c3e16bf700, 0x000001c3e16c3210, 0x000001c3e16c45c0,
0x000001c3e16c4c50, 0x000001c3e16bcfa0, 0x000001c3e16c52e0, 0x000001c3e16c38a0,
0x000001c3e16c6d20, 0x000001c3e16c6000, 0x000001c3e16c5970, 0x000001c3e16c7a40,
0x000001c3e16c8df0, 0x000001c3e16c9480, 0x000001c3e16c80d0, 0x000001c3e16c8760,
0x000001c3e16c6690, 0x000001c3e16cbbe0, 0x000001c3e16cb550, 0x000001c3e16caec0,
0x000001c3e16cc270, 0x000001c3e16ca1a0, 0x000001c3e16ccf90, 0x000001c3e16c73b0,
0x000001c3e16cc900, 0x000001c3e16ca830, 0x000001c3e16d0410, 0x000001c3e16cdcb0,
0x000001c3e16ce340, 0x000001c3e16cd620, 0x000001c3e16cf060, 0x000001c3e16bdcc0,
0x000001c3e16d1130, 0x000001c3e16ce9d0, 0x000001c3e16cfd80, 0x000001c3e16cf6f0,
0x000001c3e16d17c0, 0x000001c3e1693240, 0x000001c3e1693f60, 0x000001c3e1692bb0,
0x000001c3e16945f0, 0x000001c3e1694c80, 0x000001c3e1691800, 0x000001c3e1695310,
0x000001c3e1691e90, 0x000001c3e1697a70, 0x000001c3e1698100, 0x000001c3e16959a0,
0x000001c3e16966c0, 0x000001c3e16994b0, 0x000001c3e1696d50, 0x000001c3e1698790,
0x000001c3e1696030, 0x000001c3e169a1d0, 0x000001c3e16973e0, 0x000001c3e169aef0,
0x000001c3e169c930, 0x000001c3e1692520, 0x000001c3e169bc10, 0x000001c3e169c2a0,
0x000001c3e1699b40, 0x000001c3e169a860, 0x000001c3e1698e20, 0x000001c3e169f720,
0x000001c3e169ea00, 0x000001c3e169cfc0, 0x000001c3e169e370, 0x000001c3e169b580,
0x000001c3e169f090, 0x000001c3e16a1e80, 0x000001c3e16a17f0, 0x000001c3e169fdb0,
0x000001c3e16a0440, 0x000001c3e16a5990, 0x000001c3e169dce0, 0x000001c3e16a2510,
0x000001c3e16a66b0, 0x000001c3e16a38c0, 0x000001c3e16a3f50, 0x000001c3e16a45e0,
0x000001c3e16a6020, 0x000001c3e16a3230, 0x000001c3e16a0ad0, 0x000001c3e16938d0,
0x000001c3e16a73d0, 0x000001c3e16a4c70, 0x000001c3e16a7a60, 0x000001c3e16a8780,
0x000001c3e16a5300, 0x000001c3e16a8e10, 0x000001c3e16aa1c0, 0x000001c3e16aa850,
0x000001c3e16a9b30, 0x000001c3e16a80f0, 0x000001c3e16a6d40, 0x000001c3e16c9b10,
0x000001c3e16d0aa0, 0x000001c3e131cf50, 0x000001c3e05bd3e0, 0x000001c3f40fee90,
0x000001c3f40fc0a0, 0x000001c3f40fe170, 0x000001c3f40fd450, 0x000001c3f40fe800,
0x000001c3f40fc730, 0x000001c3f41008d0, 0x000001c3f40ff520, 0x000001c3f4100240,
0x000001c3f4104a70, 0x000001c3f40ffbb0, 0x000001c3f41043e0, 0x000001c3f4100f60,
0x000001c3f4103d50, 0x000001c3f41036c0, 0x000001c3f4105100, 0x000001c3f41015f0,
0x000001c3f4101c80, 0x000001c3f4102310, 0x000001c3f40fdae0, 0x000001c3f41029a0,
0x000001c3f41064b0, 0x000001c3f4103030, 0x000001c3f4106b40, 0x000001c3f4105790,
0x000001c3f41071d0, 0x000001c3f4107860, 0x000001c3f40ca000, 0x000001c3f40fcdc0,
0x000001c3f40c85c0, 0x000001c3f40ca690, 0x000001c3f40c92e0, 0x000001c3f40c8c50,
0x000001c3f40c9970, 0x000001c3f40c78a0, 0x000001c3f40cba40, 0x000001c3f40cc0d0,
0x000001c3f40cad20, 0x000001c3f40ce830, 0x000001c3f40ceec0, 0x000001c3f40cfbe0,
0x000001c3f40cc760, 0x000001c3f40ccdf0, 0x000001c3f40d0270, 0x000001c3f40d0900,
0x000001c3f40cd480, 0x000001c3f40d1620, 0x000001c3f40ce1a0, 0x000001c3f40d1cb0,
0x000001c3f40d2340, 0x000001c3f40d36f0, 0x000001c3f40d29d0, 0x000001c3f40cf550,
0x000001c3f40d3d80, 0x000001c3f40d4aa0, 0x000001c3f40d64e0, 0x000001c3f40d5130,
0x000001c3f40d57c0, 0x000001c3f40d5e50, 0x000001c3f40d3060, 0x000001c3f40d85b0,
0x000001c3f40d6b70, 0x000001c3f40d92d0, 0x000001c3f40d0f90, 0x000001c3f40dad10,
0x000001c3f40d8c40, 0x000001c3f40d9960, 0x000001c3f40d7890, 0x000001c3f40dd470,
0x000001c3f40db3a0, 0x000001c3f40ddb00, 0x000001c3f40da680, 0x000001c3f40d7200,
0x000001c3f40de190, 0x000001c3f40dba30, 0x000001c3f40de820, 0x000001c3f40dcde0,
0x000001c3f40e1610, 0x000001c3f40dc0c0, 0x000001c3f40dfbd0, 0x000001c3f40dc750,
0x000001c3f40e0260, 0x000001c3f40e0f80, 0x000001c3f40e08f0, 0x000001c3f40e1ca0,
0x000001c3f40e36e0, 0x000001c3f40df540, 0x000001c3f40e4a90, 0x000001c3f40e5120,
0x000001c3f40e4400, 0x000001c3f40e57b0, 0x000001c3f40e29c0, 0x000001c3f40e64d0,
0x000001c3f40e3050, 0x000001c3f40e71f0, 0x000001c3f40e9950, 0x000001c3f40e6b60,
0x000001c3f40e3d70, 0x000001c3f40e9fe0, 0x000001c3f40ead00, 0x000001c3f40e7880,
0x000001c3f40e7f10, 0x000001c3f40eb390, 0x000001c3f40e8c30, 0x000001c3f40e92c0,
0x000001c3f40e5e40, 0x000001c3f40ec740, 0x000001c3f40ed460, 0x000001c3f40ecdd0,
0x000001c3f40eba20, 0x000001c3f40edaf0, 0x000001c3f40ee810, 0x000001c3f40e85a0,
0x000001c3f40ea670, 0x000001c3f40eeea0, 0x000001c3f40ee180, 0x000001c3f40f0f70,
0x000001c3f40f2320, 0x000001c3f40ef530, 0x000001c3f40f3040, 0x000001c3f40f29b0,
0x000001c3f40f08e0, 0x000001c3f40f36d0, 0x000001c3f40f0250, 0x000001c3f40f3d60,
0x000001c3f40f43f0, 0x000001c3f40f1600, 0x000001c3f40f4a80, 0x000001c3f40f5110,
0x000001c3f40f8590, 0x000001c3f40f7f00, 0x000001c3f40efbc0, 0x000001c3f40f8c20,
0x000001c3f40f57a0, 0x000001c3f40f92b0, 0x000001c3f40f5e30, 0x000001c3f40f64c0,
0x000001c3f40f9940, 0x000001c3f40fa660, 0x000001c3f40f6b50, 0x000001c3f40f71e0,
0x000001c3f40facf0, 0x000001c3f40f7870, 0x000001c3f40fb380, 0x000001c3f40fba10,
0x000001c3f4105e20, 0x000001c3e1318720, 0x000001c3f40f1c90, 0x000001c3f40d7f20,
0x000001c3e16aaee0, 0x000001c3e131dc70, 0x000001c3ec994490, 0x000001c3ec993e00,
0x000001c3ec9951b0, 0x000001c3ec994b20, 0x000001c3ec991d30, 0x000001c3ec995840,
0x000001c3ec9923c0, 0x000001c3ec992a50, 0x000001c3ec995ed0, 0x000001c3ec996560,
0x000001c3ec9930e0, 0x000001c3ec99a070, 0x000001c3ec997280, 0x000001c3ec997fa0,
0x000001c3ec993770, 0x000001c3ec999350, 0x000001c3ec9999e0, 0x000001c3ec99a700,
0x000001c3ec997910, 0x000001c3ec99b420, 0x000001c3ec99bab0, 0x000001c3ec99db80,
0x000001c3ec998630, 0x000001c3ec998cc0, 0x000001c3ec99c7d0, 0x000001c3ec99e210,
0x000001c3ec9a02e0, 0x000001c3ec99e8a0, 0x000001c3ec99ef30, 0x000001c3ec99fc50,
0x000001c3ec99ce60, 0x000001c3ec9a0970, 0x000001c3ec9a2a40, 0x000001c3ec99d4f0,
0x000001c3ec9a23b0, 0x000001c3ec9a4480, 0x000001c3ec9a4b10, 0x000001c3ec9a30d0,
0x000001c3ec9a3df0, 0x000001c3ec99c140, 0x000001c3ec99ad90, 0x000001c3ec9a51a0,
0x000001c3ec9a1d20, 0x000001c3ec9a6be0, 0x000001c3ec9a7270, 0x000001c3ec9a7900,
0x000001c3ec9a8620, 0x000001c3ec9a8cb0, 0x000001c3ec9a1690, 0x000001c3ec9a5ec0,
0x000001c3ec9a6550, 0x000001c3ec9a99d0, 0x000001c3ec9abaa0, 0x000001c3ec9a9340,
0x000001c3ec9aa6f0, 0x000001c3ec9aad80, 0x000001c3ec9a7f90, 0x000001c3ec9ac7c0,
0x000001c3ec9ae200, 0x000001c3ec9ace50, 0x000001c3ec9adb70, 0x000001c3ec9ae890,
0x000001c3ec9ad4e0, 0x000001c3ec9af5b0, 0x000001c3ec9a5830, 0x000001c3ec9b1d10,
0x000001c3ec9b23a0, 0x000001c3ec9b0ff0, 0x000001c3ec9b2a30, 0x000001c3ec9b30c0,
0x000001c3ec9b0960, 0x000001c3ec9afc40, 0x000001c3ec9b02d0, 0x000001c3ec9ac130,
0x000001c3ec9b3de0, 0x000001c3ec9b4470, 0x000001c3ec9b4b00, 0x000001c3ec9b1680,
0x000001c3ec9b7260, 0x000001c3ec9b5eb0, 0x000001c3ec9b6540, 0x000001c3ec9b5820,
0x000001c3ec979370, 0x000001c3ec97a720, 0x000001c3ec979a00, 0x000001c3ec97a090,
0x000001c3ec97adb0, 0x000001c3ec97b440, 0x000001c3ec978650, 0x000001c3ec97c160,
0x000001c3ec9aef20, 0x000001c3ec9b78f0, 0x000001c3ec9b5190, 0x000001c3ec977930,
0x000001c3ec977fc0, 0x000001c3ec97c7f0, 0x000001c3ec97ce80, 0x000001c3ec97e8c0,
0x000001c3ec97dba0, 0x000001c3ec97ef50, 0x000001c3ec97bad0, 0x000001c3ec980300,
0x000001c3ec981d40, 0x000001c3ec97fc70, 0x000001c3ec97f5e0, 0x000001c3ec9816b0,
0x000001c3ec981020, 0x000001c3ec9851c0, 0x000001c3ec980990, 0x000001c3ec9823d0,
0x000001c3ec984b30, 0x000001c3ec982a60, 0x000001c3ec983780, 0x000001c3ec983e10,
0x000001c3ec986570, 0x000001c3ec985850, 0x000001c3ec9830f0, 0x000001c3ec987290,
0x000001c3ec986c00, 0x000001c3ec987920, 0x000001c3ec9844a0, 0x000001c3ec9899f0,
0x000001c3ec988640, 0x000001c3ec987fb0, 0x000001c3ec988cd0, 0x000001c3ec98bac0,
0x000001c3ec98c150, 0x000001c3ec98ada0, 0x000001c3ec98c7e0, 0x000001c3ec989360,
0x000001c3ec98b430, 0x000001c3ec98d500, 0x000001c3ec98db90, 0x000001c3ec98ce70,
0x000001c3ec98a710, 0x000001c3ec98f5d0, 0x000001c3ec9902f0, 0x000001c3ec98fc60,
0x000001c3ec990980, 0x000001c3ec9916a0, 0x000001c3ec98e8b0, 0x000001c3ec98a080,
0x000001c3ec991010, 0x000001c3ec98ef40, 0x000001c3ec9b3750, 0x000001c3f40ec0b0,
0x000001c3e16a94a0, 0x000001c3f0a9c360, 0x000001c3f0a9d080, 0x000001c3f0a9d710,
0x000001c3f0a9e430, 0x000001c3f0a9afb0, 0x000001c3f0a9eac0, 0x000001c3f0a9b640,
0x000001c3f0a9f150, 0x000001c3f0a9bcd0, 0x000001c3f0aa0b90, 0x000001c3f0aa2c60,
0x000001c3f0a9dda0, 0x000001c3f0a9fe70, 0x000001c3f0a9c9f0, 0x000001c3f0aa3980,
0x000001c3f0aa0500, 0x000001c3f0aa4010, 0x000001c3f0aa46a0, 0x000001c3f0aa1220,
0x000001c3f0aa18b0, 0x000001c3f0aa53c0, 0x000001c3f0aa4d30, 0x000001c3f0aa5a50,
0x000001c3f0aa25d0, 0x000001c3f0aa60e0, 0x000001c3f0aa6770, 0x000001c3f0a681f0,
0x000001c3f0a695a0, 0x000001c3f0a6a2c0, 0x000001c3f0a67b60, 0x000001c3f0a69c30,
0x000001c3f0a674d0, 0x000001c3f0a68880, 0x000001c3f0a68f10, 0x000001c3f0a66e40,
0x000001c3f0a6b670, 0x000001c3f0a6bd00, 0x000001c3f0a6afe0, 0x000001c3f0a6ddd0,
0x000001c3f0a6c390, 0x000001c3f0a6ca20, 0x000001c3f0a6e460, 0x000001c3f0a6d0b0,
0x000001c3f0a6eaf0, 0x000001c3f0a70bc0, 0x000001c3f0a718e0, 0x000001c3f0a71250,
0x000001c3f0a70530, 0x000001c3f0a71f70, 0x000001c3f0a72600, 0x000001c3f0a6f180,
0x000001c3f0a72c90, 0x000001c3f0a73320, 0x000001c3f0a6f810, 0x000001c3f0a739b0,
0x000001c3f0a76110, 0x000001c3f0a74d60, 0x000001c3f0a753f0, 0x000001c3f0a75a80,
0x000001c3f0a746d0, 0x000001c3f0a78870, 0x000001c3f0a767a0, 0x000001c3f0a6fea0,
0x000001c3f0a74040, 0x000001c3f0a77b50, 0x000001c3f0a781e0, 0x000001c3f0a78f00,
0x000001c3f0a79590, 0x000001c3f0a79c20, 0x000001c3f0a76e30, 0x000001c3f0a7a2b0,
0x000001c3f0a667b0, 0x000001c3f0a774c0, 0x000001c3f0a7ddc0, 0x000001c3f0a7d730,
0x000001c3f0a7d0a0, 0x000001c3f0a7c380, 0x000001c3f0a7ca10, 0x000001c3f0a7afd0,
0x000001c3f0a7e450, 0x000001c3f0a7b660, 0x000001c3f0a7f170, 0x000001c3f0a7bcf0,
0x000001c3f0a7f800, 0x000001c3f0a7fe90, 0x000001c3f0a80520, 0x000001c3f0a80bb0,
0x000001c3f0a846c0, 0x000001c3f0a81f60, 0x000001c3f0a839a0, 0x000001c3f0a825f0,
0x000001c3f0a82c80, 0x000001c3f0a84030, 0x000001c3f0a81240, 0x000001c3f0a84d50,
0x000001c3f0a86790, 0x000001c3f0a818d0, 0x000001c3f0a83310, 0x000001c3f0a86e20,
0x000001c3f0a853e0, 0x000001c3f0a8a2a0, 0x000001c3f0a874b0, 0x000001c3f0a87b40,
0x000001c3f0a8b650, 0x000001c3f0a881d0, 0x000001c3f0a8a930, 0x000001c3f0a8afc0,
0x000001c3f0a8bce0, 0x000001c3f0a8c370, 0x000001c3f0a89c10, 0x000001c3f0a88ef0,
0x000001c3f0a89580, 0x000001c3f0a8d720, 0x000001c3f0a86100, 0x000001c3f0a8e440,
0x000001c3f0a8ca00, 0x000001c3f0a8ead0, 0x000001c3f0a8fe80, 0x000001c3f0a8f160,
0x000001c3f0a8f7f0, 0x000001c3f0a90510, 0x000001c3f0a918c0, 0x000001c3f0a8d090,
0x000001c3f0a925e0, 0x000001c3f0a94020, 0x000001c3f0a91f50, 0x000001c3f0a93300,
0x000001c3f0a90ba0, 0x000001c3f0a946b0, 0x000001c3f0a91230, 0x000001c3f0a95a60,
0x000001c3f0a93990, 0x000001c3f0a953d0, 0x000001c3f0a92c70, 0x000001c3f0a98ee0,
0x000001c3f0a99c00, 0x000001c3f0a96780, 0x000001c3f0a9a290, 0x000001c3f0a96e10,
0x000001c3f0a974a0, 0x000001c3f0a981c0, 0x000001c3f0a99570, 0x000001c3f0a9a920,
0x000001c3ec98e220, 0x000001c3ec9aa060, 0x000001c3f0aa1f40, 0x000001c3f0a98850,
0x000001c3e131a7f0, 0x000001c3f0a960f0, 0x000001c3f0a97b30, 0x000001c3e0350cc0,
0x000001c3ef2088a0, 0x000001c3f7872d50, 0x000001c3e2ea2120, 0x000001c3e2a35e80,
0x000001c3e2a36510, 0x000001c3e2a33db0, 0x000001c3e2a34440, 0x000001c3e2a36ba0,
0x000001c3e2a37f50, 0x000001c3e2a385e0, 0x000001c3e2a35160, 0x000001c3e2a357f0,
0x000001c3e2a39990, 0x000001c3e2a3ad40, 0x000001c3e2a3b3d0, 0x000001c3e2a3ba60,
0x000001c3e2a38c70, 0x000001c3e2a3c0f0, 0x000001c3e2a39300, 0x000001c3e2a3c780,
0x000001c3e2a3eee0, 0x000001c3e2a3db30, 0x000001c3e2a3f570, 0x000001c3e2a3fc00,
0x000001c3e2a40290, 0x000001c3e2a3e1c0, 0x000001c3e2a3ce10, 0x000001c3e2a3d4a0,
0x000001c3e2a40920, 0x000001c3e2a43da0, 0x000001c3e2a41640, 0x000001c3e2a41cd0,
0x000001c3e2a42360, 0x000001c3e2a3e850, 0x000001c3e2a44ac0, 0x000001c3e2a45150,
0x000001c3e2a429f0, 0x000001c3e2a457e0, 0x000001c3e2a44430, 0x000001c3e2a43080,
0x000001c3e2a45e70, 0x000001c3e2a43710, 0x000001c3e2a48c60, 0x000001c3e2a49980,
0x000001c3e2a46500, 0x000001c3e2a3a020, 0x000001c3e2a40fb0, 0x000001c3e2a492f0,
0x000001c3e2a46b90, 0x000001c3e2a4a6a0, 0x000001c3e2a47220, 0x000001c3e2a4ad30,
0x000001c3e2a478b0, 0x000001c3e2a47f40, 0x000001c3e2a4b3c0, 0x000001c3e2a4d490,
0x000001c3e2a4db20, 0x000001c3e2a4c0e0, 0x000001c3e2a4ba50, 0x000001c3e2a4c770,
0x000001c3e2a4e1b0, 0x000001c3e2a4fbf0, 0x000001c3e2a4ce00, 0x000001c3e2a50fa0,
0x000001c3e2a51630, 0x000001c3e2a51cc0, 0x000001c3e2a4f560, 0x000001c3e2a4e840,
0x000001c3e2a53700, 0x000001c3e2a50280, 0x000001c3e2a54ab0, 0x000001c3e2a52350,
0x000001c3e2a50910, 0x000001c3e2a55140, 0x000001c3e2a53d90, 0x000001c3e2a54420,
0x000001c3e2a55e60, 0x000001c3e2a557d0, 0x000001c3e2a564f0, 0x000001c3e2a58c50,
0x000001c3e2a53070, 0x000001c3e2a56b80, 0x000001c3e2a585c0, 0x000001c3e2a592e0,
0x000001c3e2a59970, 0x000001c3e2a57210, 0x000001c3e2a1c110, 0x000001c3e2a1ba80,
0x000001c3e2a578a0, 0x000001c3e2a1c7a0, 0x000001c3e2a1b3f0, 0x000001c3e2a1a6d0,
0x000001c3e2a1ce30, 0x000001c3e2a199b0, 0x000001c3e2a1d4c0, 0x000001c3e2a1a040,
0x000001c3e2a20fd0, 0x000001c3e2a1db50, 0x000001c3e2a1ad60, 0x000001c3e2a202b0,
0x000001c3e2a20940, 0x000001c3e2a21cf0, 0x000001c3e2a1e870, 0x000001c3e2a22380,
0x000001c3e2a1fc20, 0x000001c3e2a1e1e0, 0x000001c3e2a1f590, 0x000001c3e2a1ef00,
0x000001c3e2a23730, 0x000001c3e2a24ae0, 0x000001c3e2a25170, 0x000001c3e2a25e90,
0x000001c3e2a25800, 0x000001c3e2a24450, 0x000001c3e2a22a10, 0x000001c3e2a26520,
0x000001c3e2a230a0, 0x000001c3e2a29310, 0x000001c3e2a278d0, 0x000001c3e2a2a030,
0x000001c3e2a299a0, 0x000001c3e2a27240, 0x000001c3e2a26bb0, 0x000001c3e2a28c80,
0x000001c3e2a27f60, 0x000001c3e2a2ad50, 0x000001c3e2a2b3e0, 0x000001c3e2a2ba70,
0x000001c3e2a285f0, 0x000001c3e2a2c100, 0x000001c3e2a2eef0, 0x000001c3e2a21660,
0x000001c3e2a2fc10, 0x000001c3e2a2ce20, 0x000001c3e2a2c790, 0x000001c3e2a2e1d0,
0x000001c3e2a31650, 0x000001c3e2a2d4b0, 0x000001c3e2a2f580, 0x000001c3e2a30930,
0x000001c3e2a23dc0, 0x000001c3e2a2e860, 0x000001c3e2a30fc0, 0x000001c3e2a2db40,
0x000001c3e2a31ce0, 0x000001c3e2a32370, 0x000001c3e2a33090, 0x000001c3e2a4a010,
0x000001c3e2a4eed0, 0x000001c3e2a33720, 0x000001c3f0a7a940, 0x000001c3e03554f0,
0x000001c3dfcc8030, 0x000001c3e2a302a0, 0x000001c3f528b160, 0x000001c3f528b7f0,
0x000001c3f528cba0, 0x000001c3f528be80, 0x000001c3f528f300, 0x000001c3f528df50,
0x000001c3f528e5e0, 0x000001c3f528f990, 0x000001c3f528d230, 0x000001c3f52906b0,
0x000001c3f5290020, 0x000001c3f528d8c0, 0x000001c3f5291a60, 0x000001c3f52920f0,
0x000001c3f528ec70, 0x000001c3f5290d40, 0x000001c3f5294ee0, 0x000001c3f52941c0,
0x000001c3f5293b30, 0x000001c3f5294850, 0x000001c3f5295c00, 0x000001c3f5295570,
0x000001c3f528c510, 0x000001c3f5292780, 0x000001c3f52913d0, 0x000001c3f5297640,
0x000001c3f5297cd0, 0x000001c3f5298360, 0x000001c3f5296fb0, 0x000001c3f5299080,
0x000001c3f5299710, 0x000001c3f52934a0, 0x000001c3f529be70, 0x000001c3f5299da0,
0x000001c3f52989f0, 0x000001c3f529c500, 0x000001c3f529cb90, 0x000001c3f529b7e0,
0x000001c3f529d8b0, 0x000001c3f529a430, 0x000001c3f529df40, 0x000001c3f529aac0,
0x000001c3f529e5d0, 0x000001c3f529b150, 0x000001c3f52a0d30, 0x000001c3f529ec60,
0x000001c3f529f2f0, 0x000001c3f529d220, 0x000001c3f52a2e00, 0x000001c3f52a0010,
0x000001c3f529f980, 0x000001c3f52a3b20, 0x000001c3f52a3490, 0x000001c3f52a13c0,
0x000001c3f52a1a50, 0x000001c3f52a41b0, 0x000001c3f52a4840, 0x000001c3f52a06a0,
0x000001c3f52a4ed0, 0x000001c3f52a20e0, 0x000001c3f52a7630, 0x000001c3f52a89e0,
0x000001c3f52a8350, 0x000001c3f52a7cc0, 0x000001c3f52a9070, 0x000001c3f52a9700,
0x000001c3f52a6280, 0x000001c3f52a6fa0, 0x000001c3f52a9d90, 0x000001c3f52a6910,
0x000001c3f52aaab0, 0x000001c3f52acb80, 0x000001c3f52ad8a0, 0x000001c3f52a5560,
0x000001c3f52ab140, 0x000001c3f52ae5c0, 0x000001c3f52ad210, 0x000001c3f52a5bf0,
0x000001c3f52abe60, 0x000001c3f52aa420, 0x000001c3f52ab7d0, 0x000001c3f52af2e0,
0x000001c3f52af970, 0x000001c3f52ac4f0, 0x000001c3f52adf30, 0x000001c3f52b0690,
0x000001c3f5270d60, 0x000001c3f5274870, 0x000001c3f5273b50, 0x000001c3f5272110,
0x000001c3f52713f0, 0x000001c3f52734c0, 0x000001c3f5271a80, 0x000001c3f52762b0,
0x000001c3f5276fd0, 0x000001c3f5275590, 0x000001c3f5275c20, 0x000001c3f5277660,
0x000001c3f52741e0, 0x000001c3f5277cf0, 0x000001c3f52727a0, 0x000001c3f52790a0,
0x000001c3f527a450, 0x000001c3f527b170, 0x000001c3f527aae0, 0x000001c3f5279730,
0x000001c3f5279dc0, 0x000001c3f5278a10, 0x000001c3f5276940, 0x000001c3f527b800,
0x000001c3f5278380, 0x000001c3f527e5f0, 0x000001c3f527c520, 0x000001c3f527cbb0,
0x000001c3f527d240, 0x000001c3f527df60, 0x000001c3f527f310, 0x000001c3f527be90,
0x000001c3f5280030, 0x000001c3f5282100, 0x000001c3f52806c0, 0x000001c3f5280d50,
0x000001c3f52813e0, 0x000001c3f5281a70, 0x000001c3f527f9a0, 0x000001c3f5285580,
0x000001c3f5285c10, 0x000001c3f5283b40, 0x000001c3f52834b0, 0x000001c3f52862a0,
0x000001c3f5284ef0, 0x000001c3f5286930, 0x000001c3f5284860, 0x000001c3f5282e20,
0x000001c3f5286fc0, 0x000001c3f5287650, 0x000001c3f52841d0, 0x000001c3f5288370,
0x000001c3f5289db0, 0x000001c3f5288a00, 0x000001c3f528a440, 0x000001c3f528aad0,
0x000001c3f5287ce0, 0x000001c3f52a2770, 0x000001c3f52aec50, 0x000001c3f52b0000,
0x000001c3f5289720, 0x000001c3e1743480, 0x000001c3e2a32a00, 0x000001c3e30fe470,
0x000001c3e3101260, 0x000001c3e30ff190, 0x000001c3e3100bd0, 0x000001c3e30ffeb0,
0x000001c3e3101f80, 0x000001c3e3102610, 0x000001c3e30feb00, 0x000001c3e3102ca0,
0x000001c3e3104050, 0x000001c3e31067b0, 0x000001c3e3106120, 0x000001c3e31039c0,
0x000001c3e3103330, 0x000001c3e3106e40, 0x000001c3e3107b60, 0x000001c3e3104d70,
0x000001c3e31046e0, 0x000001c3e3105400, 0x000001c3e3108880, 0x000001c3e31081f0,
0x000001c3e31018f0, 0x000001c3e3105a90, 0x000001c3e310a950, 0x000001c3e31095a0,
0x000001c3e310a2c0, 0x000001c3e3108f10, 0x000001c3e3109c30, 0x000001c3e31074d0,
0x000001c3e310afe0, 0x000001c3e310d740, 0x000001c3e310ddd0, 0x000001c3e310c390,
0x000001c3e310e460, 0x000001c3e310eaf0, 0x000001c3e310b670, 0x000001c3e310fea0,
0x000001c3e310bd00, 0x000001c3e310ca20, 0x000001c3e3111f70, 0x000001c3e3111250,
0x000001c3e3110530, 0x000001c3e3112600, 0x000001c3e3113320, 0x000001c3e3112c90,
0x000001c3e310f180, 0x000001c3e31167a0, 0x000001c3e310d0b0, 0x000001c3e31139b0,
0x000001c3e3116110, 0x000001c3e3116e30, 0x000001c3e3115a80, 0x000001c3e3114040,
0x000001c3e310f810, 0x000001c3e31181e0, 0x000001c3e31174c0, 0x000001c3e3117b50,
0x000001c3e3114d60, 0x000001c3e31153f0, 0x000001c3e3119c20, 0x000001c3e311a940,
0x000001c3e311afd0, 0x000001c3e311b660, 0x000001c3e311a2b0, 0x000001c3e3118870,
0x000001c3e311eae0, 0x000001c3e311f170, 0x000001c3e311c380, 0x000001c3e311f800,
0x000001c3e311fe90, 0x000001c3e311bcf0, 0x000001c3e3120bb0, 0x000001c3e3118f00,
0x000001c3e311ddc0, 0x000001c3e31218d0, 0x000001c3e3120520, 0x000001c3e3121240,
0x000001c3e3124030, 0x000001c3e31246c0, 0x000001c3e311d730, 0x000001c3e3123310,
0x000001c3e311e450, 0x000001c3e3121f60, 0x000001c3e31239a0, 0x000001c3e31225f0,
0x000001c3e30e5420, 0x000001c3e30e67d0, 0x000001c3e30e4d90, 0x000001c3e30e6e60,
0x000001c3e30e6140, 0x000001c3e30e5ab0, 0x000001c3e30e4070, 0x000001c3e30e4700,
0x000001c3e30ea970, 0x000001c3e30ea2e0, 0x000001c3e30e9c50, 0x000001c3e30e74f0,
0x000001c3e30eb000, 0x000001c3e30e7b80, 0x000001c3e30e8210, 0x000001c3e30ec3b0,
0x000001c3e30eca40, 0x000001c3e30eeb10, 0x000001c3e30eb690, 0x000001c3e30ef1a0,
0x000001c3e30e88a0, 0x000001c3e30ef830, 0x000001c3e30efec0, 0x000001c3e30f0550,
0x000001c3e30ed0d0, 0x000001c3e30f0be0, 0x000001c3e30eddf0, 0x000001c3e30ed760,
0x000001c3e30e95c0, 0x000001c3e30f1270, 0x000001c3e30f39d0, 0x000001c3e30f1900,
0x000001c3e30f4060, 0x000001c3e30f46f0, 0x000001c3e30f2cb0, 0x000001c3e30f4d80,
0x000001c3e30f5410, 0x000001c3e30ee480, 0x000001c3e30f1f90, 0x000001c3e30ebd20,
0x000001c3e30f2620, 0x000001c3e30f6130, 0x000001c3e30f67c0, 0x000001c3e30f3340,
0x000001c3e30f7b70, 0x000001c3e30f74e0, 0x000001c3e30f8890, 0x000001c3e30fb680,
0x000001c3e30f8f20, 0x000001c3e30f8200, 0x000001c3e30fa960, 0x000001c3e30f9c40,
0x000001c3e30fbd10, 0x000001c3e30faff0, 0x000001c3e30fca30, 0x000001c3e30fc3a0,
0x000001c3e30fd0c0, 0x000001c3e30fa2d0, 0x000001c3e30fd750, 0x000001c3e3110bc0,
0x000001c3e30fdde0, 0x000001c3e3122c80, 0x000001c3f527ec80, 0x000001c3e1319ad0,
0x000001c3f5289090, 0x000001c3e31146d0, 0x000001c3f4efc8c0, 0x000001c3f4efcf50,
0x000001c3f4effd40, 0x000001c3f4efd5e0, 0x000001c3f4f003d0, 0x000001c3f4f01780,
0x000001c3f4f010f0, 0x000001c3f4eff6b0, 0x000001c3f4efe300, 0x000001c3f4f01e10,
0x000001c3f4efe990, 0x000001c3f4f03850, 0x000001c3f4f03ee0, 0x000001c3f4efdc70,
0x000001c3f4f031c0, 0x000001c3f4f024a0, 0x000001c3f4f05fb0, 0x000001c3f4eff020,
0x000001c3f4f05920, 0x000001c3f4f02b30, 0x000001c3f4f06cd0, 0x000001c3f4f08710,
0x000001c3f4f08080, 0x000001c3f4f07360, 0x000001c3f4f04570, 0x000001c3f4f04c00,
0x000001c3f4f05290, 0x000001c3f4f09430, 0x000001c3f4f0bb90, 0x000001c3f4f0c8b0,
0x000001c3f4f08da0, 0x000001c3f4f0ae70, 0x000001c3f4f09ac0, 0x000001c3f4f0a150,
0x000001c3f4f0f6a0, 0x000001c3f4f079f0, 0x000001c3f4f103c0, 0x000001c3f4f0e980,
0x000001c3f4f0cf40, 0x000001c3f4f0dc60, 0x000001c3f4f0e2f0, 0x000001c3f4f0c220,
0x000001c3f4f0b500, 0x000001c3f4f10a50, 0x000001c3f4f11e00, 0x000001c3f4f0f010,
0x000001c3f4f13840, 0x000001c3f4f131b0, 0x000001c3f4f110e0, 0x000001c3f4f13ed0,
0x000001c3f4f12b20, 0x000001c3f4f14560, 0x000001c3f4f12490, 0x000001c3f4f14bf0,
0x000001c3f4f11770, 0x000001c3f4f15fa0, 0x000001c3f4f0d5d0, 0x000001c3f4f16630,
0x000001c3f4f18d90, 0x000001c3f4f19ab0, 0x000001c3f4f18700, 0x000001c3f4f1a140,
0x000001c3f4f17350, 0x000001c3f4f179e0, 0x000001c3f4f1b4f0, 0x000001c3f4f18070,
0x000001c3f4f1d5c0, 0x000001c3f4f16cc0, 0x000001c3f4f1e970, 0x000001c3f4f1dc50,
0x000001c3f4f1f000, 0x000001c3f4f1f690, 0x000001c3f4f1c8a0, 0x000001c3f4f19420,
0x000001c3f4f1cf30, 0x000001c3f4f1e2e0, 0x000001c3f4f203b0, 0x000001c3f4f1c210,
0x000001c3f4f20a40, 0x000001c3f4f21760, 0x000001c3f4f1fd20, 0x000001c3f4f21df0,
0x000001c3f4f210d0, 0x000001c3f4ee31e0, 0x000001c3f4ee3870, 0x000001c3f4ee52b0,
0x000001c3f4ee5940, 0x000001c3f4ee2b50, 0x000001c3f4ee3f00, 0x000001c3f4ee5fd0,
0x000001c3f4ee6660, 0x000001c3f4ee6cf0, 0x000001c3f4ee4c20, 0x000001c3f4ee9450,
0x000001c3f4ee8730, 0x000001c3f4ee80a0, 0x000001c3f4eeae90, 0x000001c3f4ee4590,
0x000001c3f4ee9ae0, 0x000001c3f4eea170, 0x000001c3f4eea800, 0x000001c3f4ee7380,
0x000001c3f4eedc80, 0x000001c3f4eee310, 0x000001c3f4eed5f0, 0x000001c3f4eeb520,
0x000001c3f4ee8dc0, 0x000001c3f4eef030, 0x000001c3f4eebbb0, 0x000001c3f4eef6c0,
0x000001c3f4eec240, 0x000001c3f4eefd50, 0x000001c3f4eec8d0, 0x000001c3f4ef03e0,
0x000001c3f4ef24b0, 0x000001c3f4ee7a10, 0x000001c3f4ef3ef0, 0x000001c3f4ef0a70,
0x000001c3f4ef2b40, 0x000001c3f4ef31d0, 0x000001c3f4ef1790, 0x000001c3f4ef4580,
0x000001c3f4ef3860, 0x000001c3f4ef1100, 0x000001c3f4ef1e20, 0x000001c3f4ef7370,
0x000001c3f4ef52a0, 0x000001c3f4ef6ce0, 0x000001c3f4ef5fc0, 0x000001c3f4ef7a00,
0x000001c3f4ef8090, 0x000001c3f4ef5930, 0x000001c3f4ef4c10, 0x000001c3f4eee9a0,
0x000001c3f4ef8720, 0x000001c3f4ef9ad0, 0x000001c3f4ef6650, 0x000001c3f4efbba0,
0x000001c3f4efa7f0, 0x000001c3f4efa160, 0x000001c3f4efb510, 0x000001c3f4efae80,
0x000001c3f4eecf60, 0x000001c3f4ef9440, 0x000001c3f4f0fd30, 0x000001c3f4f15280,
0x000001c3f4f1bb80, 0x000001c3f4f22480, 0x000001c3e0354140, 0x000001c3dfcc7310,
0x000001c3e30f6e50, 0x000001c3e2842a40, 0x000001c3e24a94f0, 0x000001c3e24a87d0,
0x000001c3e24a6070, 0x000001c3e24a9b80, 0x000001c3e24a7420, 0x000001c3e24a6700,
0x000001c3e24a8e60, 0x000001c3e24a6d90, 0x000001c3e24aa210, 0x000001c3e24aa8a0,
0x000001c3e24a7ab0, 0x000001c3e24ad000, 0x000001c3e24ad690, 0x000001c3e24abc50,
0x000001c3e24add20, 0x000001c3e24ae3b0, 0x000001c3e24af760, 0x000001c3e24aea40,
0x000001c3e24ac2e0, 0x000001c3e24afdf0, 0x000001c3e24b0b10, 0x000001c3e24af0d0,
0x000001c3e24b2be0, 0x000001c3e24b3270, 0x000001c3e24a8140, 0x000001c3e24b1ec0,
0x000001c3e24b11a0, 0x000001c3e24ac970, 0x000001c3e24b3900, 0x000001c3e24b4620,
0x000001c3e24b4cb0, 0x000001c3e24b3f90, 0x000001c3e24b5340, 0x000001c3e24b8e50,
0x000001c3e24b59d0, 0x000001c3e24aaf30, 0x000001c3e24b2550, 0x000001c3e24b6060,
0x000001c3e24b66f0, 0x000001c3e24b7aa0, 0x000001c3e24b87c0, 0x000001c3e24ba200,
0x000001c3e24b7410, 0x000001c3e24b94e0, 0x000001c3e24b9b70, 0x000001c3e24b6d80,
0x000001c3e24bc2d0, 0x000001c3e24ba890, 0x000001c3e24baf20, 0x000001c3e24bb5b0,
0x000001c3e24b0480, 0x000001c3e24bd680, 0x000001c3e24bbc40, 0x000001c3e24be3a0,
0x000001c3e24bf750, 0x000001c3e24bf0c0, 0x000001c3e24bfde0, 0x000001c3e24c3260,
0x000001c3e24bc960, 0x000001c3e24c1190, 0x000001c3e24c2bd0, 0x000001c3e24c0470,
0x000001c3e24c38f0, 0x000001c3e24c3f80, 0x000001c3e24c0b00, 0x000001c3e24c1820,
0x000001c3e24c2540, 0x000001c3e24c4610, 0x000001c3e24c1eb0, 0x000001c3e24c7400,
0x000001c3e24c87b0, 0x000001c3e24c59c0, 0x000001c3e24c7a90, 0x000001c3e24c8120,
0x000001c3e24c6d70, 0x000001c3e24c8e40, 0x000001c3e24c94d0, 0x000001c3e24c6050,
0x000001c3e24cbc30, 0x000001c3e24cc2c0, 0x000001c3e24ccfe0, 0x000001c3e24ca1f0,
0x000001c3e24cdd00, 0x000001c3e24c5330, 0x000001c3e24ca880, 0x000001c3e24ce390,
0x000001c3e24caf10, 0x000001c3e24cc950, 0x000001c3e24d0af0, 0x000001c3e24d2530,
0x000001c3e24c9b60, 0x000001c3e24cf740, 0x000001c3e24cd670, 0x000001c3e24cf0b0,
0x000001c3e24d1ea0, 0x000001c3e24d2bc0, 0x000001c3e24d3250, 0x000001c3e24cfdd0,
0x000001c3e24d0460, 0x000001c3e24d38e0, 0x000001c3e24d3f70, 0x000001c3e24d4c90,
0x000001c3e24d4600, 0x000001c3e24d1810, 0x000001c3e24d73f0, 0x000001c3e24d5320,
0x000001c3e24d59b0, 0x000001c3e24d6040, 0x000001c3e24cb5a0, 0x000001c3e24d8110,
0x000001c3e24d7a80, 0x000001c3e24d87a0, 0x000001c3e24d94c0, 0x000001c3e24d66d0,
0x000001c3e24d6d60, 0x000001c3e24da1e0, 0x000001c3e24daf00, 0x000001c3e24dbc20,
0x000001c3e24d8e30, 0x000001c3e24d9b50, 0x000001c3e24dcfd0, 0x000001c3e24dd660,
0x000001c3e24ddcf0, 0x000001c3e24dc2b0, 0x000001c3e24de380, 0x000001c3e24df730,
0x000001c3e24dea10, 0x000001c3e24df0a0, 0x000001c3e24dfdc0, 0x000001c3e24e1e90,
0x000001c3e24e3240, 0x000001c3e24e0ae0, 0x000001c3e24dc940, 0x000001c3e24e1170,
0x000001c3e24e1800, 0x000001c3e24e2bb0, 0x000001c3e24e0450, 0x000001c3e24e5310,
0x000001c3e24e59a0, 0x000001c3e24e3f60, 0x000001c3e24e45f0, 0x000001c3e24e2520,
0x000001c3e24e66c0, 0x000001c3e24e4c80, 0x000001c3e24e38d0, 0x000001c3e0354e60,
0x000001c3e24bdd10, 0x000001c3e24e6030, 0x000001c3f4efc230, 0x000001c3e131c230,
0x000001c3f7224b00, 0x000001c3f7225eb0, 0x000001c3f72278f0, 0x000001c3f7226540,
0x000001c3f7225190, 0x000001c3f7227260, 0x000001c3f7227f80, 0x000001c3f7228ca0,
0x000001c3f722ad70, 0x000001c3f722ba90, 0x000001c3f722c7b0, 0x000001c3f722c120,
0x000001c3f722b400, 0x000001c3f722a050, 0x000001c3f722a6e0, 0x000001c3f7229330,
0x000001c3f722ce40, 0x000001c3f722e880, 0x000001c3f722db60, 0x000001c3f7225820,
0x000001c3f72302c0, 0x000001c3f722fc30, 0x000001c3f722e1f0, 0x000001c3f7231670,
0x000001c3f7231d00, 0x000001c3f7230fe0, 0x000001c3f7232a20, 0x000001c3f7235810,
0x000001c3f7230950, 0x000001c3f7232390, 0x000001c3f722f5a0, 0x000001c3f7235ea0,
0x000001c3f7236530, 0x000001c3f7233740, 0x000001c3f7236bc0, 0x000001c3f7237250,
0x000001c3f72330b0, 0x000001c3f7234460, 0x000001c3f72299c0, 0x000001c3f72378e0,
0x000001c3f7234af0, 0x000001c3f7237f70, 0x000001c3f7235180, 0x000001c3f723b3f0,
0x000001c3f722ef10, 0x000001c3f7238c90, 0x000001c3f723a040, 0x000001c3f7239320,
0x000001c3f723a6d0, 0x000001c3f723ce30, 0x000001c3f723ad60, 0x000001c3f723d4c0,
0x000001c3f723db50, 0x000001c3f72399b0, 0x000001c3f723ba80, 0x000001c3f7241cf0,
0x000001c3f723ef00, 0x000001c3f723c110, 0x000001c3f723c7a0, 0x000001c3f723e1e0,
0x000001c3f723f590, 0x000001c3f7241660, 0x000001c3f7238600, 0x000001c3f723fc20,
0x000001c3f723e870, 0x000001c3f7242380, 0x000001c3f72430a0, 0x000001c3f7242a10,
0x000001c3f7243730, 0x000001c3f72402b0, 0x000001c3f7245170, 0x000001c3f7233dd0,
0x000001c3f72478d0, 0x000001c3f7245800, 0x000001c3f7246520, 0x000001c3f7246bb0,
0x000001c3f7243dc0, 0x000001c3f7247f60, 0x000001c3f7247240, 0x000001c3f72485f0,
0x000001c3f7249310, 0x000001c3f7240fd0, 0x000001c3f72499a0, 0x000001c3f7245e90,
0x000001c3f724a030, 0x000001c3f724a6c0, 0x000001c3f720a070, 0x000001c3f720ce60,
0x000001c3f720bab0, 0x000001c3f720c7d0, 0x000001c3f720d4f0, 0x000001c3f720db80,
0x000001c3f720a700, 0x000001c3f720e8a0, 0x000001c3f72102e0, 0x000001c3f720ef30,
0x000001c3f7211690, 0x000001c3f720f5c0, 0x000001c3f720c140, 0x000001c3f7210970,
0x000001c3f7211000, 0x000001c3f7212a40, 0x000001c3f72123b0, 0x000001c3f720fc50,
0x000001c3f7214b10, 0x000001c3f72130d0, 0x000001c3f7213760, 0x000001c3f7214480,
0x000001c3f7213df0, 0x000001c3f72151a0, 0x000001c3f7211d20, 0x000001c3f7217f90,
0x000001c3f7216be0, 0x000001c3f7217270, 0x000001c3f7217900, 0x000001c3f7218cb0,
0x000001c3f7216550, 0x000001c3f7215830, 0x000001c3f7219340, 0x000001c3f7215ec0,
0x000001c3f721a6f0, 0x000001c3f721ad80, 0x000001c3f7218620, 0x000001c3f721a060,
0x000001c3f720ad90, 0x000001c3f721c7c0, 0x000001c3f721baa0, 0x000001c3f721e200,
0x000001c3f721e890, 0x000001c3f721db70, 0x000001c3f721b410, 0x000001c3f721c130,
0x000001c3f72202d0, 0x000001c3f721ef20, 0x000001c3f721f5b0, 0x000001c3f7220960,
0x000001c3f721fc40, 0x000001c3f721d4e0, 0x000001c3f7222a30, 0x000001c3f7220ff0,
0x000001c3f72199d0, 0x000001c3f72223a0, 0x000001c3f7223750, 0x000001c3f7223de0,
0x000001c3f7221680, 0x000001c3f7244450, 0x000001c3df1bbbe0, 0x000001c3df1bc270,
0x000001c3efc608a0, 0x000001c3f7244ae0, 0x000001c3e24d1180, 0x000001c3df1bc900,
0x000001c3daa40810, 0x000001c3e2843df0, 0x000001c3e2844480, 0x000001c3f7221d10,
0x000001c3efc63000, 0x000001c3ef3147e0, 0x000001c3ef314e70, 0x000001c3ef313ac0,
0x000001c3ef312080, 0x000001c3ef312710, 0x000001c3ef315b90, 0x000001c3ef316220,
0x000001c3ef313430, 0x000001c3ef319d30, 0x000001c3ef3168b0, 0x000001c3ef3175d0,
0x000001c3ef317c60, 0x000001c3ef3182f0, 0x000001c3ef318980, 0x000001c3ef31c490,
0x000001c3ef315500, 0x000001c3ef31be00, 0x000001c3ef31cb20, 0x000001c3ef31a3c0,
0x000001c3ef31d1b0, 0x000001c3ef31d840, 0x000001c3ef31aa50, 0x000001c3ef319010,
0x000001c3ef31ded0, 0x000001c3ef31e560, 0x000001c3ef31ebf0, 0x000001c3ef3196a0,
0x000001c3ef322070, 0x000001c3ef322700, 0x000001c3ef31b0e0, 0x000001c3ef31ffa0,
0x000001c3ef320cc0, 0x000001c3ef321350, 0x000001c3ef31f910, 0x000001c3ef3219e0,
0x000001c3ef320630, 0x000001c3ef324140, 0x000001c3ef31f280, 0x000001c3ef323ab0,
0x000001c3ef3247d0, 0x000001c3ef322d90, 0x000001c3ef326210, 0x000001c3ef3254f0,
0x000001c3ef32a3b0, 0x000001c3ef31b770, 0x000001c3ef323420, 0x000001c3ef326f30,
0x000001c3ef327c50, 0x000001c3ef328970, 0x000001c3ef3282e0, 0x000001c3ef325b80,
0x000001c3ef3268a0, 0x000001c3ef32b0d0, 0x000001c3ef329690, 0x000001c3ef32aa40,
0x000001c3ef3275c0, 0x000001c3ef32bdf0, 0x000001c3ef32f270, 0x000001c3ef32dec0,
0x000001c3ef32ebe0, 0x000001c3ef329d20, 0x000001c3ef32f900, 0x000001c3ef32d1a0,
0x000001c3ef32d830, 0x000001c3ef32ff90, 0x000001c3ef32e550, 0x000001c3ef330cb0,
0x000001c3ef333410, 0x000001c3ef329000, 0x000001c3ef330620, 0x000001c3ef3347c0,
0x000001c3ef32c480, 0x000001c3ef332060, 0x000001c3ef3319d0, 0x000001c3ef331340,
0x000001c3ef333aa0, 0x000001c3ef334130, 0x000001c3ef335b70, 0x000001c3ef332d80,
0x000001c3ef338960, 0x000001c3ef3326f0, 0x000001c3ef336890, 0x000001c3ef336200,
0x000001c3ef338ff0, 0x000001c3ef33a3a0, 0x000001c3ef336f20, 0x000001c3ef339680,
0x000001c3ef337c40, 0x000001c3ef3375b0, 0x000001c3ef3354e0, 0x000001c3ef33cb00,
0x000001c3ef33d190, 0x000001c3ef33c470, 0x000001c3ef33d820, 0x000001c3ef32cb10,
0x000001c3ef33bde0, 0x000001c3ef339d10, 0x000001c3ef33aa30, 0x000001c3ef3382d0,
0x000001c3ef33e540, 0x000001c3ef33b0c0, 0x000001c3ef3419c0, 0x000001c3ef341330,
0x000001c3ef340ca0, 0x000001c3ef342050, 0x000001c3ef3426e0, 0x000001c3ef33b750,
0x000001c3ef33f260, 0x000001c3ef342d70, 0x000001c3ef33f8f0, 0x000001c3ef33ff80,
0x000001c3ef343400, 0x000001c3ef340610, 0x000001c3ef3454d0, 0x000001c3ef344120,
0x000001c3ef3447b0, 0x000001c3ef344e40, 0x000001c3ef345b60, 0x000001c3ef3461f0,
0x000001c3ef346f10, 0x000001c3ef3482c0, 0x000001c3ef34a390, 0x000001c3ef34aa20,
0x000001c3ef3475a0, 0x000001c3ef34b0b0, 0x000001c3ef34b740, 0x000001c3ef34bdd0,
0x000001c3ef34c460, 0x000001c3ef348fe0, 0x000001c3ef346880, 0x000001c3ef34dea0,
0x000001c3ef34e530, 0x000001c3ef34ff70, 0x000001c3ef34caf0, 0x000001c3ef34ebc0,
0x000001c3ef34f250, 0x000001c3ef347c30, 0x000001c3ef350600, 0x000001c3ef34f8e0,
0x000001c3ef34d180, 0x000001c3ef3526d0, 0x000001c3ef351320, 0x000001c3ef3519b0,
0x000001c3ef352040, 0x000001c3ef33ebd0, 0x000001c3ef350c90, 0x000001c3ef34d810,
0x000001c3f721ce50, 0x000001c3f6f18a20, 0x000001c3f6f1b180, 0x000001c3f6f1b810,
0x000001c3f6f1bea0, 0x000001c3f6f19740, 0x000001c3f6f1c530, 0x000001c3f6f1d250,
0x000001c3f6f19dd0, 0x000001c3f6f1d8e0, 0x000001c3f6f1a460, 0x000001c3f6f1df70,
0x000001c3f6f1aaf0, 0x000001c3f6f21a80, 0x000001c3f6f213f0, 0x000001c3f6f20040,
0x000001c3f6f1f9b0, 0x000001c3f6f22110, 0x000001c3f6f20d60, 0x000001c3f6f1ec90,
0x000001c3f6f206d0, 0x000001c3f6f227a0, 0x000001c3f6f1f320, 0x000001c3f6f262b0,
0x000001c3f6f190b0, 0x000001c3f6f234c0, 0x000001c3f6f25c20, 0x000001c3f6f25590,
0x000001c3f6f241e0, 0x000001c3f6f26940, 0x000001c3f6f22e30, 0x000001c3f6f26fd0,
0x000001c3f6f27cf0, 0x000001c3f6f24f00, 0x000001c3f6f27660, 0x000001c3f6f24870,
0x000001c3f6f2be90, 0x000001c3f6f28a10, 0x000001c3f6f2aae0, 0x000001c3f6f2a450,
0x000001c3f6f2c520, 0x000001c3f6f2cbb0, 0x000001c3f6f29730, 0x000001c3f6f2d240,
0x000001c3f6f2df60, 0x000001c3f6f2b170, 0x000001c3f6f2d8d0, 0x000001c3f6f2e5f0,
0x000001c3f6f2b800, 0x000001c3f6f2ec80, 0x000001c3f6f306c0, 0x000001c3f6f31a70,
0x000001c3f6f2f310, 0x000001c3f6f2f9a0, 0x000001c3f6f30030, 0x000001c3f6f30d50,
0x000001c3f6f32100, 0x000001c3f6f35580, 0x000001c3f6f32e20, 0x000001c3f6f341d0,
0x000001c3f6f35c10, 0x000001c3f6f362a0, 0x000001c3f6f36930, 0x000001c3f6f334b0,
0x000001c3f6f37ce0, 0x000001c3f6f36fc0, 0x000001c3f6f39720, 0x000001c3f6f37650,
0x000001c3f6f34ef0, 0x000001c3f6f3aad0, 0x000001c3f6f39db0, 0x000001c3f6f3b160,
0x000001c3f6f39090, 0x000001c3f6f3be80, 0x000001c3f6f34860, 0x000001c3f6f38a00,
0x000001c3f6f3cba0, 0x000001c3f6f3df50, 0x000001c3f6f3e5e0, 0x000001c3f6f3d230,
0x000001c3f6f3d8c0, 0x000001c3f6f3ec70, 0x000001c3f6f3f990, 0x000001c3f6f38370,
0x000001c3f6f3c510, 0x000001c3f6f3a440, 0x000001c3f6f406b0, 0x000001c3f6f40d40,
0x000001c3f6f413d0, 0x000001c3f6f40020, 0x000001c3f6f44ee0, 0x000001c3f6f42e10,
0x000001c3f6f3f300, 0x000001c3f6f45c00, 0x000001c3f6f42780, 0x000001c3f6f434a0,
0x000001c3f6f43b30, 0x000001c3f6f45570, 0x000001c3f6f46920, 0x000001c3f6f44850,
0x000001c3f6f47cd0, 0x000001c3f6f41a60, 0x000001c3f6f49da0, 0x000001c3f6f49710,
0x000001c3f6f47640, 0x000001c3f6f489f0, 0x000001c3f6f48360, 0x000001c3f6f4a430,
0x000001c3f6f46290, 0x000001c3f6f4be70, 0x000001c3f6f3b7f0, 0x000001c3f6f4aac0,
0x000001c3f6f4b150, 0x000001c3f6f4c500, 0x000001c3f6f49080, 0x000001c3f6f4f2f0,
0x000001c3f6f506a0, 0x000001c3f6f46fb0, 0x000001c3f6f4cb90, 0x000001c3f6f4d220,
0x000001c3f6f50d30, 0x000001c3f6f4f980, 0x000001c3f6f513c0, 0x000001c3f6f50010,
0x000001c3f6f4d8b0, 0x000001c3f6f4e5d0, 0x000001c3f6f52e00, 0x000001c3f6f54840,
0x000001c3f6f520e0, 0x000001c3f6f53490, 0x000001c3f6f53b20, 0x000001c3f6f54ed0,
0x000001c3f6f51a50, 0x000001c3f6f56fa0, 0x000001c3f6f55560, 0x000001c3f6f57cc0,
0x000001c3f6f52770, 0x000001c3f6f4ec60, 0x000001c3f6f55bf0, 0x000001c3f6f56280,
0x000001c3f6f57630, 0x000001c3f6f56910, 0x000001c3f6f32790, 0x000001c3f6f313e0,
0x000001c3f6f29dc0, 0x000001c3e131ae80, 0x000001c3e131b510, 0x000001c3ef348950,
0x000001c3ef343a90, 0x000001c3e24da870, 0x000001c3e17441a0, 0x000001c3e0d85190,
0x000001c3e0d87260, 0x000001c3e0d86540, 0x000001c3e0d85820, 0x000001c3e0d83de0,
0x000001c3e0d89330, 0x000001c3e0d88ca0, 0x000001c3e0d878f0, 0x000001c3e0d85eb0,
0x000001c3e0d88610, 0x000001c3e0d84b00, 0x000001c3e0d8a6e0, 0x000001c3e0d8a050,
0x000001c3e0d8ce40, 0x000001c3e0d8c7b0, 0x000001c3e0d899c0, 0x000001c3e0d8d4d0,
0x000001c3e0d8ba90, 0x000001c3e0d8ad70, 0x000001c3e0d87f80, 0x000001c3e0d8db60,
0x000001c3e0d8ef10, 0x000001c3e0d8e1f0, 0x000001c3e0d8e880, 0x000001c3e0d8f5a0,
0x000001c3e0d8c120, 0x000001c3e0d92390, 0x000001c3e0d8b400, 0x000001c3e0d91670,
0x000001c3e0d92a20, 0x000001c3e0d930b0, 0x000001c3e0d8fc30, 0x000001c3e0d902c0,
0x000001c3e0d93740, 0x000001c3e0d90950, 0x000001c3e0d94460, 0x000001c3e0d93dd0,
0x000001c3e0d94af0, 0x000001c3e0d95180, 0x000001c3e0d91d00, 0x000001c3e0d95810,
0x000001c3e0d96bc0, 0x000001c3e0d95ea0, 0x000001c3e0d98c90, 0x000001c3e0d98600,
0x000001c3e0d86bd0, 0x000001c3e0d96530, 0x000001c3e0d97f70, 0x000001c3e0d9a6d0,
0x000001c3e0d978e0, 0x000001c3e0d9a040, 0x000001c3e0d999b0, 0x000001c3e0d97250,
0x000001c3e0d9b3f0, 0x000001c3e0d99320, 0x000001c3e0d9ba80, 0x000001c3e0d9c110,
0x000001c3e0d9ad60, 0x000001c3e0d9ce30, 0x000001c3e0d9db50, 0x000001c3e0d9c7a0,
0x000001c3e0d9fc20, 0x000001c3e0d9e870, 0x000001c3e0da1cf0, 0x000001c3e0da0940,
0x000001c3e0da2380, 0x000001c3e0d9ef00, 0x000001c3e0da2a10, 0x000001c3e0d9f590,
0x000001c3e0da3730, 0x000001c3e0da1660, 0x000001c3e0da30a0, 0x000001c3e0da3dc0,
0x000001c3e0da7f60, 0x000001c3e0da4450, 0x000001c3e0da0fd0, 0x000001c3e0da5800,
0x000001c3e0da7240, 0x000001c3e0da4ae0, 0x000001c3e0da5e90, 0x000001c3e0d9e1e0,
0x000001c3e0d9d4c0, 0x000001c3e0da6bb0, 0x000001c3e0da85f0, 0x000001c3e0da6520,
0x000001c3e0dac100, 0x000001c3e0da5170, 0x000001c3e0daa6c0, 0x000001c3e0dab3e0,
0x000001c3e0da78d0, 0x000001c3e0da8c80, 0x000001c3e0daad50, 0x000001c3e0daba70,
0x000001c3e0daa030, 0x000001c3e0dac790, 0x000001c3e0dace20, 0x000001c3e0dae860,
0x000001c3e0dad4b0, 0x000001c3e0daeef0, 0x000001c3e0daf580, 0x000001c3e0dae1d0,
0x000001c3e0db2a00, 0x000001c3e0db2370, 0x000001c3e0db3090, 0x000001c3e0db1650,
0x000001c3e0dafc10, 0x000001c3e0da9310, 0x000001c3e0da99a0, 0x000001c3e0db3db0,
0x000001c3e0db4440, 0x000001c3e0db1ce0, 0x000001c3e0db0930, 0x000001c3e0db0fc0,
0x000001c3e0db7f50, 0x000001c3e0db7230, 0x000001c3e0db3720, 0x000001c3e0db02a0,
0x000001c3e0db6ba0, 0x000001c3e0db5160, 0x000001c3e0db78c0, 0x000001c3e0db6510,
0x000001c3e0db9300, 0x000001c3e0dbc0f0, 0x000001c3e0dbad40, 0x000001c3e0dbba60,
0x000001c3e0dba020, 0x000001c3e0db8c70, 0x000001c3e0db9990, 0x000001c3e0dba6b0,
0x000001c3e0db85e0, 0x000001c3e0dbe850, 0x000001c3e0dbce10, 0x000001c3e0dbb3d0,
0x000001c3e0dbeee0, 0x000001c3e0dc0290, 0x000001c3e0dbd4a0, 0x000001c3e0dc0920,
0x000001c3e0dc0fb0, 0x000001c3e0dbdb30, 0x000001c3e0dbe1c0, 0x000001c3e0dc1cd0,
0x000001c3e0dc1640, 0x000001c3e0dc2360, 0x000001c3e0dc29f0, 0x000001c3e0dbf570,
0x000001c3e0dc3080, 0x000001c3f6f541b0, 0x000001c3f6f4b7e0, 0x000001c3e0dc3710,
0x000001c3e0d90fe0, 0x000001c3f6f58350, 0x000001c3e0351350, 0x000001c3f0243ab0,
0x000001c3f0242d90, 0x000001c3f0243420, 0x000001c3f0244140, 0x000001c3f02447d0,
0x000001c3f02454f0, 0x000001c3f0242700, 0x000001c3f02482e0, 0x000001c3f0247c50,
0x000001c3f0248970, 0x000001c3f0249690, 0x000001c3f0249000, 0x000001c3f0249d20,
0x000001c3f02468a0, 0x000001c3f02475c0, 0x000001c3f0245b80, 0x000001c3f0246210,
0x000001c3f024bdf0, 0x000001c3f024c480, 0x000001c3f024d1a0, 0x000001c3f024a3b0,
0x000001c3f024b0d0, 0x000001c3f024e550, 0x000001c3f024b760, 0x000001c3f024aa40,
0x000001c3f024ebe0, 0x000001c3f024d830, 0x000001c3f024f270, 0x000001c3f024f900,
0x000001c3f024ff90, 0x000001c3f0250cb0, 0x000001c3f0246f30, 0x000001c3f0254130,
0x000001c3f024cb10, 0x000001c3f024dec0, 0x000001c3f0253410, 0x000001c3f0254e50,
0x000001c3f0253aa0, 0x000001c3f0252060, 0x000001c3f02547c0, 0x000001c3f02519d0,
0x000001c3f0251340, 0x000001c3f02575b0, 0x000001c3f0250620, 0x000001c3f0256200,
0x000001c3f0258960, 0x000001c3f0256890, 0x000001c3f0255b70, 0x000001c3f0256f20,
0x000001c3f02526f0, 0x000001c3f0252d80, 0x000001c3f025aa30, 0x000001c3f0257c40,
0x000001c3f025b0c0, 0x000001c3f025a3a0, 0x000001c3f025b750, 0x000001c3f02582d0,
0x000001c3f025ff80, 0x000001c3f025f8f0, 0x000001c3f025d190, 0x000001c3f025cb00,
0x000001c3f0260ca0, 0x000001c3f025e540, 0x000001c3f0260610, 0x000001c3f0261330,
0x000001c3f025f260, 0x000001c3f025c470, 0x000001c3f02647b0, 0x000001c3f02619c0,
0x000001c3f02654d0, 0x000001c3f0264120, 0x000001c3f0262050, 0x000001c3f0264e40,
0x000001c3f025ebd0, 0x000001c3f0262d70, 0x000001c3f0263400, 0x000001c3f02626e0,
0x000001c3f0268fe0, 0x000001c3f0268950, 0x000001c3f0266f10, 0x000001c3f0269670,
0x000001c3f0266880, 0x000001c3f0265b60, 0x000001c3f02661f0, 0x000001c3f026b740,
0x000001c3f0263a90, 0x000001c3f02682c0, 0x000001c3f026bdd0, 0x000001c3f026caf0,
0x000001c3f026a390, 0x000001c3f0269d00, 0x000001c3f02675a0, 0x000001c3f026b0b0,
0x000001c3f0267c30, 0x000001c3f026d180, 0x000001c3f026ebc0, 0x000001c3f026d810,
0x000001c3f026f250, 0x000001c3f026c460, 0x000001c3f026f8e0, 0x000001c3f026ff70,
0x000001c3f02719b0, 0x000001c3f026e530, 0x000001c3f02726d0, 0x000001c3f0272d60,
0x000001c3f02733f0, 0x000001c3f0274110, 0x000001c3f026aa20, 0x000001c3f0274e30,
0x000001c3f02754c0, 0x000001c3f0275b50, 0x000001c3f0270c90, 0x000001c3f026dea0,
0x000001c3f02747a0, 0x000001c3f02761e0, 0x000001c3f0278940, 0x000001c3f027a380,
0x000001c3f027aa10, 0x000001c3f0279660, 0x000001c3f02782b0, 0x000001c3f0279cf0,
0x000001c3f0276f00, 0x000001c3f0277590, 0x000001c3f0278fd0, 0x000001c3f027e520,
0x000001c3f027b0a0, 0x000001c3f027cae0, 0x000001c3f027de90, 0x000001c3f027bdc0,
0x000001c3f027b730, 0x000001c3f027ebb0, 0x000001c3f027f8d0, 0x000001c3f027c450,
0x000001c3f027ff60, 0x000001c3f02805f0, 0x000001c3f0280c80, 0x000001c3f02819a0,
0x000001c3f027d800, 0x000001c3f0281310, 0x000001c3f02826c0, 0x000001c3f0282030,
0x000001c3f025bde0, 0x000001c3f0259680, 0x000001c3f0270600, 0x000001c3f0277c20,
0x000001c3e0dbc780, 0x000001c3f40cb3b0, 0x000001c3f722d4d0, 0x000001c3f0259d10,
0x000001c3f027f240, 0x000001c3f6755d60, 0x000001c3e03547d0, 0x000001c3f3ee7cd0,
0x000001c3f3ee7640, 0x000001c3f3ee8360, 0x000001c3f3ee9da0, 0x000001c3f3ee9080,
0x000001c3f3eea430, 0x000001c3f3eeb7e0, 0x000001c3f3eebe70, 0x000001c3f3ee89f0,
0x000001c3f3ee9710, 0x000001c3f3eed8b0, 0x000001c3f3eec500, 0x000001c3f3eecb90,
0x000001c3f3eedf40, 0x000001c3f3eeaac0, 0x000001c3f3eee5d0, 0x000001c3f3ef0010,
0x000001c3f3eeec60, 0x000001c3f3ef1a50, 0x000001c3f3eef980, 0x000001c3f3eef2f0,
0x000001c3f3ef06a0, 0x000001c3f3eeb150, 0x000001c3f3ef20e0, 0x000001c3f3ef41b0,
0x000001c3f3ef2770, 0x000001c3f3ef3490, 0x000001c3f3ef3b20, 0x000001c3f3ef2e00,
0x000001c3f3ef4840, 0x000001c3f3ef6280, 0x000001c3f3ee6fb0, 0x000001c3f3ef6fa0,
0x000001c3f3ef6910, 0x000001c3f3ef7cc0, 0x000001c3f3ef8350, 0x000001c3f3ef7630,
0x000001c3f3ef4ed0, 0x000001c3f3ef89e0, 0x000001c3f3efbe60, 0x000001c3f3efaab0,
0x000001c3f3efc4f0, 0x000001c3f3ef9d90, 0x000001c3f3ef13c0, 0x000001c3f3efb7d0,
0x000001c3f3efa420, 0x000001c3f3efcb80, 0x000001c3f3efb140, 0x000001c3f3ef0d30,
0x000001c3f3ef9700, 0x000001c3f3efe5c0, 0x000001c3f3efd210, 0x000001c3f3ef5560,
0x000001c3f3efd8a0, 0x000001c3f3f00690, 0x000001c3f3efec50, 0x000001c3f3f00000,
0x000001c3f3ef9070, 0x000001c3f3f02df0, 0x000001c3f3f013b0, 0x000001c3f3f041a0,
0x000001c3f3f03480, 0x000001c3f3f04830, 0x000001c3f3f03b10, 0x000001c3f3f05550,
0x000001c3f3f020d0, 0x000001c3f3f04ec0, 0x000001c3f3f02760, 0x000001c3f3f07620,
0x000001c3f3f096f0, 0x000001c3f3f06900, 0x000001c3f3f09060, 0x000001c3f3f06270,
0x000001c3f3f07cb0, 0x000001c3f3f05be0, 0x000001c3f3f0aaa0, 0x000001c3f3f0b7c0,
0x000001c3f3f0a410, 0x000001c3f3f08340, 0x000001c3f3f089d0, 0x000001c3f3f06f90,
0x000001c3f3f0df20, 0x000001c3f3f0ec40, 0x000001c3f3f0cb70, 0x000001c3f3f0d890,
0x000001c3f3f0d200, 0x000001c3f3f0e5b0, 0x000001c3f3f0fff0, 0x000001c3f3f0b130,
0x000001c3f3f10680, 0x000001c3f3f0f2d0, 0x000001c3f3f0c4e0, 0x000001c3f3f0be50,
0x000001c3f3f10d10, 0x000001c3f3f11a30, 0x000001c3f3f12750, 0x000001c3f3f16260,
0x000001c3f3f12de0, 0x000001c3f3f13b00, 0x000001c3f3f14190, 0x000001c3f3f14eb0,
0x000001c3f3f120c0, 0x000001c3f3f13470, 0x000001c3f3f17ca0, 0x000001c3f3f189c0,
0x000001c3f3f18330, 0x000001c3f3f15540, 0x000001c3f3f15bd0, 0x000001c3f3f17610,
0x000001c3f3f19050, 0x000001c3f3f19d70, 0x000001c3f3f16f80, 0x000001c3f3f1a400,
0x000001c3f3f168f0, 0x000001c3f3f1b120, 0x000001c3f3f1d880, 0x000001c3f3f196e0,
0x000001c3f3f1be40, 0x000001c3f3f0f960, 0x000001c3f3f1ec30, 0x000001c3f3f1c4d0,
0x000001c3f3f1f2c0, 0x000001c3f3f1b7b0, 0x000001c3f3f1e5a0, 0x000001c3f3f1f950,
0x000001c3f3f1ffe0, 0x000001c3f3f1d1f0, 0x000001c3f3f1df10, 0x000001c3f3f22dd0,
0x000001c3f3f1cb60, 0x000001c3f3f23460, 0x000001c3f3f21390, 0x000001c3f3f22740,
0x000001c3f3f24180, 0x000001c3f3f20d00, 0x000001c3f3f20670, 0x000001c3f3f21a20,
0x000001c3f3f220b0, 0x000001c3f3f24ea0, 0x000001c3f3f25530, 0x000001c3f3f25bc0,
0x000001c3f3f268e0, 0x000001c3f3f00d20, 0x000001c3f3eff2e0, 0x000001c3f3eff970,
0x000001c3f3f24810, 0x000001c3e0db4ad0, 0x000001c3f3f1aa90, 0x000001c3f5315230,
0x000001c3ece5ff40, 0x000001c3ece60c60, 0x000001c3ece5d7e0, 0x000001c3ece612f0,
0x000001c3ece5e500, 0x000001c3ece5eb90, 0x000001c3ece62010, 0x000001c3ece626a0,
0x000001c3ece605d0, 0x000001c3ece61980, 0x000001c3ece66840, 0x000001c3ece633c0,
0x000001c3ece64770, 0x000001c3ece65490, 0x000001c3ece62d30, 0x000001c3ece640e0,
0x000001c3ece64e00, 0x000001c3ece65b20, 0x000001c3ece63a50, 0x000001c3ece68910,
0x000001c3ece68280, 0x000001c3ece68fa0, 0x000001c3ece5de70, 0x000001c3ece66ed0,
0x000001c3ece661b0, 0x000001c3ece6a9e0, 0x000001c3ece69cc0, 0x000001c3ece67560,
0x000001c3ece5f8b0, 0x000001c3ece6b070, 0x000001c3ece67bf0, 0x000001c3ece6c420,
0x000001c3ece6d7d0, 0x000001c3ece6e4f0, 0x000001c3ece6bd90, 0x000001c3ece6de60,
0x000001c3ece705c0, 0x000001c3ece6cab0, 0x000001c3ece6d140, 0x000001c3ece6a350,
0x000001c3ece6f210, 0x000001c3ece70c50, 0x000001c3ece71970, 0x000001c3ece72000,
0x000001c3ece6ff30, 0x000001c3ece6f8a0, 0x000001c3ece6b700, 0x000001c3ece73a40,
0x000001c3ece69630, 0x000001c3ece72690, 0x000001c3ece712e0, 0x000001c3ece740d0,
0x000001c3ece74df0, 0x000001c3ece76830, 0x000001c3ece74760, 0x000001c3ece733b0,
0x000001c3ece72d20, 0x000001c3ece77550, 0x000001c3ece6eb80, 0x000001c3ece76ec0,
0x000001c3ece78f90, 0x000001c3ece77be0, 0x000001c3ece7b6f0, 0x000001c3ece78900,
0x000001c3ece78270, 0x000001c3ece7d130, 0x000001c3ece79cb0, 0x000001c3ece7bd80,
0x000001c3ece7d7c0, 0x000001c3ece7f200, 0x000001c3ece7de50, 0x000001c3ece7b060,
0x000001c3ece7f890, 0x000001c3ece7a340, 0x000001c3ece812d0, 0x000001c3ece7caa0,
0x000001c3ece7a9d0, 0x000001c3ece81960, 0x000001c3ece7e4e0, 0x000001c3ece80c40,
0x000001c3ece7c410, 0x000001c3ece82680, 0x000001c3ece7ff20, 0x000001c3ece82d10,
0x000001c3ece833a0, 0x000001c3ece461d0, 0x000001c3ece44e20, 0x000001c3ece454b0,
0x000001c3ece433e0, 0x000001c3ece45b40, 0x000001c3ece43a70, 0x000001c3ece44790,
0x000001c3ece48fc0, 0x000001c3ece46860, 0x000001c3ece47580, 0x000001c3ece44100,
0x000001c3ece49650, 0x000001c3ece47c10, 0x000001c3ece805b0, 0x000001c3ece4a370,
0x000001c3ece49ce0, 0x000001c3ece46ef0, 0x000001c3ece48930, 0x000001c3ece4d160,
0x000001c3ece4d7f0, 0x000001c3ece4cad0, 0x000001c3ece4b720, 0x000001c3ece81ff0,
0x000001c3ece4f230, 0x000001c3ece482a0, 0x000001c3ece4bdb0, 0x000001c3ece7eb70,
0x000001c3ece4de80, 0x000001c3ece4c440, 0x000001c3ece4aa00, 0x000001c3ece4ff50,
0x000001c3ece51990, 0x000001c3ece4b090, 0x000001c3ece52020, 0x000001c3ece526b0,
0x000001c3ece51300, 0x000001c3ece52d40, 0x000001c3ece533d0, 0x000001c3ece56850,
0x000001c3ece4eba0, 0x000001c3ece505e0, 0x000001c3ece554a0, 0x000001c3ece561c0,
0x000001c3ece56ee0, 0x000001c3ece540f0, 0x000001c3ece55b30, 0x000001c3ece57570,
0x000001c3ece58290, 0x000001c3ece50c70, 0x000001c3ece54e10, 0x000001c3ece5bda0,
0x000001c3ece58920, 0x000001c3ece5a360, 0x000001c3ece58fb0, 0x000001c3ece59cd0,
0x000001c3ece5a9f0, 0x000001c3ece5b080, 0x000001c3ece4f8c0, 0x000001c3ece761a0,
0x000001c3e131bba0, 0x000001c3ec16f6f0, 0x000001c3ec6cb090, 0x000001c3ec6e5b20,
0x000001c3ec6e61b0, 0x000001c3ec6e2d30, 0x000001c3ec6e33c0, 0x000001c3ec6e6840,
0x000001c3ec6e3a50, 0x000001c3ec6e40e0, 0x000001c3ec6ed7d0, 0x000001c3ec6eb700,
0x000001c3ec6eb070, 0x000001c3ec6ea350, 0x000001c3ec6ef210, 0x000001c3ec6f05c0,
0x000001c3ec6eff30, 0x000001c3ec6f0c50, 0x000001c3ec6e5490, 0x000001c3ec6f2d20,
0x000001c3ec6f3a40, 0x000001c3ec6f4760, 0x000001c3ec6f12e0, 0x000001c3ec6f4df0,
0x000001c3ec6f5b10, 0x000001c3ec6f8270, 0x000001c3ec6fb6f0, 0x000001c3ec6f61a0,
0x000001c3ec6fc410, 0x000001c3ec6fbd80, 0x000001c3ec6fd7c0, 0x000001c3ec6fcaa0,
0x000001c3ec6fde50, 0x000001c3ec6fe4e0, 0x000001c3ec6fff20, 0x000001c3ec6fd130,
0x000001c3ec6ff890, 0x000001c3ec7005b0, 0x000001c3ec700c40, 0x000001c3ec701ff0,
0x000001c3ec7040c0, 0x000001c3ec704750, 0x000001c3ec7012d0, 0x000001c3ec6ca370,
0x000001c3ec6c8930, 0x000001c3ec706820, 0x000001c3ec6c9ce0, 0x000001c3ec6cd7f0,
0x000001c3ec6cb720, 0x000001c3ec6caa00, 0x000001c3ec6cc440, 0x000001c3ec6cd160,
0x000001c3ec705b00, 0x000001c3ec702d10, 0x000001c3ec706eb0, 0x000001c3ec708260,
0x000001c3ec7088f0, 0x000001c3ec6cbdb0, 0x000001c3ec6c8fc0, 0x000001c3ec6ef8a0,
0x000001c3ec6e8910, 0x000001c3ec6ede60, 0x000001c3ec6e6ed0, 0x000001c3ec6ea9e0,
0x000001c3ec6e7560, 0x000001c3ec6e9cc0, 0x000001c3ec6eeb80, 0x000001c3ec6ed140,
0x000001c3ec6f40d0, 0x000001c3ec6f1970, 0x000001c3ec6f2000, 0x000001c3ec6f6830,
0x000001c3ec6e8fa0, 0x000001c3ec6f8900, 0x000001c3ec6f6ec0, 0x000001c3ec6f33b0,
0x000001c3ec6ec420, 0x000001c3ec6f9620, 0x000001c3ec6f9cb0, 0x000001c3ec6fb060,
0x000001c3ec6fa340, 0x000001c3ec6f8f90, 0x000001c3ec6fa9d0, 0x000001c3ec6ff200,
0x000001c3ec6f7be0, 0x000001c3ec704de0, 0x000001c3ec6cff50, 0x000001c3ec6cde80,
0x000001c3ec6ce510, 0x000001c3ec6ccad0, 0x000001c3ec6d0c70, 0x000001c3ec6ceba0,
0x000001c3ec6cf8c0, 0x000001c3ec6feb70, 0x000001c3ec706190, 0x000001c3ec6d1990,
0x000001c3ec6d26b0, 0x000001c3ec6cf230, 0x000001c3ec6d40f0, 0x000001c3ec6d2d40,
0x000001c3ec6d4780, 0x000001c3ec6d5b30, 0x000001c3ec6d3a60, 0x000001c3ec6d8290,
0x000001c3ec6d4e10, 0x000001c3ec6d05e0, 0x000001c3ec6d7c00, 0x000001c3ec6d8920,
0x000001c3ec6d54a0, 0x000001c3ec6d61c0, 0x000001c3ec6d33d0, 0x000001c3ec6d9640,
0x000001c3ec6d7570, 0x000001c3ec6d9cd0, 0x000001c3ec6da360, 0x000001c3ec6dc430,
0x000001c3ec6d6850, 0x000001c3ec6dd150, 0x000001c3ec6dd7e0, 0x000001c3ec6d2020,
0x000001c3ec6da9f0, 0x000001c3ec6d6ee0, 0x000001c3ec6db080, 0x000001c3ec6d8fb0,
0x000001c3ec6dcac0, 0x000001c3ec6dde70, 0x000001c3ec6e12f0, 0x000001c3ec6e05d0,
0x000001c3ec6de500, 0x000001c3ec6f2690, 0x000001c3ec702680, 0x000001c3ec6e4e00,
0x000001c3ec707bd0, 0x000001c3ec6deb90, 0x000001c3ec705470, 0x000001c3ec6df220,
0x000001c3ec6dbda0, 0x000001c3ec6df8b0, 0x000001c3ec6e8280, 0x000001c3ec6ebd90,
0x000001c3ec6dff40, 0x000001c3ec15e350, 0x000001c3ec15f070, 0x000001c3ec1617d0,
0x000001c3ec15e9e0, 0x000001c3ec160420, 0x000001c3ec162b80, 0x000001c3ec161140,
0x000001c3ec1624f0, 0x000001c3ec1638a0, 0x000001c3ec15f700, 0x000001c3ec166690,
0x000001c3ec163210, 0x000001c3ec160ab0, 0x000001c3ec1645c0, 0x000001c3ec15fd90,
0x000001c3ec166d20, 0x000001c3ec163f30, 0x000001c3ec167a40, 0x000001c3ec1680d0,
0x000001c3ec164c50, 0x000001c3ec16c270, 0x000001c3ec16bbe0, 0x000001c3ec168df0,
0x000001c3ec165970, 0x000001c3ec16aec0, 0x000001c3ec169480, 0x000001c3ec16a830,
0x000001c3ec169b10, 0x000001c3ec16e9d0, 0x000001c3ec174c40, 0x000001c3ec175960,
0x000001c3ec16d620, 0x000001c3f3eed220, 0x000001c3f0273a80, 0x000001c3f6f441c0,
0x000001c3f6f28380, 0x000001c3f40deeb0, 0x000001c3ec978ce0, 0x000001c3f675e0a0,
0x000001c3ec166000, 0x000001c3f6f1e600, 0x000001c3ec9b6bd0, 0x000001c3f415e3a0,
0x000001c3f4178110, 0x000001c3f4180ae0, 0x000001c3ec985ee0, 0x000001c3f3f01a40,
0x000001c3e24b1830, 0x000001c3ec16c900, 0x000001c3ec170410, 0x000001c3ec16cf90,
0x000001c3ec1773a0, 0x000001c3ec176d10, 0x000001c3ece5cac0, 0x000001c3ece5d150,
0x000001c3f6c0cca0, 0x000001c3f0a6a950, 0x000001c3f0aa32f0, 0x000001c3e0db57f0,
0x000001c3ef312da0, 0x000001c3e0e61b70, 0x000001c3f6f23b50, 0x000001c3ec16fd80,
0x000001c3ec170aa0, 0x000001c3ec1717c0, 0x000001c3f4f1a7d0, 0x000001c3f4ef8db0,
0x000001c3f4f00a60, 0x000001c3e27a9640, 0x000001c3f0a8ddb0, 0x000001c3effd23b0,
0x000001c3efffb3f0, 0x000001c3ec16a1a0, 0x000001c3ec161e60, 0x000001c3ec1724e0,
0x000001c3f4f06640, 0x000001c3f6d47940, 0x000001c3f0a85a70, 0x000001c3f0244e60,
0x000001c3f0258ff0, 0x000001c3ed6cf920, 0x000001c3ec17a190, 0x000001c3ec17a820,
0x000001c3ec17d610, 0x000001c3ec17c8f0, 0x000001c3ec16f060, 0x000001c3ec1652e0,
0x000001c3ec1673b0, 0x000001c3ec16e340, 0x000001c3ec179b00, 0x000001c3ec17b540,
0x000001c3ec17bbd0, 0x000001c3ec178750, 0x000001c3ec171130, 0x000001c3ec177a30,
0x000001c3ec1745b0, 0x000001c3ec6d1300, 0x000001c3ec6e26a0, 0x000001c3ec6e0c60,
0x000001c3ec6e1980, 0x000001c3ec6e2010, 0x000001c3ec701960, 0x000001c3f40d9ff0,
0x000001c3e169d650, 0x000001c3e16a2ba0, 0x000001c3f0242070, 0x000001c3f02554e0,
0x000001c3f0271320, 0x000001c3f0276870, 0x000001c3e24bea30, 0x000001c3e24bcff0,
0x000001c3f720e210, 0x000001c3f7228610, 0x000001c3f720b420, 0x000001c3f527d8d0,
0x000001c3ed6cbe10, 0x000001c3ed6c96b0, 0x000001c3ed6d68b0, 0x000001c3ed6fcb00,
0x000001c3f0a7eae0, 0x000001c3f0a94d40, 0x000001c3e27a54a0, 0x000001c3ec996bf0,
0x000001c3ed6ff260, 0x000001c3f6747120, 0x000001c3e2ea06e0, 0x000001c3e0e35d40,
0x000001c3ef316f40, 0x000001c3ef324e60, 0x000001c3f40d4410, 0x000001c3ed6f6890,
0x000001c3f6f1cbc0, 0x000001c3f416ea20, 0x000001c3f4181800, 0x000001c3f3f113a0,
0x000001c3e05ada80, 0x000001c3ec173200, 0x000001c3ec17aeb0, 0x000001c3f40cdb10,
0x000001c3e24db590, 0x000001c3e24b8130, 0x000001c3e24c66e0, 0x000001c3f3efdf30,
0x000001c3ece57c00, 0x000001c3ece5b710, 0x000001c3e2a57f30, 0x000001c3f6f33b40,
0x000001c3f6f420f0, 0x000001c3effffc20, 0x000001c3effdd4e0, 0x000001c3f4f0a7e0,
0x000001c3e05c98c0, 0x000001c3e059aca0, 0x000001c3e0597eb0, 0x000001c3e059c050,
0x000001c3e30e8f30, 0x000001c3e3100540, 0x000001c3e311ca10, 0x000001c3ec6e7bf0,
0x000001c3ec6f7550, 0x000001c3ec6f5480, 0x000001c3f5282790, 0x000001c3f5296290,
0x000001c3f5292e10, 0x000001c3ec99f5c0, 0x000001c3ec9a3760, 0x000001c3e059da90,
0x000001c3e05a5dd0, 0x000001c3e0dadb40, 0x000001c3e0dbfc00, 0x000001c3e0d84470,
0x000001c3f7248c80, 0x000001c3f7224470, 0x000001c3f7226bd0, 0x000001c3e30f95b0,
0x000001c3f4f1ae60, 0x000001c3effcef30, 0x000001c3f3f26250, 0x000001c3f3f23af0,
0x000001c3f3f09d80, 0x000001c3e16ac290, 0x000001c3e16c3f30, 0x000001c3e16ac920,
0x000001c3e1691170, 0x000001c3f6beb280, 0x000001c3f6be6a50, 0x000001c3f6bfc620,
0x000001c3f6bf9ec0, 0x000001c3f6bfd9d0, 0x000001c3f6bd5d40, 0x000001c3f6be0e70,
0x000001c3e30f5aa0, 0x000001c3e30ff820, 0x000001c3e3119590, 0x000001c3ec6e9630,
0x000001c3ec6db710, 0x000001c3f418cfc0, 0x000001c3f4158130, 0x000001c3f4160470,
0x000001c3f4171180, 0x000001c3f6753600, 0x000001c3f6759870, 0x000001c3e2a34ad0,
0x000001c3e2a3a6b0, 0x000001c3e2a485d0, 0x000001c3e2a2a6c0, 0x000001c3ece54780,
0x000001c3ece4e510, 0x000001c3ece75b10, 0x000001c3ece5f220, 0x000001c3e48625b0,
0x000001c3e4862c40, 0x000001c3e4864680, 0x000001c3e0e563b0, 0x000001c3e0e28b40,
0x000001c3e0e2a580, 0x000001c3f025d820, 0x000001c3f025deb0, 0x000001c3f0272040,
0x000001c3f027d170, 0x000001c3e0352070, 0x000001c3e034ffa0, 0x000001c3ec173f20,
0x000001c3ec1752d0, 0x000001c3ec175ff0, 0x000001c3ec171e50, 0x000001c3ec176680,
0x000001c3ec173890, 0x000001c3ec1780c0, 0x000001c3ec17c260, 0x000001c3ec179470,
0x000001c3ec17cf80, 0x000001c3effde200, 0x000001c3f0003730, 0x000001c3e05aee30,
0x000001c3f4ee24c0, 0x000001c3ec97d510, 0x000001c3ec97e230, 0x000001c3ec9ab410,
0x000001c3f5296920, 0x000001c3f5274f00, 0x000001c3e0da02b0, 0x000001c3f40e2330,
0x000001c3f40f9fd0, 0x000001c3daa356e0, 0x000001c3daa35d70, 0x000001c3daa49870,
0x000001c3ed6d4e70, 0x000001c3ed703400, 0x000001c3f3f14820, 0x000001c3f3ef5bf0,
0x000001c3e27a7c00, 0x000001c3e27a6ee0, 0x000001c3ef349d00, 0x000001c3ef349670,
0x000001c3ef314150, 0x000001c3ef32b760, 0x000001c3ef334e50, 0x000001c3ef33deb0,
0x000001c3e24c4ca0, 0x000001c3f6d19a40, 0x000001c3f6f4df40, 0x000001c3e2e9d8f0,
0x000001c3f4f15910, 0x000001c3f5272e30, 0x000001c3ef20ca40, 0x000001c3e1319440,
0x000001c3f5314510, 0x000001c3e0db5e80, 0x000001c3da5eb5c0, 0x000001c3f568ff90,
0x000001c3e283e210, 0x000001c3f7873a70, 0x000001c3e1746270, 0x000001c421b4e4d0,
0x000001c421b4de40, 0x000001c421b4bd70, 0x000001c421b4c400, 0x000001c421b4ca90,
0x000001c421b4eb60, 0x000001c421b4d120, 0x000001c421b4b6e0, 0x000001c421b4d7b0,
0x000001c421b51950, 0x000001c421b50c30, 0x000001c421b51fe0, 0x000001c421b505a0,
0x000001c421b52670, 0x000001c421b512c0, 0x000001c421b4f1f0, 0x000001c421b4ff10,
0x000001c421b52d00, 0x000001c421b4f880, 0x000001c421b54dd0, 0x000001c421b54740,
0x000001c421b56810, 0x000001c421b53390, 0x000001c421b55460, 0x000001c421b56ea0,
0x000001c421b57530, 0x000001c421b55af0, 0x000001c421b540b0, 0x000001c421b53a20,
0x000001c421b58250, 0x000001c421b5a320, 0x000001c421b5a9b0, 0x000001c421b588e0,
0x000001c421b5b040, 0x000001c421b57bc0, 0x000001c421b59600, 0x000001c421b59c90,
0x000001c421b5b6d0, 0x000001c421b5bd60, 0x000001c421b5c3f0, 0x000001c421b5f870,
0x000001c421b58f70, 0x000001c421b5d110, 0x000001c421b5e4c0, 0x000001c421b5de30,
0x000001c421b5eb50, 0x000001c421b5ff00, 0x000001c421b5d7a0, 0x000001c421b60c20,
0x000001c421b5ca80, 0x000001c421b612b0, 0x000001c421b60590, 0x000001c421b61940,
0x000001c421b5f1e0, 0x000001c421b62cf0, 0x000001c421b64730, 0x000001c421b63a10,
0x000001c421b640a0, 0x000001c421b63380, 0x000001c421b65450, 0x000001c421b61fd0,
0x000001c421b62660, 0x000001c421b67bb0, 0x000001c421b68f60, 0x000001c421b67520,
0x000001c421b688d0, 0x000001c421b65ae0, 0x000001c421b695f0, 0x000001c421b66170,
0x000001c421b66800, 0x000001c421b66e90, 0x000001c421b6d100, 0x000001c421b6b6c0,
0x000001c421b6bd50, 0x000001c421b6de20, 0x000001c421b6a9a0, 0x000001c421b6c3e0,
0x000001c421b6d790, 0x000001c421b6ca70, 0x000001c421b6eb40, 0x000001c421b70c10,
0x000001c421b71930, 0x000001c421b6e4b0, 0x000001c421b75440, 0x000001c421b74090,
0x000001c421b74720, 0x000001c421b74db0, 0x000001c421b72650, 0x000001c421b73370,
0x000001c421b71fc0, 0x000001c421b73a00, 0x000001c421b75ad0, 0x000001c421b76160,
0x000001c421b72ce0, 0x000001c421b77ba0, 0x000001c421b77510, 0x000001c421b78230,
0x000001c421b788c0, 0x000001c421b767f0, 0x000001c421b78f50, 0x000001c421b795e0,
0x000001c421b79c70, 0x000001c421b7a300, 0x000001c421b76e80, 0x000001c421b7d0f0,
0x000001c421b7bd40, 0x000001c421b7d780, 0x000001c421b7ca60, 0x000001c421b7de10,
0x000001c421b7c3d0, 0x000001c421b7a990, 0x000001c421b7e4a0, 0x000001c421b7b6b0,
0x000001c421b7b020, 0x000001c421b7eb30, 0x000001c421b7f1c0, 0x000001c421b7f850,
0x000001c421b82640, 0x000001c421b80c00, 0x000001c421b80570, 0x000001c421b81290,
0x000001c421b83360, 0x000001c421b82cd0, 0x000001c421b7fee0, 0x000001c421b84080,
0x000001c421b84da0, 0x000001c421b81920, 0x000001c421b839f0, 0x000001c421b84710,
0x000001c421b85430, 0x000001c421b81fb0, 0x000001c421b867e0, 0x000001c421b88f40,
0x000001c421b86e70, 0x000001c421b87500, 0x000001c421b87b90, 0x000001c421b88220,
0x000001c421b85ac0, 0x000001c421b888b0, 0x000001c421b895d0, 0x000001c421b86150,
0x000001c421b89c60, 0x000001c421b8a980, 0x000001c421b8b010, 0x000001c421b8a2f0,
0x000001c421b8b6a0, 0x000001c42121f260, 0x000001c42121deb0, 0x000001c42121e540,
0x000001c42121ebd0, 0x000001c42121f8f0, 0x000001c42121c470, 0x000001c42121ff80,
0x000001c42121cb00, 0x000001c421220610, 0x000001c42121d190, 0x000001c42121d820,
0x000001c421224120, 0x000001c421220ca0, 0x000001c4212247b0, 0x000001c421221330,
0x000001c4212226e0, 0x000001c421224e40, 0x000001c4212219c0, 0x000001c421222d70,
0x000001c4212254d0, 0x000001c421222050, 0x000001c421225b60, 0x000001c421223400,
0x000001c4212261f0, 0x000001c421226880, 0x000001c421226f10, 0x000001c421223a90,
0x000001c42122aa20, 0x000001c421228950, 0x000001c42122a390, 0x000001c421228fe0,
0x000001c4212282c0, 0x000001c4212275a0, 0x000001c421229670, 0x000001c42122b0b0,
0x000001c421229d00, 0x000001c421227c30, 0x000001c42122dea0, 0x000001c42122d810,
0x000001c42122ebc0, 0x000001c42122caf0, 0x000001c42122d180, 0x000001c42122e530,
0x000001c42122c460, 0x000001c42122b740, 0x000001c42122f250, 0x000001c42122bdd0,
0x000001c421231320, 0x000001c4212319b0, 0x000001c421232040, 0x000001c4212326d0,
0x000001c421232d60, 0x000001c42122f8e0, 0x000001c4212333f0, 0x000001c42122ff70,
0x000001c421233a80, 0x000001c421230600, 0x000001c421230c90, 0x000001c421235b50,
0x000001c421234110, 0x000001c4212361e0, 0x000001c4212347a0, 0x000001c4212354c0,
0x000001c421236870, 0x000001c421234e30, 0x000001c421239660, 0x000001c421238fd0,
0x000001c421239cf0, 0x000001c421238940, 0x000001c42123a380, 0x000001c421236f00,
0x000001c42123aa10, 0x000001c421237590, 0x000001c42123b0a0, 0x000001c421237c20,
0x000001c42123e520, 0x000001c42123d800, 0x000001c42123b730, 0x000001c4212382b0,
0x000001c42123bdc0, 0x000001c42123de90, 0x000001c42123c450, 0x000001c42123cae0,
0x000001c42123ff60, 0x000001c42123f240, 0x000001c42123ebb0, 0x000001c42123f8d0,
0x000001c4212405f0, 0x000001c42123d170, 0x000001c421242030, 0x000001c421240c80,
0x000001c4212426c0, 0x000001c421241310, 0x000001c4212419a0, 0x000001c421203420,
0x000001c421203ab0, 0x000001c421204140, 0x000001c4212047d0, 0x000001c421202d90,
0x000001c421204e60, 0x000001c4212054f0, 0x000001c421202700, 0x000001c4212068a0,
0x000001c4212082e0, 0x000001c421208970, 0x000001c421209000, 0x000001c421207c50,
0x000001c421205b80, 0x000001c421206210, 0x000001c421206f30, 0x000001c42120aa40,
0x000001c4212075c0, 0x000001c421202070, 0x000001c42120cb10, 0x000001c42120b760,
0x000001c421209690, 0x000001c42120bdf0, 0x000001c42120d1a0, 0x000001c42120b0d0,
0x000001c42120c480, 0x000001c421209d20, 0x000001c42120d830, 0x000001c42120a3b0,
0x000001c42120dec0, 0x000001c42120f270, 0x000001c42120f900, 0x000001c42120ebe0,
0x000001c421210620, 0x000001c42120ff90, 0x000001c421214e50, 0x000001c421211340,
0x000001c421213aa0, 0x000001c421210cb0, 0x000001c4212119d0, 0x000001c42120e550,
0x000001c421214130, 0x000001c4212147c0, 0x000001c4212154e0, 0x000001c421212060,
0x000001c421215b70, 0x000001c4212126f0, 0x000001c421216200, 0x000001c421212d80,
0x000001c421216890, 0x000001c421213410, 0x000001c4212175b0, 0x000001c421217c40,
0x000001c421219d10, 0x000001c42121a3a0, 0x000001c421219680, 0x000001c421216f20,
0x000001c42121b0c0, 0x000001c42121aa30, 0x000001c421218960, 0x000001c42121b750,
0x000001c4212182d0, 0x000001c42121bde0, 0x000001c421218ff0, 0x000001c436546ff0,
0x000001c4365455b0, 0x000001c436544200, 0x000001c436544890, 0x000001c436544f20,
0x000001c4365483a0, 0x000001c436546960, 0x000001c436547d10, 0x000001c436545c40,
0x000001c436548a30, 0x000001c436549de0, 0x000001c4365490c0, 0x000001c436549750,
0x000001c43654a470, 0x000001c436547680, 0x000001c43654df80, 0x000001c4365462d0,
0x000001c43654ab00, 0x000001c43654e610, 0x000001c43654b190, 0x000001c43654eca0,
0x000001c43654c540, 0x000001c43654cbd0, 0x000001c43654f330, 0x000001c43654beb0,
0x000001c43654f9c0, 0x000001c436550050, 0x000001c4365506e0, 0x000001c436552120,
0x000001c43654b820, 0x000001c43654d8f0, 0x000001c4365541f0, 0x000001c436552e40,
0x000001c4365534d0, 0x000001c436553b60, 0x000001c436551a90, 0x000001c4365527b0,
0x000001c436554880, 0x000001c436551400, 0x000001c4365555a0, 0x000001c436556950,
0x000001c436557670, 0x000001c436555c30, 0x000001c436556fe0, 0x000001c436554f10,
0x000001c436557d00, 0x000001c436559740, 0x000001c436558a20, 0x000001c436558390,
0x000001c4365590b0, 0x000001c4365562c0, 0x000001c436559dd0, 0x000001c43655cbc0,
0x000001c436550d70, 0x000001c43655b180, 0x000001c43655d8e0, 0x000001c43655d250,
0x000001c43655c530, 0x000001c43655aaf0, 0x000001c43655a460, 0x000001c43655b810,
0x000001c43655df70, 0x000001c436560040, 0x000001c436561a80, 0x000001c43655e600,
0x000001c436562110, 0x000001c4365627a0, 0x000001c4365613f0, 0x000001c436560d60,
0x000001c43655f320, 0x000001c43655f9b0, 0x000001c4365641e0, 0x000001c436562e30,
0x000001c4365662b0, 0x000001c436565c20, 0x000001c43655bea0, 0x000001c436565590,
0x000001c436566940, 0x000001c4365634c0, 0x000001c436564f00, 0x000001c436566fd0,
0x000001c436563b50, 0x000001c436567cf0, 0x000001c436568380, 0x000001c436569730,
0x000001c436567660, 0x000001c436568a10, 0x000001c4365690a0, 0x000001c436529e00,
0x000001c43652ab20, 0x000001c43652b1b0, 0x000001c436564870, 0x000001c43652e630,
0x000001c43652dfa0, 0x000001c43652ecc0, 0x000001c43652c560, 0x000001c43652b840,
0x000001c43652f350, 0x000001c43652bed0, 0x000001c43652d910, 0x000001c43652a490,
0x000001c4365327d0, 0x000001c43652f9e0, 0x000001c436530070, 0x000001c43652d280,
0x000001c436531420, 0x000001c4365334f0, 0x000001c436532e60, 0x000001c436530d90,
0x000001c436533b80, 0x000001c436534210, 0x000001c436532140, 0x000001c436531ab0,
0x000001c436530700, 0x000001c4365355c0, 0x000001c4365362e0, 0x000001c4365383b0,
0x000001c436535c50, 0x000001c436534f30, 0x000001c436537d20, 0x000001c436537690,
0x000001c4365390d0, 0x000001c436539760, 0x000001c436538a40, 0x000001c436539df0,
0x000001c436536970, 0x000001c43653a480, 0x000001c436537000, 0x000001c43653b1a0,
0x000001c43653df90, 0x000001c43653bec0, 0x000001c43653e620, 0x000001c43653ecb0,
0x000001c43653d900, 0x000001c43653b830, 0x000001c43653c550, 0x000001c436540060,
0x000001c43653f340, 0x000001c43653f9d0, 0x000001c43653d270, 0x000001c43653cbe0,
0x000001c436542130, 0x000001c4365406f0, 0x000001c436541410, 0x000001c436541aa0,
0x000001c436543b70, 0x000001c436540d80, 0x000001c4365427c0, 0x000001c436542e50,
0x000001c4365434e0, 0x000001c3f0a88860, 0x000001c3ec168760, 0x000001c421afd640,
0x000001c421afdcd0, 0x000001c421afe360, 0x000001c421afe9f0, 0x000001c421affda0,
0x000001c421b02500, 0x000001c421b01e70, 0x000001c421aff080, 0x000001c421b00430,
0x000001c421afcfb0, 0x000001c421aff710, 0x000001c421b038b0, 0x000001c421b02b90,
0x000001c421b00ac0, 0x000001c421b03f40, 0x000001c421b01150, 0x000001c421b045d0,
0x000001c421b04c60, 0x000001c421b03220, 0x000001c421b066a0, 0x000001c421b073c0,
0x000001c421b05980, 0x000001c421b09490, 0x000001c421b080e0, 0x000001c421b07a50,
0x000001c3df7b24d0, 0x000001c421b09b20, 0x000001c421b0aed0, 0x000001c421b0a1b0,
0x000001c421b0a840, 0x000001c421b0e350, 0x000001c421b0e9e0, 0x000001c421b0b560,
0x000001c421b11e60, 0x000001c421b124f0, 0x000001c421b10ab0, 0x000001c421b10420,
0x000001c421b0f700, 0x000001c421b117d0, 0x000001c421b12b80, 0x000001c421b13210,
0x000001c421b0fd90, 0x000001c421b138a0, 0x000001c421b16690, 0x000001c421b16d20,
0x000001c421b0f070, 0x000001c421b13f30, 0x000001c421b145c0, 0x000001c421b052f0,
0x000001c421b0bbf0, 0x000001c421b06d30, 0x000001c421b08770, 0x000001c421b0d630,
0x000001c421b017e0, 0x000001c421b08e00, 0x000001c421b0c280, 0x000001c421b11140
}

Java Threads: ( => current thread )
  0x000001c3fdc6cf10 JavaThread "main"                              [_thread_blocked, id=11224, stack(0x000000bf62c00000,0x000000bf62d00000) (1024K)]
  0x000001c3d881ac20 JavaThread "Reference Handler"          daemon [_thread_blocked, id=24372, stack(0x000000bf63000000,0x000000bf63100000) (1024K)]
  0x000001c3d881e0b0 JavaThread "Finalizer"                  daemon [_thread_blocked, id=2288, stack(0x000000bf63100000,0x000000bf63200000) (1024K)]
  0x000001c3d88219a0 JavaThread "Signal Dispatcher"          daemon [_thread_blocked, id=18908, stack(0x000000bf63200000,0x000000bf63300000) (1024K)]
  0x000001c3d8822880 JavaThread "Attach Listener"            daemon [_thread_blocked, id=6048, stack(0x000000bf63300000,0x000000bf63400000) (1024K)]
  0x000001c3d8826850 JavaThread "Service Thread"             daemon [_thread_blocked, id=14224, stack(0x000000bf63400000,0x000000bf63500000) (1024K)]
  0x000001c3d8828940 JavaThread "Monitor Deflation Thread"   daemon [_thread_blocked, id=14396, stack(0x000000bf63500000,0x000000bf63600000) (1024K)]
=>0x000001c3fdd1c1a0 JavaThread "C2 CompilerThread0"         daemon [_thread_in_native, id=3192, stack(0x000000bf63600000,0x000000bf63700000) (1024K)]
  0x000001c3fdd21df0 JavaThread "C1 CompilerThread0"         daemon [_thread_blocked, id=22632, stack(0x000000bf63700000,0x000000bf63800000) (1024K)]
  0x000001c3d8a5f5e0 JavaThread "Common-Cleaner"             daemon [_thread_blocked, id=16756, stack(0x000000bf63b00000,0x000000bf63c00000) (1024K)]
  0x000001c3da4a01a0 JavaThread "Notification Thread"        daemon [_thread_blocked, id=10548, stack(0x000000bf63c00000,0x000000bf63d00000) (1024K)]
  0x000001c3df09e6e0 JavaThread "Active Thread: Equinox Container: 54898b85-d7c1-44db-8eed-fa4b99ba0cd9"        [_thread_blocked, id=3412, stack(0x000000bf64600000,0x000000bf64700000) (1024K)]
  0x000001c3df09e050 JavaThread "Refresh Thread: Equinox Container: 54898b85-d7c1-44db-8eed-fa4b99ba0cd9" daemon [_thread_blocked, id=15180, stack(0x000000bf64800000,0x000000bf64900000) (1024K)]
  0x000001c3df09ed70 JavaThread "Framework Event Dispatcher: Equinox Container: 54898b85-d7c1-44db-8eed-fa4b99ba0cd9" daemon [_thread_blocked, id=8668, stack(0x000000bf64900000,0x000000bf64a00000) (1024K)]
  0x000001c3df09d330 JavaThread "Start Level: Equinox Container: 54898b85-d7c1-44db-8eed-fa4b99ba0cd9" daemon [_thread_blocked, id=8388, stack(0x000000bf64a00000,0x000000bf64b00000) (1024K)]
  0x000001c3df09f400 JavaThread "Bundle File Closer"         daemon [_thread_blocked, id=23512, stack(0x000000bf64d00000,0x000000bf64e00000) (1024K)]
  0x000001c3df09fa90 JavaThread "SCR Component Actor"        daemon [_thread_blocked, id=10588, stack(0x000000bf63d00000,0x000000bf63e00000) (1024K)]
  0x000001c3df0a0120 JavaThread "Worker-JM"                         [_thread_blocked, id=25056, stack(0x000000bf63a00000,0x000000bf63b00000) (1024K)]
  0x000001c3df09d9c0 JavaThread "JNA Cleaner"                daemon [_thread_blocked, id=7376, stack(0x000000bf64e00000,0x000000bf64f00000) (1024K)]
  0x000001c3e034e560 JavaThread "Worker-0: Initialize workspace"        [_thread_blocked, id=5976, stack(0x000000bf65300000,0x000000bf65400000) (1024K)]
  0x000001c3e034ebf0 JavaThread "Worker-2: Initialize workspace"        [_thread_blocked, id=21824, stack(0x000000bf65500000,0x000000bf65600000) (1024K)]
  0x000001c3e0350630 JavaThread "Worker-3: Initialize workspace"        [_thread_blocked, id=25216, stack(0x000000bf65900000,0x000000bf65a00000) (1024K)]
  0x000001c3e034ded0 JavaThread "Java indexing"              daemon [_thread_blocked, id=7048, stack(0x000000bf65a00000,0x000000bf65b00000) (1024K)]
  0x000001c3e034f280 JavaThread "Worker-4: Initialize workspace"        [_thread_blocked, id=15900, stack(0x000000bf65b00000,0x000000bf65c00000) (1024K)]
  0x000001c3e0352d90 JavaThread "Worker-5: Initialize workspace"        [_thread_blocked, id=17220, stack(0x000000bf66100000,0x000000bf66200000) (1024K)]
  0x000001c3e0352700 JavaThread "Worker-6: Initialize workspace"        [_thread_blocked, id=23868, stack(0x000000bf66200000,0x000000bf66300000) (1024K)]
  0x000001c3e03519e0 JavaThread "pool-2-thread-1"                   [_thread_blocked, id=3956, stack(0x000000bf66400000,0x000000bf66500000) (1024K)]
  0x000001c3e0353420 JavaThread "WorkspaceEventsHandler"            [_thread_blocked, id=19816, stack(0x000000bf66500000,0x000000bf66600000) (1024K)]
  0x000001c3e0353ab0 JavaThread "pool-1-thread-1"                   [_thread_blocked, id=6708, stack(0x000000bf66600000,0x000000bf66700000) (1024K)]
  0x000001c3f5690620 JavaThread "PatternSearchJob-worker-1"  daemon [_thread_blocked, id=5352, stack(0x000000bf69900000,0x000000bf69a00000) (1024K)]
  0x000001c3f5692060 JavaThread "PatternSearchJob-worker-3"  daemon [_thread_blocked, id=5704, stack(0x000000bf69b00000,0x000000bf69c00000) (1024K)]
  0x000001c3f568ebe0 JavaThread "PatternSearchJob-worker-4"  daemon [_thread_blocked, id=9072, stack(0x000000bf69c00000,0x000000bf69d00000) (1024K)]
  0x000001c3f56919d0 JavaThread "PatternSearchJob-worker-5"  daemon [_thread_blocked, id=12456, stack(0x000000bf69d00000,0x000000bf69e00000) (1024K)]
  0x000001c3f568f900 JavaThread "PatternSearchJob-worker-6"  daemon [_thread_blocked, id=12660, stack(0x000000bf69e00000,0x000000bf69f00000) (1024K)]
  0x000001c3e17413b0 JavaThread "PatternSearchJob-worker-7"  daemon [_thread_blocked, id=19856, stack(0x000000bf69f00000,0x000000bf6a000000) (1024K)]
  0x000001c3e17420d0 JavaThread "PatternSearchJob-worker-8"  daemon [_thread_blocked, id=21704, stack(0x000000bf6a000000,0x000000bf6a100000) (1024K)]
  0x000001c3e1741a40 JavaThread "PatternSearchJob-worker-9"  daemon [_thread_blocked, id=20308, stack(0x000000bf6a100000,0x000000bf6a200000) (1024K)]
  0x000001c3e1744830 JavaThread "PatternSearchJob-worker-10" daemon [_thread_blocked, id=20120, stack(0x000000bf6a200000,0x000000bf6a300000) (1024K)]
  0x000001c3e1745550 JavaThread "PatternSearchJob-worker-12" daemon [_thread_blocked, id=15184, stack(0x000000bf6a400000,0x000000bf6a500000) (1024K)]
  0x000001c3e1742df0 JavaThread "PatternSearchJob-worker-13" daemon [_thread_blocked, id=23400, stack(0x000000bf6a500000,0x000000bf6a600000) (1024K)]
  0x000001c3e1744ec0 JavaThread "PatternSearchJob-worker-14" daemon [_thread_blocked, id=1692, stack(0x000000bf6a600000,0x000000bf6a700000) (1024K)]
  0x000001c3e1745be0 JavaThread "PatternSearchJob-worker-16" daemon [_thread_blocked, id=14936, stack(0x000000bf6a800000,0x000000bf6a900000) (1024K)]
  0x000001c3e1742760 JavaThread "PatternSearchJob-worker-17" daemon [_thread_blocked, id=14532, stack(0x000000bf6a900000,0x000000bf6aa00000) (1024K)]
  0x000001c3efc63d20 JavaThread "Timer-0"                           [_thread_blocked, id=19460, stack(0x000000bf6bd00000,0x000000bf6be00000) (1024K)]
  0x000001c3efc650d0 JavaThread "Timer-1"                           [_thread_blocked, id=5984, stack(0x000000bf63800000,0x000000bf63900000) (1024K)]
  0x000001c3efc65760 JavaThread "Timer-2"                           [_thread_blocked, id=2368, stack(0x000000bf63900000,0x000000bf63a00000) (1024K)]
  0x000001c3efc65df0 JavaThread "Timer-3"                           [_thread_blocked, id=3156, stack(0x000000bf64500000,0x000000bf64600000) (1024K)]
  0x000001c3e283d4f0 JavaThread "Timer-4"                           [_thread_blocked, id=21484, stack(0x000000bf65700000,0x000000bf65800000) (1024K)]
  0x000001c3e283f5c0 JavaThread "Timer-5"                           [_thread_blocked, id=17464, stack(0x000000bf64f00000,0x000000bf65000000) (1024K)]
  0x000001c3e283db80 JavaThread "Timer-6"                           [_thread_blocked, id=5316, stack(0x000000bf65800000,0x000000bf65900000) (1024K)]
  0x000001c3e283fc50 JavaThread "Timer-7"                           [_thread_blocked, id=6092, stack(0x000000bf6ad00000,0x000000bf6ae00000) (1024K)]
  0x000001c3e2841690 JavaThread "Timer-8"                           [_thread_blocked, id=23600, stack(0x000000bf6af00000,0x000000bf6b000000) (1024K)]
  0x000001c3efc615c0 JavaThread "Timer-9"                           [_thread_blocked, id=23916, stack(0x000000bf6b000000,0x000000bf6b100000) (1024K)]
  0x000001c3efc5f4f0 JavaThread "Timer-10"                          [_thread_blocked, id=18836, stack(0x000000bf6b200000,0x000000bf6b300000) (1024K)]
  0x000001c3efc60210 JavaThread "Timer-11"                          [_thread_blocked, id=2772, stack(0x000000bf6ab00000,0x000000bf6ac00000) (1024K)]
  0x000001c3efc60f30 JavaThread "Timer-12"                          [_thread_blocked, id=18784, stack(0x000000bf6b300000,0x000000bf6b400000) (1024K)]
  0x000001c3efc5e7d0 JavaThread "Timer-13"                          [_thread_blocked, id=26480, stack(0x000000bf6ac00000,0x000000bf6ad00000) (1024K)]
  0x000001c3efc63690 JavaThread "Timer-14"                          [_thread_blocked, id=26556, stack(0x000000bf6b500000,0x000000bf6b600000) (1024K)]
  0x000001c3efc61c50 JavaThread "Timer-15"                          [_thread_blocked, id=17268, stack(0x000000bf6aa00000,0x000000bf6ab00000) (1024K)]
  0x000001c3e1746900 JavaThread "Timer-16"                          [_thread_blocked, id=26220, stack(0x000000bf6b800000,0x000000bf6b900000) (1024K)]
  0x000001c3e1746f90 JavaThread "Timer-17"                          [_thread_blocked, id=20208, stack(0x000000bf6b900000,0x000000bf6ba00000) (1024K)]
  0x000001c3e1747620 JavaThread "Timer-18"                          [_thread_blocked, id=18228, stack(0x000000bf6ba00000,0x000000bf6bb00000) (1024K)]
  0x000001c3e1747cb0 JavaThread "Timer-19"                          [_thread_blocked, id=22964, stack(0x000000bf6b600000,0x000000bf6b700000) (1024K)]
  0x000001c3e1748340 JavaThread "Timer-20"                          [_thread_blocked, id=9460, stack(0x000000bf6bc00000,0x000000bf6bd00000) (1024K)]
  0x000001c3efc62970 JavaThread "Timer-21"                          [_thread_blocked, id=26588, stack(0x000000bf6bb00000,0x000000bf6bc00000) (1024K)]
  0x000001c3e17489d0 JavaThread "Timer-22"                          [_thread_blocked, id=19348, stack(0x000000bf6bf00000,0x000000bf6c000000) (1024K)]
  0x000001c3e2841000 JavaThread "Timer-23"                          [_thread_blocked, id=26508, stack(0x000000bf6b400000,0x000000bf6b500000) (1024K)]
  0x000001c3dfcc5f60 JavaThread "Timer-24"                          [_thread_blocked, id=5256, stack(0x000000bf6be00000,0x000000bf6bf00000) (1024K)]
  0x000001c3dfcc3e90 JavaThread "Timer-25"                          [_thread_blocked, id=26228, stack(0x000000bf6c000000,0x000000bf6c100000) (1024K)]
  0x000001c3dfcc6c80 JavaThread "Timer-26"                          [_thread_blocked, id=26192, stack(0x000000bf6c200000,0x000000bf6c300000) (1024K)]
  0x000001c3dfcc79a0 JavaThread "Timer-27"                          [_thread_blocked, id=25096, stack(0x000000bf6c300000,0x000000bf6c400000) (1024K)]
  0x000001c3dfcc65f0 JavaThread "Timer-28"                          [_thread_blocked, id=13504, stack(0x000000bf6c400000,0x000000bf6c500000) (1024K)]
  0x000001c3dfcc4bb0 JavaThread "Timer-29"                          [_thread_blocked, id=26060, stack(0x000000bf62900000,0x000000bf62a00000) (1024K)]
  0x000001c3dfcc4520 JavaThread "Timer-30"                          [_thread_blocked, id=20632, stack(0x000000bf6ae00000,0x000000bf6af00000) (1024K)]
  0x000001c3dfcc86c0 JavaThread "Timer-31"                          [_thread_blocked, id=26080, stack(0x000000bf6b100000,0x000000bf6b200000) (1024K)]
  0x000001c3dfcc5240 JavaThread "Timer-32"                          [_thread_blocked, id=15160, stack(0x000000bf6c100000,0x000000bf6c200000) (1024K)]
  0x000001c3dfcc8d50 JavaThread "Timer-33"                          [_thread_blocked, id=8116, stack(0x000000bf6c500000,0x000000bf6c600000) (1024K)]
  0x000001c3dfcc58d0 JavaThread "Timer-34"                          [_thread_blocked, id=25684, stack(0x000000bf6c600000,0x000000bf6c700000) (1024K)]
  0x000001c3dfccb4b0 JavaThread "Timer-35"                          [_thread_blocked, id=25624, stack(0x000000bf6c700000,0x000000bf6c800000) (1024K)]
  0x000001c3dfcc93e0 JavaThread "Timer-36"                          [_thread_blocked, id=18832, stack(0x000000bf6c900000,0x000000bf6ca00000) (1024K)]
  0x000001c3dfcc9a70 JavaThread "Timer-37"                          [_thread_blocked, id=25764, stack(0x000000bf6c800000,0x000000bf6c900000) (1024K)]
  0x000001c3dfcca100 JavaThread "Timer-38"                          [_thread_blocked, id=7928, stack(0x000000bf6ca00000,0x000000bf6cb00000) (1024K)]
  0x000001c3dfcca790 JavaThread "Timer-39"                          [_thread_blocked, id=26176, stack(0x000000bf6cb00000,0x000000bf6cc00000) (1024K)]
  0x000001c3dfccae20 JavaThread "Timer-40"                          [_thread_blocked, id=23076, stack(0x000000bf6cd00000,0x000000bf6ce00000) (1024K)]
  0x000001c3f0920050 JavaThread "Timer-41"                          [_thread_blocked, id=11852, stack(0x000000bf6ce00000,0x000000bf6cf00000) (1024K)]
  0x000001c3f091f9c0 JavaThread "Timer-42"                          [_thread_blocked, id=19108, stack(0x000000bf6cf00000,0x000000bf6d000000) (1024K)]
  0x000001c3f0922120 JavaThread "Timer-43"                          [_thread_blocked, id=24620, stack(0x000000bf6d000000,0x000000bf6d100000) (1024K)]
  0x000001c3f0921a90 JavaThread "Timer-44"                          [_thread_blocked, id=12076, stack(0x000000bf6d200000,0x000000bf6d300000) (1024K)]
  0x000001c3f09206e0 JavaThread "Worker-8: Initialize workspace"        [_thread_blocked, id=14404, stack(0x000000bf6b700000,0x000000bf6b800000) (1024K)]
  0x000001c3f09241f0 JavaThread "Timer-45"                          [_thread_blocked, id=16976, stack(0x000000bf6d100000,0x000000bf6d200000) (1024K)]
  0x000001c3f09227b0 JavaThread "Timer-46"                          [_thread_blocked, id=5608, stack(0x000000bf6d300000,0x000000bf6d400000) (1024K)]
  0x000001c3f0920d70 JavaThread "Timer-47"                          [_thread_blocked, id=22292, stack(0x000000bf6d400000,0x000000bf6d500000) (1024K)]
  0x000001c3f09234d0 JavaThread "Timer-48"                          [_thread_blocked, id=25640, stack(0x000000bf6d700000,0x000000bf6d800000) (1024K)]
  0x000001c3f0921400 JavaThread "Timer-49"                          [_thread_blocked, id=26496, stack(0x000000bf6d800000,0x000000bf6d900000) (1024K)]
  0x000001c3f0924880 JavaThread "Timer-50"                          [_thread_blocked, id=19996, stack(0x000000bf6d900000,0x000000bf6da00000) (1024K)]
  0x000001c3f09262c0 JavaThread "Timer-51"                          [_thread_blocked, id=25760, stack(0x000000bf6da00000,0x000000bf6db00000) (1024K)]
  0x000001c3f0924f10 JavaThread "Timer-52"                          [_thread_blocked, id=25420, stack(0x000000bf6dc00000,0x000000bf6dd00000) (1024K)]
  0x000001c3f0926950 JavaThread "Worker-9: Initialize workspace"        [_thread_blocked, id=1020, stack(0x000000bf6d500000,0x000000bf6d600000) (1024K)]
  0x000001c3f0926fe0 JavaThread "Timer-53"                          [_thread_blocked, id=11420, stack(0x000000bf6db00000,0x000000bf6dc00000) (1024K)]
  0x000001c3f0923b60 JavaThread "Timer-54"                          [_thread_blocked, id=25100, stack(0x000000bf6dd00000,0x000000bf6de00000) (1024K)]
  0x000001c3f09255a0 JavaThread "Timer-55"                          [_thread_blocked, id=26376, stack(0x000000bf6de00000,0x000000bf6df00000) (1024K)]
  0x000001c3f0922e40 JavaThread "Timer-56"                          [_thread_blocked, id=6964, stack(0x000000bf6e200000,0x000000bf6e300000) (1024K)]
  0x000001c3da5e94f0 JavaThread "Timer-57"                          [_thread_blocked, id=14716, stack(0x000000bf6e300000,0x000000bf6e400000) (1024K)]
  0x000001c3da5e9b80 JavaThread "Timer-58"                          [_thread_blocked, id=20048, stack(0x000000bf6e400000,0x000000bf6e500000) (1024K)]
  0x000001c3da5ea210 JavaThread "Timer-59"                          [_thread_blocked, id=21572, stack(0x000000bf6e500000,0x000000bf6e600000) (1024K)]
  0x000001c3da5ea8a0 JavaThread "Timer-60"                          [_thread_blocked, id=14900, stack(0x000000bf6e000000,0x000000bf6e100000) (1024K)]
  0x000001c3da5eaf30 JavaThread "Timer-61"                          [_thread_blocked, id=12500, stack(0x000000bf6cc00000,0x000000bf6cd00000) (1024K)]
  0x000001c3da5e7ab0 JavaThread "Timer-62"                          [_thread_blocked, id=26280, stack(0x000000bf6d600000,0x000000bf6d700000) (1024K)]
  0x000001c3da5e8140 JavaThread "Timer-63"                          [_thread_blocked, id=16868, stack(0x000000bf6e800000,0x000000bf6e900000) (1024K)]
  0x000001c3da5e87d0 JavaThread "Timer-64"                          [_thread_blocked, id=25612, stack(0x000000bf65600000,0x000000bf65700000) (1024K)]
  0x000001c3da5ec2e0 JavaThread "Timer-65"                          [_thread_blocked, id=26472, stack(0x000000bf65c00000,0x000000bf65d00000) (1024K)]
  0x000001c3da5e8e60 JavaThread "Timer-66"                          [_thread_blocked, id=25540, stack(0x000000bf65d00000,0x000000bf65e00000) (1024K)]
  0x000001c3da5eea40 JavaThread "Timer-67"                          [_thread_blocked, id=26016, stack(0x000000bf6e100000,0x000000bf6e200000) (1024K)]
  0x000001c3da5ec970 JavaThread "Timer-68"                          [_thread_blocked, id=25668, stack(0x000000bf6e600000,0x000000bf6e700000) (1024K)]
  0x000001c3da5ed000 JavaThread "Timer-69"                          [_thread_blocked, id=13928, stack(0x000000bf62a00000,0x000000bf62b00000) (1024K)]
  0x000001c3da5ef0d0 JavaThread "Timer-70"                          [_thread_blocked, id=26384, stack(0x000000bf6e900000,0x000000bf6ea00000) (1024K)]
  0x000001c3da5ed690 JavaThread "Timer-71"                          [_thread_blocked, id=26240, stack(0x000000bf6eb00000,0x000000bf6ec00000) (1024K)]
  0x000001c3e283ce60 JavaThread "Timer-72"                          [_thread_blocked, id=22884, stack(0x000000bf6ea00000,0x000000bf6eb00000) (1024K)]
  0x000001c3da5edd20 JavaThread "Timer-73"                          [_thread_blocked, id=12160, stack(0x000000bf6ec00000,0x000000bf6ed00000) (1024K)]
  0x000001c3da5ebc50 JavaThread "Timer-74"                          [_thread_blocked, id=4540, stack(0x000000bf6ed00000,0x000000bf6ee00000) (1024K)]
  0x000001c3da5ee3b0 JavaThread "Timer-75"                          [_thread_blocked, id=7156, stack(0x000000bf6ef00000,0x000000bf6f000000) (1024K)]
  0x000001c3f0925c30 JavaThread "Timer-76"                          [_thread_blocked, id=26532, stack(0x000000bf6f100000,0x000000bf6f200000) (1024K)]
  0x000001c3e2e9d260 JavaThread "Timer-77"                          [_thread_blocked, id=25732, stack(0x000000bf62b00000,0x000000bf62c00000) (1024K)]
  0x000001c3e2e9cbd0 JavaThread "Timer-78"                          [_thread_blocked, id=12280, stack(0x000000bf6f200000,0x000000bf6f300000) (1024K)]
  0x000001c3e2e9eca0 JavaThread "Timer-79"                          [_thread_blocked, id=7700, stack(0x000000bf6f000000,0x000000bf6f100000) (1024K)]
  0x000001c3e2e9e610 JavaThread "Timer-80"                          [_thread_blocked, id=17384, stack(0x000000bf6f600000,0x000000bf6f700000) (1024K)]
  0x000001c3e2e9f330 JavaThread "Timer-81"                          [_thread_blocked, id=25952, stack(0x000000bf6f700000,0x000000bf6f800000) (1024K)]
  0x000001c3e2e9beb0 JavaThread "Timer-82"                          [_thread_blocked, id=26052, stack(0x000000bf6f800000,0x000000bf6f900000) (1024K)]
  0x000001c3e2e9f9c0 JavaThread "Timer-83"                          [_thread_blocked, id=25804, stack(0x000000bf6f900000,0x000000bf6fa00000) (1024K)]
  0x000001c3e2e9c540 JavaThread "Timer-84"                          [_thread_blocked, id=19048, stack(0x000000bf6fb00000,0x000000bf6fc00000) (1024K)]
  0x000001c3e2ea0050 JavaThread "Timer-85"                          [_thread_blocked, id=6056, stack(0x000000bf6e700000,0x000000bf6e800000) (1024K)]
  0x000001c3e2ea34d0 JavaThread "Timer-86"                          [_thread_blocked, id=26116, stack(0x000000bf6f400000,0x000000bf6f500000) (1024K)]
  0x000001c3e2ea1400 JavaThread "Timer-87"                          [_thread_blocked, id=25876, stack(0x000000bf6fa00000,0x000000bf6fb00000) (1024K)]
  0x000001c3e2ea3b60 JavaThread "Worker-13: Initialize workspace"        [_thread_blocked, id=26512, stack(0x000000bf6fe00000,0x000000bf6ff00000) (1024K)]
  0x000001c3e2e9df80 JavaThread "Timer-88"                          [_thread_blocked, id=15832, stack(0x000000bf6fd00000,0x000000bf6fe00000) (1024K)]
  0x000001c3e2ea1a90 JavaThread "Timer-89"                          [_thread_blocked, id=25744, stack(0x000000bf6ff00000,0x000000bf70000000) (1024K)]
  0x000001c3e2ea41f0 JavaThread "Timer-90"                          [_thread_blocked, id=26364, stack(0x000000bf70000000,0x000000bf70100000) (1024K)]
  0x000001c3e2ea0d70 JavaThread "Timer-91"                          [_thread_blocked, id=14892, stack(0x000000bf70100000,0x000000bf70200000) (1024K)]
  0x000001c3e2ea4880 JavaThread "Timer-92"                          [_thread_blocked, id=5900, stack(0x000000bf70300000,0x000000bf70400000) (1024K)]
  0x000001c3e2ea4f10 JavaThread "Timer-93"                          [_thread_blocked, id=26500, stack(0x000000bf6f500000,0x000000bf6f600000) (1024K)]
  0x000001c3e2ea2e40 JavaThread "Timer-94"                          [_thread_blocked, id=18932, stack(0x000000bf70400000,0x000000bf70500000) (1024K)]
  0x000001c3e2ea5c30 JavaThread "Timer-95"                          [_thread_blocked, id=25716, stack(0x000000bf70500000,0x000000bf70600000) (1024K)]
  0x000001c3e2ea62c0 JavaThread "Worker-14: Initialize workspace"        [_thread_blocked, id=20788, stack(0x000000bf70800000,0x000000bf70900000) (1024K)]
  0x000001c3e2ea27b0 JavaThread "Timer-96"                          [_thread_blocked, id=16556, stack(0x000000bf70600000,0x000000bf70700000) (1024K)]
  0x000001c3e2ea9740 JavaThread "Timer-97"                          [_thread_blocked, id=6728, stack(0x000000bf70700000,0x000000bf70800000) (1024K)]
  0x000001c3e2ea6fe0 JavaThread "Timer-98"                          [_thread_blocked, id=26120, stack(0x000000bf70900000,0x000000bf70a00000) (1024K)]
  0x000001c3e2ea6950 JavaThread "Timer-99"                          [_thread_blocked, id=25892, stack(0x000000bf70a00000,0x000000bf70b00000) (1024K)]
  0x000001c3e2ea7670 JavaThread "Timer-100"                         [_thread_blocked, id=22252, stack(0x000000bf70b00000,0x000000bf70c00000) (1024K)]
  0x000001c3e2ea7d00 JavaThread "Timer-101"                         [_thread_blocked, id=25376, stack(0x000000bf70c00000,0x000000bf70d00000) (1024K)]
  0x000001c3e2ea8390 JavaThread "Timer-102"                         [_thread_blocked, id=26408, stack(0x000000bf70e00000,0x000000bf70f00000) (1024K)]
  0x000001c3e2ea55a0 JavaThread "Timer-103"                         [_thread_blocked, id=26276, stack(0x000000bf70f00000,0x000000bf71000000) (1024K)]
  0x000001c3e2eaa460 JavaThread "Worker-15: Initialize workspace"        [_thread_blocked, id=6552, stack(0x000000bf6fc00000,0x000000bf6fd00000) (1024K)]
  0x000001c3e2eab180 JavaThread "Timer-104"                         [_thread_blocked, id=9708, stack(0x000000bf71000000,0x000000bf71100000) (1024K)]
  0x000001c3e2ea8a20 JavaThread "Timer-105"                         [_thread_blocked, id=26088, stack(0x000000bf71100000,0x000000bf71200000) (1024K)]
  0x000001c3e2ea90b0 JavaThread "Timer-106"                         [_thread_blocked, id=11516, stack(0x000000bf71300000,0x000000bf71400000) (1024K)]
  0x000001c3e2ea9dd0 JavaThread "Timer-107"                         [_thread_blocked, id=25880, stack(0x000000bf71200000,0x000000bf71300000) (1024K)]
  0x000001c3e283ef30 JavaThread "Timer-108"                         [_thread_blocked, id=10440, stack(0x000000bf71500000,0x000000bf71600000) (1024K)]
  0x000001c3f53158c0 JavaThread "Timer-109"                         [_thread_blocked, id=20840, stack(0x000000bf70d00000,0x000000bf70e00000) (1024K)]
  0x000001c3f5315f50 JavaThread "Timer-110"                         [_thread_blocked, id=14588, stack(0x000000bf71600000,0x000000bf71700000) (1024K)]
  0x000001c3f53137f0 JavaThread "Timer-111"                         [_thread_blocked, id=1588, stack(0x000000bf71400000,0x000000bf71500000) (1024K)]
  0x000001c3f5312ad0 JavaThread "Timer-112"                         [_thread_blocked, id=26204, stack(0x000000bf71800000,0x000000bf71900000) (1024K)]
  0x000001c3f53165e0 JavaThread "Timer-113"                         [_thread_blocked, id=14816, stack(0x000000bf71a00000,0x000000bf71b00000) (1024K)]
  0x000001c3f5314ba0 JavaThread "Timer-114"                         [_thread_blocked, id=15116, stack(0x000000bf71b00000,0x000000bf71c00000) (1024K)]
  0x000001c3f5313160 JavaThread "Timer-115"                         [_thread_blocked, id=8396, stack(0x000000bf71c00000,0x000000bf71d00000) (1024K)]
  0x000001c3f5317990 JavaThread "Timer-116"                         [_thread_blocked, id=6592, stack(0x000000bf71e00000,0x000000bf71f00000) (1024K)]
  0x000001c3f5317300 JavaThread "Timer-117"                         [_thread_blocked, id=26064, stack(0x000000bf70200000,0x000000bf70300000) (1024K)]
  0x000001c3f5318020 JavaThread "Timer-118"                         [_thread_blocked, id=14356, stack(0x000000bf71d00000,0x000000bf71e00000) (1024K)]
  0x000001c3f53186b0 JavaThread "Timer-119"                         [_thread_blocked, id=24536, stack(0x000000bf71f00000,0x000000bf72000000) (1024K)]
  0x000001c3f5318d40 JavaThread "Worker-17: Initialize workspace"        [_thread_blocked, id=26108, stack(0x000000bf72200000,0x000000bf72300000) (1024K)]
  0x000001c3f5313e80 JavaThread "Timer-120"                         [_thread_blocked, id=17924, stack(0x000000bf72000000,0x000000bf72100000) (1024K)]
  0x000001c3f53193d0 JavaThread "Timer-121"                         [_thread_blocked, id=19912, stack(0x000000bf72100000,0x000000bf72200000) (1024K)]
  0x000001c3f5319a60 JavaThread "Timer-122"                         [_thread_blocked, id=25872, stack(0x000000bf72300000,0x000000bf72400000) (1024K)]
  0x000001c3f531a0f0 JavaThread "Timer-123"                         [_thread_blocked, id=23812, stack(0x000000bf72400000,0x000000bf72500000) (1024K)]
  0x000001c3e2eaaaf0 JavaThread "Timer-124"                         [_thread_blocked, id=21116, stack(0x000000bf72500000,0x000000bf72600000) (1024K)]
  0x000001c3f7871310 JavaThread "Timer-125"                         [_thread_blocked, id=9696, stack(0x000000bf72600000,0x000000bf72700000) (1024K)]
  0x000001c3f786f8d0 JavaThread "Timer-126"                         [_thread_blocked, id=26380, stack(0x000000bf72a00000,0x000000bf72b00000) (1024K)]
  0x000001c3f78719a0 JavaThread "Timer-127"                         [_thread_blocked, id=25708, stack(0x000000bf72700000,0x000000bf72800000) (1024K)]
  0x000001c3f7872030 JavaThread "Timer-128"                         [_thread_blocked, id=25448, stack(0x000000bf72b00000,0x000000bf72c00000) (1024K)]
  0x000001c3f78726c0 JavaThread "Timer-129"                         [_thread_blocked, id=26020, stack(0x000000bf72c00000,0x000000bf72d00000) (1024K)]
  0x000001c3f78733e0 JavaThread "Timer-130"                         [_thread_blocked, id=13888, stack(0x000000bf72f00000,0x000000bf73000000) (1024K)]
  0x000001c3f78705f0 JavaThread "Timer-131"                         [_thread_blocked, id=25728, stack(0x000000bf72e00000,0x000000bf72f00000) (1024K)]
  0x000001c3f78761d0 JavaThread "Timer-132"                         [_thread_blocked, id=18704, stack(0x000000bf73000000,0x000000bf73100000) (1024K)]
  0x000001c3f7874e20 JavaThread "Timer-133"                         [_thread_blocked, id=10572, stack(0x000000bf73100000,0x000000bf73200000) (1024K)]
  0x000001c3f78754b0 JavaThread "Timer-134"                         [_thread_blocked, id=26484, stack(0x000000bf73300000,0x000000bf73400000) (1024K)]
  0x000001c3f7875b40 JavaThread "Timer-135"                         [_thread_blocked, id=14568, stack(0x000000bf73200000,0x000000bf73300000) (1024K)]
  0x000001c3f7876ef0 JavaThread "Worker-19: Initialize workspace"        [_thread_blocked, id=25800, stack(0x000000bf73600000,0x000000bf73700000) (1024K)]
  0x000001c3f7870c80 JavaThread "Timer-136"                         [_thread_blocked, id=7704, stack(0x000000bf73500000,0x000000bf73600000) (1024K)]
  0x000001c3f7876860 JavaThread "Timer-137"                         [_thread_blocked, id=16780, stack(0x000000bf73700000,0x000000bf73800000) (1024K)]
  0x000001c3f7874790 JavaThread "Timer-138"                         [_thread_blocked, id=12132, stack(0x000000bf73800000,0x000000bf73900000) (1024K)]
  0x000001c3f5316c70 JavaThread "Timer-139"                         [_thread_blocked, id=25692, stack(0x000000bf73900000,0x000000bf73a00000) (1024K)]
  0x000001c3ef2074f0 JavaThread "Timer-140"                         [_thread_blocked, id=26256, stack(0x000000bf73b00000,0x000000bf73c00000) (1024K)]
  0x000001c3ef2067d0 JavaThread "Timer-141"                         [_thread_blocked, id=25864, stack(0x000000bf71700000,0x000000bf71800000) (1024K)]
  0x000001c3ef2095c0 JavaThread "Timer-142"                         [_thread_blocked, id=5444, stack(0x000000bf73c00000,0x000000bf73d00000) (1024K)]
  0x000001c3ef207b80 JavaThread "Timer-143"                         [_thread_blocked, id=25720, stack(0x000000bf73a00000,0x000000bf73b00000) (1024K)]
  0x000001c3ef209c50 JavaThread "Worker-20: Initialize workspace"        [_thread_blocked, id=4768, stack(0x000000bf73d00000,0x000000bf73e00000) (1024K)]
  0x000001c3ef208210 JavaThread "Timer-144"                         [_thread_blocked, id=25924, stack(0x000000bf73f00000,0x000000bf74000000) (1024K)]
  0x000001c3ef206e60 JavaThread "Timer-145"                         [_thread_blocked, id=17772, stack(0x000000bf74000000,0x000000bf74100000) (1024K)]
  0x000001c3ef20a2e0 JavaThread "Timer-146"                         [_thread_blocked, id=8328, stack(0x000000bf74200000,0x000000bf74300000) (1024K)]
  0x000001c3ef20bd20 JavaThread "Timer-147"                         [_thread_blocked, id=25772, stack(0x000000bf74300000,0x000000bf74400000) (1024K)]
  0x000001c3ef20b690 JavaThread "Timer-148"                         [_thread_blocked, id=26432, stack(0x000000bf74400000,0x000000bf74500000) (1024K)]
  0x000001c3ef20a970 JavaThread "Timer-149"                         [_thread_blocked, id=2892, stack(0x000000bf74500000,0x000000bf74600000) (1024K)]
  0x000001c3ef20b000 JavaThread "Timer-150"                         [_thread_blocked, id=26488, stack(0x000000bf74700000,0x000000bf74800000) (1024K)]
  0x000001c3ef20c3b0 JavaThread "Timer-151"                         [_thread_blocked, id=1800, stack(0x000000bf74600000,0x000000bf74700000) (1024K)]
  0x000001c3ef20d0d0 JavaThread "Timer-152"                         [_thread_blocked, id=13284, stack(0x000000bf74800000,0x000000bf74900000) (1024K)]
  0x000001c3ef20d760 JavaThread "Timer-153"                         [_thread_blocked, id=10732, stack(0x000000bf74900000,0x000000bf74a00000) (1024K)]
  0x000001c3ef20ddf0 JavaThread "Timer-154"                         [_thread_blocked, id=13788, stack(0x000000bf74b00000,0x000000bf74c00000) (1024K)]
  0x000001c3f7874100 JavaThread "Timer-155"                         [_thread_blocked, id=25968, stack(0x000000bf74c00000,0x000000bf74d00000) (1024K)]
  0x000001c3e034f910 JavaThread "Timer-156"                         [_thread_blocked, id=21240, stack(0x000000bf74d00000,0x000000bf74e00000) (1024K)]
  0x000001c3e48604e0 JavaThread "Timer-157"                         [_thread_blocked, id=3116, stack(0x000000bf74e00000,0x000000bf74f00000) (1024K)]
  0x000001c3e48632d0 JavaThread "Timer-158"                         [_thread_blocked, id=14124, stack(0x000000bf75000000,0x000000bf75100000) (1024K)]
  0x000001c3e4860b70 JavaThread "Timer-159"                         [_thread_blocked, id=26128, stack(0x000000bf74f00000,0x000000bf75000000) (1024K)]
  0x000001c3e4863960 JavaThread "Timer-160"                         [_thread_blocked, id=23412, stack(0x000000bf75200000,0x000000bf75300000) (1024K)]
  0x000001c3e4863ff0 JavaThread "Timer-161"                         [_thread_blocked, id=26608, stack(0x000000bf75300000,0x000000bf75400000) (1024K)]
  0x000001c3e4861200 JavaThread "Timer-162"                         [_thread_blocked, id=26620, stack(0x000000bf75400000,0x000000bf75500000) (1024K)]
  0x000001c3e4861f20 JavaThread "Timer-163"                         [_thread_blocked, id=5832, stack(0x000000bf75500000,0x000000bf75600000) (1024K)]
  0x000001c3e4864d10 JavaThread "Timer-164"                         [_thread_blocked, id=24888, stack(0x000000bf75700000,0x000000bf75800000) (1024K)]
  0x000001c3e4861890 JavaThread "Timer-165"                         [_thread_blocked, id=3244, stack(0x000000bf74100000,0x000000bf74200000) (1024K)]
  0x000001c3e48653a0 JavaThread "Timer-166"                         [_thread_blocked, id=18092, stack(0x000000bf75800000,0x000000bf75900000) (1024K)]
  0x000001c3e4865a30 JavaThread "Timer-167"                         [_thread_blocked, id=23556, stack(0x000000bf75600000,0x000000bf75700000) (1024K)]
  0x000001c3e4867470 JavaThread "Timer-168"                         [_thread_blocked, id=21752, stack(0x000000bf75a00000,0x000000bf75b00000) (1024K)]
  0x000001c3e4866de0 JavaThread "Timer-169"                         [_thread_blocked, id=12216, stack(0x000000bf75b00000,0x000000bf75c00000) (1024K)]
  0x000001c3e48660c0 JavaThread "Timer-170"                         [_thread_blocked, id=26604, stack(0x000000bf75c00000,0x000000bf75d00000) (1024K)]
  0x000001c3e4867b00 JavaThread "Timer-171"                         [_thread_blocked, id=26372, stack(0x000000bf75d00000,0x000000bf75e00000) (1024K)]
  0x000001c3e4866750 JavaThread "Timer-172"                         [_thread_blocked, id=17932, stack(0x000000bf75e00000,0x000000bf75f00000) (1024K)]
  0x000001c3ef208f30 JavaThread "Timer-173"                         [_thread_blocked, id=12072, stack(0x000000bf73400000,0x000000bf73500000) (1024K)]
  0x000001c3f67477b0 JavaThread "Timer-174"                         [_thread_blocked, id=26244, stack(0x000000bf76000000,0x000000bf76100000) (1024K)]
  0x000001c3f6747e40 JavaThread "Timer-175"                         [_thread_blocked, id=21800, stack(0x000000bf75f00000,0x000000bf76000000) (1024K)]
  0x000001c3f6748b60 JavaThread "Timer-176"                         [_thread_blocked, id=2588, stack(0x000000bf76200000,0x000000bf76300000) (1024K)]
  0x000001c3f67491f0 JavaThread "Timer-177"                         [_thread_blocked, id=23572, stack(0x000000bf76300000,0x000000bf76400000) (1024K)]
  0x000001c3f6749880 JavaThread "Timer-178"                         [_thread_blocked, id=26492, stack(0x000000bf76400000,0x000000bf76500000) (1024K)]
  0x000001c3f6749f10 JavaThread "Timer-179"                         [_thread_blocked, id=21592, stack(0x000000bf76500000,0x000000bf76600000) (1024K)]
  0x000001c3f6746a90 JavaThread "Timer-180"                         [_thread_blocked, id=25808, stack(0x000000bf76700000,0x000000bf76800000) (1024K)]
  0x000001c3f674da20 JavaThread "Timer-181"                         [_thread_blocked, id=20132, stack(0x000000bf76600000,0x000000bf76700000) (1024K)]
  0x000001c3f674b950 JavaThread "Timer-182"                         [_thread_blocked, id=23064, stack(0x000000bf76800000,0x000000bf76900000) (1024K)]
  0x000001c3f674b2c0 JavaThread "Timer-183"                         [_thread_blocked, id=25932, stack(0x000000bf76900000,0x000000bf76a00000) (1024K)]
  0x000001c3f674a5a0 JavaThread "Worker-25: Initialize workspace"        [_thread_blocked, id=3104, stack(0x000000bf76d00000,0x000000bf76e00000) (1024K)]
  0x000001c3f67484d0 JavaThread "Timer-184"                         [_thread_blocked, id=25120, stack(0x000000bf76f00000,0x000000bf77000000) (1024K)]
  0x000001c3f674bfe0 JavaThread "Timer-185"                         [_thread_blocked, id=10112, stack(0x000000bf77000000,0x000000bf77100000) (1024K)]
  0x000001c3f674edd0 JavaThread "Timer-186"                         [_thread_blocked, id=23020, stack(0x000000bf77200000,0x000000bf77300000) (1024K)]
  0x000001c3f674e0b0 JavaThread "Timer-187"                         [_thread_blocked, id=23792, stack(0x000000bf77100000,0x000000bf77200000) (1024K)]
  0x000001c3f674f460 JavaThread "Timer-188"                         [_thread_blocked, id=20856, stack(0x000000bf77400000,0x000000bf77500000) (1024K)]
  0x000001c3f674c670 JavaThread "Timer-189"                         [_thread_blocked, id=25616, stack(0x000000bf76c00000,0x000000bf76d00000) (1024K)]
  0x000001c3f674d390 JavaThread "Timer-190"                         [_thread_blocked, id=23784, stack(0x000000bf77500000,0x000000bf77600000) (1024K)]
  0x000001c3f674cd00 JavaThread "Timer-191"                         [_thread_blocked, id=18628, stack(0x000000bf77300000,0x000000bf77400000) (1024K)]
  0x000001c3f674ac30 JavaThread "Worker-26: Initialize workspace"        [_thread_blocked, id=26544, stack(0x000000bf76e00000,0x000000bf76f00000) (1024K)]
  0x000001c3f6751bc0 JavaThread "Timer-192"                         [_thread_blocked, id=23840, stack(0x000000bf77800000,0x000000bf77900000) (1024K)]
  0x000001c3f674e740 JavaThread "Timer-193"                         [_thread_blocked, id=21084, stack(0x000000bf77900000,0x000000bf77a00000) (1024K)]
  0x000001c3f6752250 JavaThread "Timer-194"                         [_thread_blocked, id=24508, stack(0x000000bf77a00000,0x000000bf77b00000) (1024K)]
  0x000001c3f67528e0 JavaThread "Timer-195"                         [_thread_blocked, id=24164, stack(0x000000bf77b00000,0x000000bf77c00000) (1024K)]
  0x000001c3f6750810 JavaThread "Timer-196"                         [_thread_blocked, id=7936, stack(0x000000bf77d00000,0x000000bf77e00000) (1024K)]
  0x000001c3f6752f70 JavaThread "Timer-197"                         [_thread_blocked, id=6280, stack(0x000000bf76100000,0x000000bf76200000) (1024K)]
  0x000001c3f674faf0 JavaThread "Timer-198"                         [_thread_blocked, id=20080, stack(0x000000bf77c00000,0x000000bf77d00000) (1024K)]
  0x000001c3f6751530 JavaThread "Timer-199"                         [_thread_blocked, id=25704, stack(0x000000bf77700000,0x000000bf77800000) (1024K)]
  0x000001c3f6753c90 JavaThread "Timer-200"                         [_thread_blocked, id=25960, stack(0x000000bf78000000,0x000000bf78100000) (1024K)]
  0x000001c3f6750ea0 JavaThread "Timer-201"                         [_thread_blocked, id=12520, stack(0x000000bf78100000,0x000000bf78200000) (1024K)]
  0x000001c3f6757110 JavaThread "Timer-202"                         [_thread_blocked, id=2172, stack(0x000000bf78200000,0x000000bf78300000) (1024K)]
  0x000001c3f6754320 JavaThread "Timer-203"                         [_thread_blocked, id=25780, stack(0x000000bf78300000,0x000000bf78400000) (1024K)]
  0x000001c3f67577a0 JavaThread "Timer-204"                         [_thread_blocked, id=24636, stack(0x000000bf78500000,0x000000bf78600000) (1024K)]
  0x000001c3f67556d0 JavaThread "Timer-205"                         [_thread_blocked, id=19772, stack(0x000000bf77600000,0x000000bf77700000) (1024K)]
  0x000001c3f67563f0 JavaThread "Timer-206"                         [_thread_blocked, id=26136, stack(0x000000bf78400000,0x000000bf78500000) (1024K)]
  0x000001c3f6756a80 JavaThread "Timer-207"                         [_thread_blocked, id=2004, stack(0x000000bf78600000,0x000000bf78700000) (1024K)]
  0x000001c3f6750180 JavaThread "Worker-28: Initialize workspace"        [_thread_blocked, id=12140, stack(0x000000bf77f00000,0x000000bf78000000) (1024K)]
  0x000001c3f67549b0 JavaThread "Timer-208"                         [_thread_blocked, id=12388, stack(0x000000bf78800000,0x000000bf78900000) (1024K)]
  0x000001c3f67584c0 JavaThread "Timer-209"                         [_thread_blocked, id=15068, stack(0x000000bf78900000,0x000000bf78a00000) (1024K)]
  0x000001c3f6755040 JavaThread "Timer-210"                         [_thread_blocked, id=4032, stack(0x000000bf78a00000,0x000000bf78b00000) (1024K)]
  0x000001c3f675a590 JavaThread "Timer-211"                         [_thread_blocked, id=26056, stack(0x000000bf78b00000,0x000000bf78c00000) (1024K)]
  0x000001c3f675bfd0 JavaThread "Timer-212"                         [_thread_blocked, id=22328, stack(0x000000bf78d00000,0x000000bf78e00000) (1024K)]
  0x000001c3f675ac20 JavaThread "Timer-213"                         [_thread_blocked, id=20540, stack(0x000000bf66c00000,0x000000bf66d00000) (1024K)]
  0x000001c3f675b2b0 JavaThread "Timer-214"                         [_thread_blocked, id=21124, stack(0x000000bf78c00000,0x000000bf78d00000) (1024K)]
  0x000001c3f67591e0 JavaThread "Timer-215"                         [_thread_blocked, id=1976, stack(0x000000bf68800000,0x000000bf68900000) (1024K)]
  0x000001c3f6757e30 JavaThread "Timer-216"                         [_thread_blocked, id=10280, stack(0x000000bf78700000,0x000000bf78800000) (1024K)]
  0x000001c3f675ccf0 JavaThread "Timer-217"                         [_thread_blocked, id=14444, stack(0x000000bf78e00000,0x000000bf78f00000) (1024K)]
  0x000001c3f675c660 JavaThread "Timer-218"                         [_thread_blocked, id=3640, stack(0x000000bf78f00000,0x000000bf79000000) (1024K)]
  0x000001c3f675b940 JavaThread "Timer-219"                         [_thread_blocked, id=26540, stack(0x000000bf79100000,0x000000bf79200000) (1024K)]
  0x000001c3f675d380 JavaThread "Timer-220"                         [_thread_blocked, id=19596, stack(0x000000bf79300000,0x000000bf79400000) (1024K)]
  0x000001c3f6759f00 JavaThread "Timer-221"                         [_thread_blocked, id=21600, stack(0x000000bf76a00000,0x000000bf76b00000) (1024K)]
  0x000001c3f675da10 JavaThread "Timer-222"                         [_thread_blocked, id=26232, stack(0x000000bf79400000,0x000000bf79500000) (1024K)]
  0x000001c3f675e730 JavaThread "Timer-223"                         [_thread_blocked, id=20576, stack(0x000000bf79200000,0x000000bf79300000) (1024K)]
  0x000001c3f675edc0 JavaThread "Timer-224"                         [_thread_blocked, id=24056, stack(0x000000bf79600000,0x000000bf79700000) (1024K)]
  0x000001c3f675f450 JavaThread "Timer-225"                         [_thread_blocked, id=23768, stack(0x000000bf79700000,0x000000bf79800000) (1024K)]
  0x000001c3f675fae0 JavaThread "Timer-226"                         [_thread_blocked, id=12976, stack(0x000000bf79800000,0x000000bf79900000) (1024K)]
  0x000001c3f6760170 JavaThread "Timer-227"                         [_thread_blocked, id=17228, stack(0x000000bf79900000,0x000000bf79a00000) (1024K)]
  0x000001c3f6760800 JavaThread "Timer-228"                         [_thread_blocked, id=26144, stack(0x000000bf79b00000,0x000000bf79c00000) (1024K)]
  0x000001c3f6762f60 JavaThread "Timer-229"                         [_thread_blocked, id=26636, stack(0x000000bf79a00000,0x000000bf79b00000) (1024K)]
  0x000001c3f67635f0 JavaThread "Timer-230"                         [_thread_blocked, id=26644, stack(0x000000bf79d00000,0x000000bf79e00000) (1024K)]
  0x000001c3f67628d0 JavaThread "Timer-231"                         [_thread_blocked, id=26652, stack(0x000000bf79c00000,0x000000bf79d00000) (1024K)]
  0x000001c3f6763c80 JavaThread "Timer-232"                         [_thread_blocked, id=26792, stack(0x000000bf7a000000,0x000000bf7a100000) (1024K)]
  0x000001c3f6760e90 JavaThread "Timer-233"                         [_thread_blocked, id=26800, stack(0x000000bf7a100000,0x000000bf7a200000) (1024K)]
  0x000001c3f6761520 JavaThread "Timer-234"                         [_thread_blocked, id=26808, stack(0x000000bf7a300000,0x000000bf7a400000) (1024K)]
  0x000001c3f67649a0 JavaThread "Timer-235"                         [_thread_blocked, id=26812, stack(0x000000bf7a200000,0x000000bf7a300000) (1024K)]
  0x000001c3f6761bb0 JavaThread "Timer-236"                         [_thread_blocked, id=26820, stack(0x000000bf7a500000,0x000000bf7a600000) (1024K)]
  0x000001c3f67656c0 JavaThread "Timer-237"                         [_thread_blocked, id=27072, stack(0x000000bf79500000,0x000000bf79600000) (1024K)]
  0x000001c3f6765030 JavaThread "Timer-238"                         [_thread_blocked, id=27080, stack(0x000000bf7a400000,0x000000bf7a500000) (1024K)]
  0x000001c3f6762240 JavaThread "Timer-239"                         [_thread_blocked, id=27088, stack(0x000000bf7a600000,0x000000bf7a700000) (1024K)]
  0x000001c3f6764310 JavaThread "Timer-240"                         [_thread_blocked, id=27268, stack(0x000000bf7aa00000,0x000000bf7ab00000) (1024K)]
  0x000001c3df0a07b0 JavaThread "Timer-241"                         [_thread_blocked, id=27276, stack(0x000000bf7ab00000,0x000000bf7ac00000) (1024K)]
  0x000001c3df1bdcb0 JavaThread "Timer-242"                         [_thread_blocked, id=27284, stack(0x000000bf7ac00000,0x000000bf7ad00000) (1024K)]
  0x000001c3daa32f80 JavaThread "Timer-243"                         [_thread_blocked, id=27288, stack(0x000000bf7ad00000,0x000000bf7ae00000) (1024K)]
  0x000001c3daa30eb0 JavaThread "Timer-244"                         [_thread_blocked, id=27300, stack(0x000000bf7af00000,0x000000bf7b000000) (1024K)]
  0x000001c3daa349c0 JavaThread "Timer-245"                         [_thread_blocked, id=27508, stack(0x000000bf79f00000,0x000000bf7a000000) (1024K)]
  0x000001c3daa33610 JavaThread "Timer-246"                         [_thread_blocked, id=27520, stack(0x000000bf7ae00000,0x000000bf7af00000) (1024K)]
  0x000001c3daa31540 JavaThread "Timer-247"                         [_thread_blocked, id=27528, stack(0x000000bf7a700000,0x000000bf7a800000) (1024K)]
  0x000001c3daa328f0 JavaThread "Worker-33: Initialize workspace"        [_thread_blocked, id=15572, stack(0x000000bf7a900000,0x000000bf7aa00000) (1024K)]
  0x000001c3daa32260 JavaThread "Timer-248"                         [_thread_blocked, id=7772, stack(0x000000bf7b100000,0x000000bf7b200000) (1024K)]
  0x000001c3daa34330 JavaThread "Timer-249"                         [_thread_blocked, id=7972, stack(0x000000bf7b200000,0x000000bf7b300000) (1024K)]
  0x000001c3daa35050 JavaThread "Timer-250"                         [_thread_blocked, id=23428, stack(0x000000bf7b300000,0x000000bf7b400000) (1024K)]
  0x000001c3daa31bd0 JavaThread "Timer-251"                         [_thread_blocked, id=18460, stack(0x000000bf7b400000,0x000000bf7b500000) (1024K)]
  0x000001c3daa377b0 JavaThread "Timer-252"                         [_thread_blocked, id=22424, stack(0x000000bf7b600000,0x000000bf7b700000) (1024K)]
  0x000001c3daa36400 JavaThread "Timer-253"                         [_thread_blocked, id=26740, stack(0x000000bf7b500000,0x000000bf7b600000) (1024K)]
  0x000001c3daa38b60 JavaThread "Timer-254"                         [_thread_blocked, id=26728, stack(0x000000bf7b700000,0x000000bf7b800000) (1024K)]
  0x000001c3daa36a90 JavaThread "Timer-255"                         [_thread_blocked, id=26680, stack(0x000000bf7b800000,0x000000bf7b900000) (1024K)]
  0x000001c3daa37120 JavaThread "Timer-256"                         [_thread_blocked, id=27016, stack(0x000000bf7be00000,0x000000bf7bf00000) (1024K)]
  0x000001c3daa33ca0 JavaThread "Timer-257"                         [_thread_blocked, id=27040, stack(0x000000bf7bf00000,0x000000bf7c000000) (1024K)]
  0x000001c3daa391f0 JavaThread "Timer-258"                         [_thread_blocked, id=26988, stack(0x000000bf7c100000,0x000000bf7c200000) (1024K)]
  0x000001c3daa37e40 JavaThread "Timer-259"                         [_thread_blocked, id=27036, stack(0x000000bf7c000000,0x000000bf7c100000) (1024K)]
  0x000001c3daa39880 JavaThread "Timer-260"                         [_thread_blocked, id=27028, stack(0x000000bf7c300000,0x000000bf7c400000) (1024K)]
  0x000001c3daa3a5a0 JavaThread "Timer-261"                         [_thread_blocked, id=27188, stack(0x000000bf7b000000,0x000000bf7b100000) (1024K)]
  0x000001c3daa39f10 JavaThread "Timer-262"                         [_thread_blocked, id=27220, stack(0x000000bf7bc00000,0x000000bf7bd00000) (1024K)]
  0x000001c3daa3ac30 JavaThread "Timer-263"                         [_thread_blocked, id=27232, stack(0x000000bf7ba00000,0x000000bf7bb00000) (1024K)]
  0x000001c3daa384d0 JavaThread "Worker-35: Initialize workspace"        [_thread_blocked, id=27468, stack(0x000000bf7bb00000,0x000000bf7bc00000) (1024K)]
  0x000001c3daa3b2c0 JavaThread "Timer-264"                         [_thread_blocked, id=27476, stack(0x000000bf7c200000,0x000000bf7c300000) (1024K)]
  0x000001c3daa3cd00 JavaThread "Timer-265"                         [_thread_blocked, id=27480, stack(0x000000bf7c400000,0x000000bf7c500000) (1024K)]
  0x000001c3daa3c670 JavaThread "Timer-266"                         [_thread_blocked, id=27492, stack(0x000000bf7c500000,0x000000bf7c600000) (1024K)]
  0x000001c3daa3e740 JavaThread "Timer-267"                         [_thread_blocked, id=27488, stack(0x000000bf7c600000,0x000000bf7c700000) (1024K)]
  0x000001c3daa3b950 JavaThread "Timer-268"                         [_thread_blocked, id=27496, stack(0x000000bf7c800000,0x000000bf7c900000) (1024K)]
  0x000001c3daa3edd0 JavaThread "Timer-269"                         [_thread_blocked, id=27612, stack(0x000000bf7c700000,0x000000bf7c800000) (1024K)]
  0x000001c3daa3e0b0 JavaThread "Timer-270"                         [_thread_blocked, id=27600, stack(0x000000bf7ca00000,0x000000bf7cb00000) (1024K)]
  0x000001c3daa3f460 JavaThread "Timer-271"                         [_thread_blocked, id=27616, stack(0x000000bf7c900000,0x000000bf7ca00000) (1024K)]
  0x000001c3daa3d390 JavaThread "Worker-36: Initialize workspace"        [_thread_blocked, id=25604, stack(0x000000bf7cb00000,0x000000bf7cc00000) (1024K)]
  0x000001c3daa3bfe0 JavaThread "Timer-272"                         [_thread_blocked, id=8452, stack(0x000000bf7cc00000,0x000000bf7cd00000) (1024K)]
  0x000001c3daa40ea0 JavaThread "Timer-273"                         [_thread_blocked, id=24180, stack(0x000000bf7cd00000,0x000000bf7ce00000) (1024K)]
  0x000001c3daa3da20 JavaThread "Timer-274"                         [_thread_blocked, id=25928, stack(0x000000bf7ce00000,0x000000bf7cf00000) (1024K)]
  0x000001c3daa41530 JavaThread "Timer-275"                         [_thread_blocked, id=21256, stack(0x000000bf7cf00000,0x000000bf7d000000) (1024K)]
  0x000001c3daa42250 JavaThread "Timer-276"                         [_thread_blocked, id=12560, stack(0x000000bf7d100000,0x000000bf7d200000) (1024K)]
  0x000001c3daa41bc0 JavaThread "Timer-277"                         [_thread_blocked, id=27128, stack(0x000000bf66000000,0x000000bf66100000) (1024K)]
  0x000001c3daa428e0 JavaThread "Timer-278"                         [_thread_blocked, id=27064, stack(0x000000bf7d200000,0x000000bf7d300000) (1024K)]
  0x000001c3daa42f70 JavaThread "Timer-279"                         [_thread_blocked, id=27196, stack(0x000000bf7d300000,0x000000bf7d400000) (1024K)]
  0x000001c3daa43600 JavaThread "Timer-280"                         [_thread_blocked, id=26916, stack(0x000000bf7d500000,0x000000bf7d600000) (1024K)]
  0x000001c3daa40180 JavaThread "Timer-281"                         [_thread_blocked, id=27200, stack(0x000000bf7d600000,0x000000bf7d700000) (1024K)]
  0x000001c3daa47110 JavaThread "Timer-282"                         [_thread_blocked, id=26860, stack(0x000000bf7d800000,0x000000bf7d900000) (1024K)]
  0x000001c3daa46a80 JavaThread "Timer-283"                         [_thread_blocked, id=27120, stack(0x000000bf7d700000,0x000000bf7d800000) (1024K)]
  0x000001c3daa449b0 JavaThread "Timer-284"                         [_thread_blocked, id=27116, stack(0x000000bf7da00000,0x000000bf7db00000) (1024K)]
  0x000001c3daa45d60 JavaThread "Timer-285"                         [_thread_blocked, id=27564, stack(0x000000bf7d000000,0x000000bf7d100000) (1024K)]
  0x000001c3daa463f0 JavaThread "Timer-286"                         [_thread_blocked, id=27584, stack(0x000000bf7db00000,0x000000bf7dc00000) (1024K)]
  0x000001c3daa43c90 JavaThread "Timer-287"                         [_thread_blocked, id=27640, stack(0x000000bf7d900000,0x000000bf7da00000) (1024K)]
  0x000001c3daa3faf0 JavaThread "Worker-38: Initialize workspace"        [_thread_blocked, id=27596, stack(0x000000bf7d400000,0x000000bf7d500000) (1024K)]
  0x000001c3daa484c0 JavaThread "Timer-288"                         [_thread_blocked, id=1684, stack(0x000000bf7dd00000,0x000000bf7de00000) (1024K)]
  0x000001c3daa477a0 JavaThread "Timer-289"                         [_thread_blocked, id=27556, stack(0x000000bf7de00000,0x000000bf7df00000) (1024K)]
  0x000001c3daa47e30 JavaThread "Timer-290"                         [_thread_blocked, id=27332, stack(0x000000bf7e000000,0x000000bf7e100000) (1024K)]
  0x000001c3daa45040 JavaThread "Timer-291"                         [_thread_blocked, id=11544, stack(0x000000bf7df00000,0x000000bf7e000000) (1024K)]
  0x000001c3daa48b50 JavaThread "Timer-292"                         [_thread_blocked, id=19420, stack(0x000000bf7e200000,0x000000bf7e300000) (1024K)]
  0x000001c3daa456d0 JavaThread "Timer-293"                         [_thread_blocked, id=3816, stack(0x000000bf7e100000,0x000000bf7e200000) (1024K)]
  0x000001c3daa4ac20 JavaThread "Timer-294"                         [_thread_blocked, id=26724, stack(0x000000bf7e400000,0x000000bf7e500000) (1024K)]
  0x000001c3daa491e0 JavaThread "Timer-295"                         [_thread_blocked, id=26400, stack(0x000000bf7e300000,0x000000bf7e400000) (1024K)]
  0x000001c3daa44320 JavaThread "Worker-39: Initialize workspace"        [_thread_blocked, id=26836, stack(0x000000bf7dc00000,0x000000bf7dd00000) (1024K)]
  0x000001c3daa4a590 JavaThread "Timer-296"                         [_thread_blocked, id=26848, stack(0x000000bf7e600000,0x000000bf7e700000) (1024K)]
  0x000001c3daa49f00 JavaThread "Timer-297"                         [_thread_blocked, id=26824, stack(0x000000bf7e700000,0x000000bf7e800000) (1024K)]
  0x000001c3daa4bfd0 JavaThread "Timer-298"                         [_thread_blocked, id=27248, stack(0x000000bf7e900000,0x000000bf7ea00000) (1024K)]
  0x000001c3daa4e730 JavaThread "Timer-299"                         [_thread_blocked, id=27436, stack(0x000000bf7e800000,0x000000bf7e900000) (1024K)]
  0x000001c3daa4c660 JavaThread "Timer-300"                         [_thread_blocked, id=26876, stack(0x000000bf7eb00000,0x000000bf7ec00000) (1024K)]
  0x000001c3daa4ccf0 JavaThread "Timer-301"                         [_thread_blocked, id=26708, stack(0x000000bf7ea00000,0x000000bf7eb00000) (1024K)]
  0x000001c3daa4d380 JavaThread "Timer-302"                         [_thread_blocked, id=26744, stack(0x000000bf7ef00000,0x000000bf7f000000) (1024K)]
  0x000001c3daa4b2b0 JavaThread "Timer-303"                         [_thread_blocked, id=26772, stack(0x000000bf7ec00000,0x000000bf7ed00000) (1024K)]
  0x000001c3daa4edc0 JavaThread "Timer-304"                         [_thread_blocked, id=26884, stack(0x000000bf7f100000,0x000000bf7f200000) (1024K)]
  0x000001c3daa4b940 JavaThread "Timer-305"                         [_thread_blocked, id=26832, stack(0x000000bf7f200000,0x000000bf7f300000) (1024K)]
  0x000001c3daa4f450 JavaThread "Timer-306"                         [_thread_blocked, id=26908, stack(0x000000bf7f300000,0x000000bf7f400000) (1024K)]
  0x000001c3daa4fae0 JavaThread "Timer-307"                         [_thread_blocked, id=17152, stack(0x000000bf7f400000,0x000000bf7f500000) (1024K)]
  0x000001c3daa50170 JavaThread "Timer-308"                         [_thread_blocked, id=26948, stack(0x000000bf7f600000,0x000000bf7f700000) (1024K)]
  0x000001c3f6765d50 JavaThread "Timer-309"                         [_thread_blocked, id=26676, stack(0x000000bf7f500000,0x000000bf7f600000) (1024K)]
  0x000001c3f4c1ba10 JavaThread "Timer-310"                         [_thread_blocked, id=27336, stack(0x000000bf7f800000,0x000000bf7f900000) (1024K)]
  0x000001c3f4c1e170 JavaThread "Timer-311"                         [_thread_blocked, id=23288, stack(0x000000bf7e500000,0x000000bf7e600000) (1024K)]
  0x000001c3f4c1b380 JavaThread "Worker-41: Initialize workspace"        [_thread_blocked, id=16240, stack(0x000000bf7ed00000,0x000000bf7ee00000) (1024K)]
  0x000001c3f4c1f520 JavaThread "Timer-312"                         [_thread_blocked, id=16220, stack(0x000000bf7f700000,0x000000bf7f800000) (1024K)]
  0x000001c3f4c1e800 JavaThread "Timer-313"                         [_thread_blocked, id=26788, stack(0x000000bf7f900000,0x000000bf7fa00000) (1024K)]
  0x000001c3f4c1ee90 JavaThread "Timer-314"                         [_thread_blocked, id=27192, stack(0x000000bf7fa00000,0x000000bf7fb00000) (1024K)]
  0x000001c3f4c1c0a0 JavaThread "Timer-315"                         [_thread_blocked, id=27428, stack(0x000000bf7fb00000,0x000000bf7fc00000) (1024K)]
  0x000001c3f4c1fbb0 JavaThread "Timer-316"                         [_thread_blocked, id=27108, stack(0x000000bf7fd00000,0x000000bf7fe00000) (1024K)]
  0x000001c3f4c1c730 JavaThread "Timer-317"                         [_thread_blocked, id=27092, stack(0x000000bf7fc00000,0x000000bf7fd00000) (1024K)]
  0x000001c3f4c20240 JavaThread "Timer-318"                         [_thread_blocked, id=26236, stack(0x000000bf7ff00000,0x000000bf80000000) (1024K)]
  0x000001c3f4c1d450 JavaThread "Timer-319"                         [_thread_blocked, id=26464, stack(0x000000bf7fe00000,0x000000bf7ff00000) (1024K)]
  0x000001c3f4c1cdc0 JavaThread "Worker-42: Initialize workspace"        [_thread_blocked, id=22044, stack(0x000000bf00000000,0x000000bf00100000) (1024K)]
  0x000001c3f4c1acf0 JavaThread "Timer-320"                         [_thread_blocked, id=15056, stack(0x000000bf00500000,0x000000bf00600000) (1024K)]
  0x000001c3f4c23030 JavaThread "Timer-321"                         [_thread_blocked, id=27256, stack(0x000000bf00600000,0x000000bf00700000) (1024K)]
  0x000001c3f4c22310 JavaThread "Timer-322"                         [_thread_blocked, id=23340, stack(0x000000bf00800000,0x000000bf00900000) (1024K)]
  0x000001c3f4c20f60 JavaThread "Timer-323"                         [_thread_blocked, id=24176, stack(0x000000bf00700000,0x000000bf00800000) (1024K)]
  0x000001c3f4c236c0 JavaThread "Timer-324"                         [_thread_blocked, id=27112, stack(0x000000bf00a00000,0x000000bf00b00000) (1024K)]
  0x000001c3f4c208d0 JavaThread "Timer-325"                         [_thread_blocked, id=1888, stack(0x000000bf00900000,0x000000bf00a00000) (1024K)]
  0x000001c3f4c215f0 JavaThread "Timer-326"                         [_thread_blocked, id=27280, stack(0x000000bf00c00000,0x000000bf00d00000) (1024K)]
  0x000001c3f4c229a0 JavaThread "Timer-327"                         [_thread_blocked, id=27420, stack(0x000000bf00b00000,0x000000bf00c00000) (1024K)]
  0x000001c3f4c243e0 JavaThread "Worker-43: Initialize workspace"        [_thread_blocked, id=11940, stack(0x000000bf00f00000,0x000000bf01000000) (1024K)]
  0x000001c3f4c25100 JavaThread "Worker-44: Initialize workspace"        [_thread_blocked, id=27576, stack(0x000000bf00d00000,0x000000bf00e00000) (1024K)]
  0x000001c3f4c23d50 JavaThread "Timer-328"                         [_thread_blocked, id=19928, stack(0x000000bf01100000,0x000000bf01200000) (1024K)]
  0x000001c3f4c21c80 JavaThread "Timer-329"                         [_thread_blocked, id=26692, stack(0x000000bf01200000,0x000000bf01300000) (1024K)]
  0x000001c3f4c26b40 JavaThread "Timer-330"                         [_thread_blocked, id=23748, stack(0x000000bf01300000,0x000000bf01400000) (1024K)]
  0x000001c3f4c25e20 JavaThread "Timer-331"                         [_thread_blocked, id=17412, stack(0x000000bf01400000,0x000000bf01500000) (1024K)]
  0x000001c3f4c27ef0 JavaThread "Timer-332"                         [_thread_blocked, id=15492, stack(0x000000bf01600000,0x000000bf01700000) (1024K)]
  0x000001c3f4c271d0 JavaThread "Timer-333"                         [_thread_blocked, id=27368, stack(0x000000bf00100000,0x000000bf00200000) (1024K)]
  0x000001c3f4c24a70 JavaThread "Timer-334"                         [_thread_blocked, id=25900, stack(0x000000bf00300000,0x000000bf00400000) (1024K)]
  0x000001c3f4c25790 JavaThread "Timer-335"                         [_thread_blocked, id=8816, stack(0x000000bf00200000,0x000000bf00300000) (1024K)]
  0x000001c3f4c28580 JavaThread "Timer-336"                         [_thread_blocked, id=20412, stack(0x000000bf01000000,0x000000bf01100000) (1024K)]
  0x000001c3f4c28c10 JavaThread "Timer-337"                         [_thread_blocked, id=17340, stack(0x000000bf01500000,0x000000bf01600000) (1024K)]
  0x000001c3f4c29930 JavaThread "Timer-338"                         [_thread_blocked, id=23696, stack(0x000000bf01700000,0x000000bf01800000) (1024K)]
  0x000001c3f4c292a0 JavaThread "Timer-339"                         [_thread_blocked, id=27432, stack(0x000000bf01800000,0x000000bf01900000) (1024K)]
  0x000001c3f4c264b0 JavaThread "Timer-340"                         [_thread_blocked, id=27096, stack(0x000000bf01900000,0x000000bf01a00000) (1024K)]
  0x000001c3f4c2a650 JavaThread "Timer-341"                         [_thread_blocked, id=4212, stack(0x000000bf00400000,0x000000bf00500000) (1024K)]
  0x000001c3f4c2ace0 JavaThread "Timer-342"                         [_thread_blocked, id=26736, stack(0x000000bf01a00000,0x000000bf01b00000) (1024K)]
  0x000001c3f4c27860 JavaThread "Timer-343"                         [_thread_blocked, id=19640, stack(0x000000bf01b00000,0x000000bf01c00000) (1024K)]
  0x000001c3f4c2ba00 JavaThread "Timer-344"                         [_thread_blocked, id=14020, stack(0x000000bf01c00000,0x000000bf01d00000) (1024K)]
  0x000001c3f4c2c720 JavaThread "Timer-345"                         [_thread_blocked, id=12956, stack(0x000000bf01d00000,0x000000bf01e00000) (1024K)]
  0x000001c3f4c2e7f0 JavaThread "Timer-346"                         [_thread_blocked, id=20548, stack(0x000000bf01f00000,0x000000bf02000000) (1024K)]
  0x000001c3f4c2cdb0 JavaThread "Timer-347"                         [_thread_blocked, id=16716, stack(0x000000bf02000000,0x000000bf02100000) (1024K)]
  0x000001c3f4c2d440 JavaThread "Timer-348"                         [_thread_blocked, id=26416, stack(0x000000bf02100000,0x000000bf02200000) (1024K)]
  0x000001c3f4c2e160 JavaThread "Timer-349"                         [_thread_blocked, id=27660, stack(0x000000bf02200000,0x000000bf02300000) (1024K)]
  0x000001c3f4c2b370 JavaThread "Timer-350"                         [_thread_blocked, id=27672, stack(0x000000bf02400000,0x000000bf02500000) (1024K)]
  0x000001c3f4c308c0 JavaThread "Timer-351"                         [_thread_blocked, id=27692, stack(0x000000bf02300000,0x000000bf02400000) (1024K)]
  0x000001c3f4c1dae0 JavaThread "Worker-46: Initialize workspace"        [_thread_blocked, id=27852, stack(0x000000bf00e00000,0x000000bf00f00000) (1024K)]
  0x000001c3f4c2fba0 JavaThread "Timer-352"                         [_thread_blocked, id=27860, stack(0x000000bf02600000,0x000000bf02700000) (1024K)]
  0x000001c3f4c2f510 JavaThread "Timer-353"                         [_thread_blocked, id=27868, stack(0x000000bf02700000,0x000000bf02800000) (1024K)]
  0x000001c3f4c30230 JavaThread "Timer-354"                         [_thread_blocked, id=27876, stack(0x000000bf02900000,0x000000bf02a00000) (1024K)]
  0x000001c3f4c30f50 JavaThread "Timer-355"                         [_thread_blocked, id=27888, stack(0x000000bf02800000,0x000000bf02900000) (1024K)]
  0x000001c3f4c2dad0 JavaThread "Timer-356"                         [_thread_blocked, id=27896, stack(0x000000bf02d00000,0x000000bf02e00000) (1024K)]
  0x000001c3f4c34a60 JavaThread "Timer-357"                         [_thread_blocked, id=28132, stack(0x000000bf02c00000,0x000000bf02d00000) (1024K)]
  0x000001c3f4c33d40 JavaThread "Timer-358"                         [_thread_blocked, id=28140, stack(0x000000bf02f00000,0x000000bf03000000) (1024K)]
  0x000001c3f4c32300 JavaThread "Timer-359"                         [_thread_blocked, id=28152, stack(0x000000bf02e00000,0x000000bf02f00000) (1024K)]
  0x000001c3f4c315e0 JavaThread "Worker-47: Initialize workspace"        [_thread_blocked, id=28328, stack(0x000000bf02500000,0x000000bf02600000) (1024K)]
  0x000001c3f4c2ee80 JavaThread "Timer-360"                         [_thread_blocked, id=28340, stack(0x000000bf03100000,0x000000bf03200000) (1024K)]
  0x000001c3f4c33020 JavaThread "Timer-361"                         [_thread_blocked, id=28352, stack(0x000000bf03200000,0x000000bf03300000) (1024K)]
  0x000001c3f4c343d0 JavaThread "Timer-362"                         [_thread_blocked, id=28360, stack(0x000000bf03400000,0x000000bf03500000) (1024K)]
  0x000001c3f4c32990 JavaThread "Timer-363"                         [_thread_blocked, id=28364, stack(0x000000bf03300000,0x000000bf03400000) (1024K)]
  0x000001c3f4c336b0 JavaThread "Timer-364"                         [_thread_blocked, id=28372, stack(0x000000bf03600000,0x000000bf03700000) (1024K)]
  0x000001c3f4c37ee0 JavaThread "Timer-365"                         [_thread_blocked, id=28600, stack(0x000000bf03500000,0x000000bf03600000) (1024K)]
  0x000001c3f4c38570 JavaThread "Timer-366"                         [_thread_blocked, id=28616, stack(0x000000bf03800000,0x000000bf03900000) (1024K)]
  0x000001c3f4c35780 JavaThread "Timer-367"                         [_thread_blocked, id=28640, stack(0x000000bf03700000,0x000000bf03800000) (1024K)]
  0x000001c3f4c350f0 JavaThread "Timer-368"                         [_thread_blocked, id=13324, stack(0x000000bf03900000,0x000000bf03a00000) (1024K)]
  0x000001c3f4c36b30 JavaThread "Timer-369"                         [_thread_blocked, id=26780, stack(0x000000bf03a00000,0x000000bf03b00000) (1024K)]
  0x000001c3f4c37850 JavaThread "Timer-370"                         [_thread_blocked, id=27388, stack(0x000000bf03d00000,0x000000bf03e00000) (1024K)]
  0x000001c3f4c39290 JavaThread "Timer-371"                         [_thread_blocked, id=15108, stack(0x000000bf03c00000,0x000000bf03d00000) (1024K)]
  0x000001c3f4c35e10 JavaThread "Timer-372"                         [_thread_blocked, id=27212, stack(0x000000bf03f00000,0x000000bf04000000) (1024K)]
  0x000001c3f4c39920 JavaThread "Timer-373"                         [_thread_blocked, id=25996, stack(0x000000bf03e00000,0x000000bf03f00000) (1024K)]
  0x000001c3f4c364a0 JavaThread "Timer-374"                         [_thread_blocked, id=27872, stack(0x000000bf04100000,0x000000bf04200000) (1024K)]
  0x000001c3f4c39fb0 JavaThread "Worker-49: Initialize workspace"        [_thread_blocked, id=26032, stack(0x000000bf04000000,0x000000bf04100000) (1024K)]
  0x000001c3f4c371c0 JavaThread "Timer-375"                         [_thread_blocked, id=25188, stack(0x000000bf04200000,0x000000bf04300000) (1024K)]
  0x000001c3f4c31c70 JavaThread "Timer-376"                         [_thread_blocked, id=28000, stack(0x000000bf04300000,0x000000bf04400000) (1024K)]
  0x000001c3f2753580 JavaThread "Timer-377"                         [_thread_blocked, id=27988, stack(0x000000bf04400000,0x000000bf04500000) (1024K)]
  0x000001c3f2752ef0 JavaThread "Timer-378"                         [_thread_blocked, id=28024, stack(0x000000bf04500000,0x000000bf04600000) (1024K)]
  0x000001c3f2752860 JavaThread "Timer-379"                         [_thread_blocked, id=27992, stack(0x000000bf04600000,0x000000bf04700000) (1024K)]
  0x000001c3f2753c10 JavaThread "Timer-380"                         [_thread_blocked, id=28020, stack(0x000000bf04800000,0x000000bf04900000) (1024K)]
  0x000001c3f2754fc0 JavaThread "Timer-381"                         [_thread_blocked, id=28576, stack(0x000000bf04700000,0x000000bf04800000) (1024K)]
  0x000001c3f27542a0 JavaThread "Timer-382"                         [_thread_blocked, id=28528, stack(0x000000bf04a00000,0x000000bf04b00000) (1024K)]
  0x000001c3f2754930 JavaThread "Timer-383"                         [_thread_blocked, id=28524, stack(0x000000bf04900000,0x000000bf04a00000) (1024K)]
  0x000001c3f2755650 JavaThread "Worker-52: Initialize workspace"        [_thread_blocked, id=17696, stack(0x000000bf01e00000,0x000000bf01f00000) (1024K)]
  0x000001c3f2756370 JavaThread "Timer-384"                         [_thread_blocked, id=18016, stack(0x000000bf04d00000,0x000000bf04e00000) (1024K)]
  0x000001c3f2755ce0 JavaThread "Timer-385"                         [_thread_blocked, id=17660, stack(0x000000bf04f00000,0x000000bf05000000) (1024K)]
  0x000001c3f2759160 JavaThread "Timer-386"                         [_thread_blocked, id=22980, stack(0x000000bf05000000,0x000000bf05100000) (1024K)]
  0x000001c3f2756a00 JavaThread "Timer-387"                         [_thread_blocked, id=18044, stack(0x000000bf05100000,0x000000bf05200000) (1024K)]
  0x000001c3f2757db0 JavaThread "Timer-388"                         [_thread_blocked, id=25812, stack(0x000000bf05300000,0x000000bf05400000) (1024K)]
  0x000001c3f2757720 JavaThread "Timer-389"                         [_thread_blocked, id=25688, stack(0x000000bf04e00000,0x000000bf04f00000) (1024K)]
  0x000001c3f2758ad0 JavaThread "Timer-390"                         [_thread_blocked, id=19600, stack(0x000000bf05200000,0x000000bf05300000) (1024K)]
  0x000001c3f2758440 JavaThread "Timer-391"                         [_thread_blocked, id=8984, stack(0x000000bf05400000,0x000000bf05500000) (1024K)]
  0x000001c3f2759e80 JavaThread "Timer-392"                         [_thread_blocked, id=16044, stack(0x000000bf05500000,0x000000bf05600000) (1024K)]
  0x000001c3f275a510 JavaThread "Timer-393"                         [_thread_blocked, id=8444, stack(0x000000bf05600000,0x000000bf05700000) (1024K)]
  0x000001c3f2757090 JavaThread "Timer-394"                         [_thread_blocked, id=3144, stack(0x000000bf05700000,0x000000bf05800000) (1024K)]
  0x000001c3f275aba0 JavaThread "Timer-395"                         [_thread_blocked, id=20280, stack(0x000000bf05800000,0x000000bf05900000) (1024K)]
  0x000001c3f275d990 JavaThread "Timer-396"                         [_thread_blocked, id=17744, stack(0x000000bf05a00000,0x000000bf05b00000) (1024K)]
  0x000001c3f275e6b0 JavaThread "Timer-397"                         [_thread_blocked, id=28420, stack(0x000000bf04b00000,0x000000bf04c00000) (1024K)]
  0x000001c3f275e020 JavaThread "Timer-398"                         [_thread_blocked, id=28356, stack(0x000000bf05900000,0x000000bf05a00000) (1024K)]
  0x000001c3f275cc70 JavaThread "Timer-399"                         [_thread_blocked, id=28580, stack(0x000000bf05b00000,0x000000bf05c00000) (1024K)]
  0x000001c3f27521d0 JavaThread "Worker-78: Initialize workspace"        [_thread_blocked, id=28400, stack(0x000000bf03000000,0x000000bf03100000) (1024K)]
  0x000001c3f275b8c0 JavaThread "Timer-400"                         [_thread_blocked, id=20164, stack(0x000000bf05c00000,0x000000bf05d00000) (1024K)]
  0x000001c3f275c5e0 JavaThread "Timer-401"                         [_thread_blocked, id=8928, stack(0x000000bf05d00000,0x000000bf05e00000) (1024K)]
  0x000001c3f27597f0 JavaThread "Timer-402"                         [_thread_blocked, id=18936, stack(0x000000bf05f00000,0x000000bf06000000) (1024K)]
  0x000001c3f275ed40 JavaThread "Timer-403"                         [_thread_blocked, id=3080, stack(0x000000bf05e00000,0x000000bf05f00000) (1024K)]
  0x000001c3f2760780 JavaThread "Timer-404"                         [_thread_blocked, id=28436, stack(0x000000bf06000000,0x000000bf06100000) (1024K)]
  0x000001c3f275d300 JavaThread "Timer-405"                         [_thread_blocked, id=12176, stack(0x000000bf06100000,0x000000bf06200000) (1024K)]
  0x000001c3f275f3d0 JavaThread "Timer-406"                         [_thread_blocked, id=28648, stack(0x000000bf06300000,0x000000bf06400000) (1024K)]
  0x000001c3f275fa60 JavaThread "Timer-407"                         [_thread_blocked, id=17636, stack(0x000000bf06400000,0x000000bf06500000) (1024K)]
  0x000001c3f275bf50 JavaThread "Worker-97: Initialize workspace"        [_thread_blocked, id=20432, stack(0x000000bf04c00000,0x000000bf04d00000) (1024K)]
  0x000001c3f27600f0 JavaThread "Timer-408"                         [_thread_blocked, id=25916, stack(0x000000bf06500000,0x000000bf06600000) (1024K)]
  0x000001c3f4c2c090 JavaThread "Timer-409"                         [_thread_blocked, id=4216, stack(0x000000bf06600000,0x000000bf06700000) (1024K)]
  0x000001c3f4c38c00 JavaThread "Timer-410"                         [_thread_blocked, id=18040, stack(0x000000bf06700000,0x000000bf06800000) (1024K)]
  0x000001c3daa4e0a0 JavaThread "Timer-411"                         [_thread_blocked, id=23684, stack(0x000000bf06800000,0x000000bf06900000) (1024K)]
  0x000001c3e27a3a60 JavaThread "Timer-412"                         [_thread_blocked, id=27132, stack(0x000000bf06a00000,0x000000bf06b00000) (1024K)]
  0x000001c3e27a40f0 JavaThread "Timer-413"                         [_thread_blocked, id=27704, stack(0x000000bf06900000,0x000000bf06a00000) (1024K)]
  0x000001c3e27a2020 JavaThread "Timer-414"                         [_thread_blocked, id=28168, stack(0x000000bf06c00000,0x000000bf06d00000) (1024K)]
  0x000001c3e27a4780 JavaThread "Timer-415"                         [_thread_blocked, id=28200, stack(0x000000bf06d00000,0x000000bf06e00000) (1024K)]
  0x000001c3e27a26b0 JavaThread "Timer-416"                         [_thread_blocked, id=3028, stack(0x000000bf06e00000,0x000000bf06f00000) (1024K)]
  0x000001c3e27a33d0 JavaThread "Timer-417"                         [_thread_blocked, id=27920, stack(0x000000bf06f00000,0x000000bf07000000) (1024K)]
  0x000001c3e27a61c0 JavaThread "Timer-418"                         [_thread_blocked, id=27904, stack(0x000000bf07000000,0x000000bf07100000) (1024K)]
  0x000001c3e27a2d40 JavaThread "Timer-419"                         [_thread_blocked, id=28368, stack(0x000000bf07100000,0x000000bf07200000) (1024K)]
  0x000001c3e27a8290 JavaThread "Timer-420"                         [_thread_blocked, id=28520, stack(0x000000bf07300000,0x000000bf07400000) (1024K)]
  0x000001c3e27a9cd0 JavaThread "Timer-421"                         [_thread_blocked, id=27656, stack(0x000000bf07200000,0x000000bf07300000) (1024K)]
  0x000001c3e27a7570 JavaThread "Timer-422"                         [_thread_blocked, id=27716, stack(0x000000bf07500000,0x000000bf07600000) (1024K)]
  0x000001c3e27a6850 JavaThread "Timer-423"                         [_thread_blocked, id=12312, stack(0x000000bf07600000,0x000000bf07700000) (1024K)]
  0x000001c3e27a5b30 JavaThread "Timer-424"                         [_thread_blocked, id=14652, stack(0x000000bf07700000,0x000000bf07800000) (1024K)]
  0x000001c3e27a4e10 JavaThread "Timer-425"                         [_thread_blocked, id=11364, stack(0x000000bf07800000,0x000000bf07900000) (1024K)]
  0x000001c3e27ab710 JavaThread "Timer-426"                         [_thread_blocked, id=17640, stack(0x000000bf07900000,0x000000bf07a00000) (1024K)]
  0x000001c3e27abda0 JavaThread "Timer-427"                         [_thread_blocked, id=1364, stack(0x000000bf07a00000,0x000000bf07b00000) (1024K)]
  0x000001c3e27aa360 JavaThread "Timer-428"                         [_thread_blocked, id=17692, stack(0x000000bf07c00000,0x000000bf07d00000) (1024K)]
  0x000001c3e27a8920 JavaThread "Timer-429"                         [_thread_blocked, id=26640, stack(0x000000bf07b00000,0x000000bf07c00000) (1024K)]
  0x000001c3e27ac430 JavaThread "Timer-430"                         [_thread_blocked, id=15660, stack(0x000000bf07e00000,0x000000bf07f00000) (1024K)]
  0x000001c3e27acac0 JavaThread "Timer-431"                         [_thread_blocked, id=28056, stack(0x000000bf07f00000,0x000000bf08000000) (1024K)]
  0x000001c3e27ab080 JavaThread "Timer-432"                         [_thread_blocked, id=28572, stack(0x000000bf08000000,0x000000bf08100000) (1024K)]
  0x000001c3e27ad150 JavaThread "Timer-433"                         [_thread_blocked, id=28108, stack(0x000000bf08100000,0x000000bf08200000) (1024K)]
  0x000001c3e27ad7e0 JavaThread "Timer-434"                         [_thread_blocked, id=6568, stack(0x000000bf08200000,0x000000bf08300000) (1024K)]
  0x000001c3e27ade70 JavaThread "Timer-435"                         [_thread_blocked, id=25244, stack(0x000000bf08300000,0x000000bf08400000) (1024K)]
  0x000001c3e27aa9f0 JavaThread "Timer-436"                         [_thread_blocked, id=26936, stack(0x000000bf08500000,0x000000bf08600000) (1024K)]
  0x000001c3e27aeb90 JavaThread "Timer-437"                         [_thread_blocked, id=28392, stack(0x000000bf08400000,0x000000bf08500000) (1024K)]
  0x000001c3e27af220 JavaThread "Timer-438"                         [_thread_blocked, id=28004, stack(0x000000bf08700000,0x000000bf08800000) (1024K)]
  0x000001c3e27ae500 JavaThread "Timer-439"                         [_thread_blocked, id=28544, stack(0x000000bf08b00000,0x000000bf08c00000) (1024K)]
  0x000001c3e27b2010 JavaThread "Timer-440"                         [_thread_blocked, id=22336, stack(0x000000bf08a00000,0x000000bf08b00000) (1024K)]
  0x000001c3e27aff40 JavaThread "Timer-441"                         [_thread_blocked, id=27932, stack(0x000000bf08c00000,0x000000bf08d00000) (1024K)]
  0x000001c3e27b1980 JavaThread "Timer-442"                         [_thread_blocked, id=9908, stack(0x000000bf08d00000,0x000000bf08e00000) (1024K)]
  0x000001c3e27b2d30 JavaThread "Timer-443"                         [_thread_blocked, id=27744, stack(0x000000bf08e00000,0x000000bf08f00000) (1024K)]
  0x000001c3e27b33c0 JavaThread "Timer-444"                         [_thread_blocked, id=3168, stack(0x000000bf09000000,0x000000bf09100000) (1024K)]
  0x000001c3e27b3a50 JavaThread "Timer-445"                         [_thread_blocked, id=17584, stack(0x000000bf08800000,0x000000bf08900000) (1024K)]
  0x000001c3e27b05d0 JavaThread "Timer-446"                         [_thread_blocked, id=27960, stack(0x000000bf09100000,0x000000bf09200000) (1024K)]
  0x000001c3e27b26a0 JavaThread "Timer-447"                         [_thread_blocked, id=19560, stack(0x000000bf09200000,0x000000bf09300000) (1024K)]
  0x000001c3e27af8b0 JavaThread "Worker-190: Initialize workspace"        [_thread_blocked, id=9032, stack(0x000000bf08900000,0x000000bf08a00000) (1024K)]
  0x000001c3e27b0c60 JavaThread "Timer-448"                         [_thread_blocked, id=28664, stack(0x000000bf09300000,0x000000bf09400000) (1024K)]
  0x000001c3e27b4770 JavaThread "Timer-449"                         [_thread_blocked, id=25356, stack(0x000000bf09400000,0x000000bf09500000) (1024K)]
  0x000001c3e27b12f0 JavaThread "Timer-450"                         [_thread_blocked, id=17208, stack(0x000000bf09500000,0x000000bf09600000) (1024K)]
  0x000001c3e27b8280 JavaThread "Timer-451"                         [_thread_blocked, id=28540, stack(0x000000bf09600000,0x000000bf09700000) (1024K)]
  0x000001c3e27b4e00 JavaThread "Timer-452"                         [_thread_blocked, id=17712, stack(0x000000bf09800000,0x000000bf09900000) (1024K)]
  0x000001c3e27b6840 JavaThread "Timer-453"                         [_thread_blocked, id=28656, stack(0x000000bf09700000,0x000000bf09800000) (1024K)]
  0x000001c3e27b5b20 JavaThread "Timer-454"                         [_thread_blocked, id=28620, stack(0x000000bf09a00000,0x000000bf09b00000) (1024K)]
  0x000001c3e27b5490 JavaThread "Timer-455"                         [_thread_blocked, id=27800, stack(0x000000bf09b00000,0x000000bf09c00000) (1024K)]
  0x000001c3e27b7560 JavaThread "Timer-456"                         [_thread_blocked, id=20772, stack(0x000000bf09c00000,0x000000bf09d00000) (1024K)]
  0x000001c3e27b40e0 JavaThread "Timer-457"                         [_thread_blocked, id=8564, stack(0x000000bf09d00000,0x000000bf09e00000) (1024K)]
  0x000001c3e27b7bf0 JavaThread "Timer-458"                         [_thread_blocked, id=17424, stack(0x000000bf09f00000,0x000000bf0a000000) (1024K)]
  0x000001c3e27bb070 JavaThread "Timer-459"                         [_thread_blocked, id=18808, stack(0x000000bf09e00000,0x000000bf09f00000) (1024K)]
  0x000001c3e27b8910 JavaThread "Timer-460"                         [_thread_blocked, id=27540, stack(0x000000bf0a100000,0x000000bf0a200000) (1024K)]
  0x000001c3e27b8fa0 JavaThread "Timer-461"                         [_thread_blocked, id=28088, stack(0x000000bf08600000,0x000000bf08700000) (1024K)]
  0x000001c3e27bb700 JavaThread "Timer-462"                         [_thread_blocked, id=28072, stack(0x000000bf0a200000,0x000000bf0a300000) (1024K)]
  0x000001c3e27bbd90 JavaThread "Timer-463"                         [_thread_blocked, id=26068, stack(0x000000bf0a300000,0x000000bf0a400000) (1024K)]
  0x000001c3e27b9630 JavaThread "Worker-228: Initialize workspace"        [_thread_blocked, id=23900, stack(0x000000bf09900000,0x000000bf09a00000) (1024K)]
  0x000001c3e27ba350 JavaThread "Timer-464"                         [_thread_blocked, id=27752, stack(0x000000bf0a400000,0x000000bf0a500000) (1024K)]
  0x000001c3e27b6ed0 JavaThread "Timer-465"                         [_thread_blocked, id=25636, stack(0x000000bf0a500000,0x000000bf0a600000) (1024K)]
  0x000001c3e27ba9e0 JavaThread "Timer-466"                         [_thread_blocked, id=28136, stack(0x000000bf0a600000,0x000000bf0a700000) (1024K)]
  0x000001c3e27bd140 JavaThread "Timer-467"                         [_thread_blocked, id=23856, stack(0x000000bf0a700000,0x000000bf0a800000) (1024K)]
  0x000001c3e27bd7d0 JavaThread "Timer-468"                         [_thread_blocked, id=28492, stack(0x000000bf0a900000,0x000000bf0aa00000) (1024K)]
  0x000001c3e27bf8a0 JavaThread "Timer-469"                         [_thread_blocked, id=28548, stack(0x000000bf0a800000,0x000000bf0a900000) (1024K)]
  0x000001c3e27beb80 JavaThread "Timer-470"                         [_thread_blocked, id=22168, stack(0x000000bf0ab00000,0x000000bf0ac00000) (1024K)]
  0x000001c3e27bff30 JavaThread "Timer-471"                         [_thread_blocked, id=20380, stack(0x000000bf0ac00000,0x000000bf0ad00000) (1024K)]
  0x000001c3e27b61b0 JavaThread "Worker-246: Initialize workspace"        [_thread_blocked, id=19688, stack(0x000000bf08f00000,0x000000bf09000000) (1024K)]
  0x000001c3e27bc420 JavaThread "Timer-472"                         [_thread_blocked, id=21068, stack(0x000000bf0ad00000,0x000000bf0ae00000) (1024K)]
  0x000001c3e27bcab0 JavaThread "Timer-473"                         [_thread_blocked, id=27772, stack(0x000000bf0ae00000,0x000000bf0af00000) (1024K)]
  0x000001c3e27c05c0 JavaThread "Timer-474"                         [_thread_blocked, id=28144, stack(0x000000bf0af00000,0x000000bf0b000000) (1024K)]
  0x000001c3e27be4f0 JavaThread "Timer-475"                         [_thread_blocked, id=28408, stack(0x000000bf0b000000,0x000000bf0b100000) (1024K)]
  0x000001c3e27c0c50 JavaThread "Timer-476"                         [_thread_blocked, id=10592, stack(0x000000bf0b200000,0x000000bf0b300000) (1024K)]
  0x000001c3f275b230 JavaThread "Timer-477"                         [_thread_blocked, id=1316, stack(0x000000bf0b100000,0x000000bf0b200000) (1024K)]
  0x000001c3f2760e10 JavaThread "Timer-478"                         [_thread_blocked, id=26940, stack(0x000000bf0b300000,0x000000bf0b400000) (1024K)]
  0x000001c3e27b9cc0 JavaThread "Timer-479"                         [_thread_blocked, id=27652, stack(0x000000bf0b500000,0x000000bf0b600000) (1024K)]
  0x000001c3e27bf210 JavaThread "Worker-265: Initialize workspace"        [_thread_blocked, id=25972, stack(0x000000bf0aa00000,0x000000bf0ab00000) (1024K)]
  0x000001c3f6bed9e0 JavaThread "Timer-480"                         [_thread_blocked, id=28452, stack(0x000000bf0b600000,0x000000bf0b700000) (1024K)]
  0x000001c3f6bec630 JavaThread "Timer-481"                         [_thread_blocked, id=28432, stack(0x000000bf0b700000,0x000000bf0b800000) (1024K)]
  0x000001c3f6bed350 JavaThread "Timer-482"                         [_thread_blocked, id=17836, stack(0x000000bf0b800000,0x000000bf0b900000) (1024K)]
  0x000001c3f6bea560 JavaThread "Timer-483"                         [_thread_blocked, id=27928, stack(0x000000bf0b900000,0x000000bf0ba00000) (1024K)]
  0x000001c3f6bee070 JavaThread "Timer-484"                         [_thread_blocked, id=28272, stack(0x000000bf0bb00000,0x000000bf0bc00000) (1024K)]
  0x000001c3f6beccc0 JavaThread "Timer-485"                         [_thread_blocked, id=22024, stack(0x000000bf0ba00000,0x000000bf0bb00000) (1024K)]
  0x000001c3f6beabf0 JavaThread "Timer-486"                         [_thread_blocked, id=21744, stack(0x000000bf0bd00000,0x000000bf0be00000) (1024K)]
  0x000001c3f6bebfa0 JavaThread "Timer-487"                         [_thread_blocked, id=10960, stack(0x000000bf0be00000,0x000000bf0bf00000) (1024K)]
  0x000001c3f6beb910 JavaThread "Timer-488"                         [_thread_blocked, id=20096, stack(0x000000bf0bc00000,0x000000bf0bd00000) (1024K)]
  0x000001c3f6bef420 JavaThread "Timer-489"                         [_thread_blocked, id=23156, stack(0x000000bf0c000000,0x000000bf0c100000) (1024K)]
  0x000001c3f6bf0e60 JavaThread "Timer-490"                         [_thread_blocked, id=9760, stack(0x000000bf0c200000,0x000000bf0c300000) (1024K)]
  0x000001c3f6bf14f0 JavaThread "Timer-491"                         [_thread_blocked, id=27736, stack(0x000000bf0c100000,0x000000bf0c200000) (1024K)]
  0x000001c3f6bf2210 JavaThread "Timer-492"                         [_thread_blocked, id=25652, stack(0x000000bf0c400000,0x000000bf0c500000) (1024K)]
  0x000001c3f6bf28a0 JavaThread "Timer-493"                         [_thread_blocked, id=19204, stack(0x000000bf0c300000,0x000000bf0c400000) (1024K)]
  0x000001c3f6bf2f30 JavaThread "Timer-494"                         [_thread_blocked, id=25024, stack(0x000000bf0c600000,0x000000bf0c700000) (1024K)]
  0x000001c3f6bf35c0 JavaThread "Timer-495"                         [_thread_blocked, id=24216, stack(0x000000bf0c700000,0x000000bf0c800000) (1024K)]
  0x000001c3f6befab0 JavaThread "Worker-302: Initialize workspace"        [_thread_blocked, id=1528, stack(0x000000bf0bf00000,0x000000bf0c000000) (1024K)]
  0x000001c3f6bf07d0 JavaThread "Timer-496"                         [_thread_blocked, id=28184, stack(0x000000bf0c800000,0x000000bf0c900000) (1024K)]
  0x000001c3f6bee700 JavaThread "Timer-497"                         [_thread_blocked, id=11404, stack(0x000000bf0c900000,0x000000bf0ca00000) (1024K)]
  0x000001c3f6bf42e0 JavaThread "Timer-498"                         [_thread_blocked, id=28064, stack(0x000000bf0cb00000,0x000000bf0cc00000) (1024K)]
  0x000001c3f6bf5690 JavaThread "Timer-499"                         [_thread_blocked, id=19592, stack(0x000000bf0ca00000,0x000000bf0cb00000) (1024K)]
  0x000001c3f6bf6a40 JavaThread "Timer-500"                         [_thread_blocked, id=26944, stack(0x000000bf0cd00000,0x000000bf0ce00000) (1024K)]
  0x000001c3f6bf70d0 JavaThread "Timer-501"                         [_thread_blocked, id=28428, stack(0x000000bf0cc00000,0x000000bf0cd00000) (1024K)]
  0x000001c3f6bf5d20 JavaThread "Timer-502"                         [_thread_blocked, id=22176, stack(0x000000bf0cf00000,0x000000bf0d000000) (1024K)]
  0x000001c3f6bf3c50 JavaThread "Timer-503"                         [_thread_blocked, id=17544, stack(0x000000bf0d000000,0x000000bf0d100000) (1024K)]
  0x000001c3f6bf4970 JavaThread "Worker-321: Initialize workspace"        [_thread_blocked, id=22828, stack(0x000000bf0c500000,0x000000bf0c600000) (1024K)]
  0x000001c3f6bf1b80 JavaThread "Timer-504"                         [_thread_blocked, id=18232, stack(0x000000bf0d200000,0x000000bf0d300000) (1024K)]
  0x000001c3f6bf8480 JavaThread "Timer-505"                         [_thread_blocked, id=28124, stack(0x000000bf0d300000,0x000000bf0d400000) (1024K)]
  0x000001c3f6bf91a0 JavaThread "Timer-506"                         [_thread_blocked, id=28016, stack(0x000000bf0d400000,0x000000bf0d500000) (1024K)]
  0x000001c3f6bf63b0 JavaThread "Timer-507"                         [_thread_blocked, id=6292, stack(0x000000bf0d500000,0x000000bf0d600000) (1024K)]
  0x000001c3f6bfabe0 JavaThread "Timer-508"                         [_thread_blocked, id=16620, stack(0x000000bf0d700000,0x000000bf0d800000) (1024K)]
  0x000001c3f6bf7760 JavaThread "Timer-509"                         [_thread_blocked, id=28332, stack(0x000000bf0d600000,0x000000bf0d700000) (1024K)]
  0x000001c3f6bf7df0 JavaThread "Timer-510"                         [_thread_blocked, id=23832, stack(0x000000bf0d900000,0x000000bf0da00000) (1024K)]
  0x000001c3f6bf9830 JavaThread "Timer-511"                         [_thread_blocked, id=25724, stack(0x000000bf0da00000,0x000000bf0db00000) (1024K)]
  0x000001c3f6bf5000 JavaThread "Worker-340: Initialize workspace"        [_thread_blocked, id=27788, stack(0x000000bf0d100000,0x000000bf0d200000) (1024K)]
  0x000001c3f6bfbf90 JavaThread "Timer-512"                         [_thread_blocked, id=3044, stack(0x000000bf0db00000,0x000000bf0dc00000) (1024K)]
  0x000001c3f6bfa550 JavaThread "Timer-513"                         [_thread_blocked, id=2520, stack(0x000000bf0de00000,0x000000bf0df00000) (1024K)]
  0x000001c3f6bfb270 JavaThread "Timer-514"                         [_thread_blocked, id=12664, stack(0x000000bf0e000000,0x000000bf0e100000) (1024K)]
  0x000001c3f6bf8b10 JavaThread "Timer-515"                         [_thread_blocked, id=22692, stack(0x000000bf0df00000,0x000000bf0e000000) (1024K)]
  0x000001c3f6bfb900 JavaThread "Timer-516"                         [_thread_blocked, id=26660, stack(0x000000bf0e100000,0x000000bf0e200000) (1024K)]
  0x000001c3f6bfed80 JavaThread "Timer-517"                         [_thread_blocked, id=2376, stack(0x000000bf0e200000,0x000000bf0e300000) (1024K)]
  0x000001c3f6bfd340 JavaThread "Timer-518"                         [_thread_blocked, id=27216, stack(0x000000bf0e400000,0x000000bf0e500000) (1024K)]
  0x000001c3f6bfccb0 JavaThread "Timer-519"                         [_thread_blocked, id=28480, stack(0x000000bf0e500000,0x000000bf0e600000) (1024K)]
  0x000001c3f6bff410 JavaThread "Timer-520"                         [_thread_blocked, id=27908, stack(0x000000bf0e600000,0x000000bf0e700000) (1024K)]
  0x000001c3f6bffaa0 JavaThread "Timer-521"                         [_thread_blocked, id=18128, stack(0x000000bf0e700000,0x000000bf0e800000) (1024K)]
  0x000001c3f6c00130 JavaThread "Timer-522"                         [_thread_blocked, id=27732, stack(0x000000bf0e900000,0x000000bf0ea00000) (1024K)]
  0x000001c3f6bfe060 JavaThread "Timer-523"                         [_thread_blocked, id=18020, stack(0x000000bf0e800000,0x000000bf0e900000) (1024K)]
  0x000001c3f6c007c0 JavaThread "Timer-524"                         [_thread_blocked, id=27056, stack(0x000000bf0eb00000,0x000000bf0ec00000) (1024K)]
  0x000001c3f6bfe6f0 JavaThread "Timer-525"                         [_thread_blocked, id=21112, stack(0x000000bf0ea00000,0x000000bf0eb00000) (1024K)]
  0x000001c3f6c00e50 JavaThread "Timer-526"                         [_thread_blocked, id=23776, stack(0x000000bf0ec00000,0x000000bf0ed00000) (1024K)]
  0x000001c3f6c014e0 JavaThread "Timer-527"                         [_thread_blocked, id=15664, stack(0x000000bf0ed00000,0x000000bf0ee00000) (1024K)]
  0x000001c3f6c02f20 JavaThread "Timer-528"                         [_thread_blocked, id=28496, stack(0x000000bf0dc00000,0x000000bf0dd00000) (1024K)]
  0x000001c3f6c035b0 JavaThread "Timer-529"                         [_thread_blocked, id=21332, stack(0x000000bf0e300000,0x000000bf0e400000) (1024K)]
  0x000001c3f6c01b70 JavaThread "Timer-530"                         [_thread_blocked, id=26716, stack(0x000000bf0ef00000,0x000000bf0f000000) (1024K)]
  0x000001c3f6c02890 JavaThread "Timer-531"                         [_thread_blocked, id=21708, stack(0x000000bf0ee00000,0x000000bf0ef00000) (1024K)]
  0x000001c3f6c02200 JavaThread "Timer-532"                         [_thread_blocked, id=26580, stack(0x000000bf0f100000,0x000000bf0f200000) (1024K)]
  0x000001c3f6c03c40 JavaThread "Timer-533"                         [_thread_blocked, id=18852, stack(0x000000bf0f000000,0x000000bf0f100000) (1024K)]
  0x000001c3f6c042d0 JavaThread "Timer-534"                         [_thread_blocked, id=13824, stack(0x000000bf0f200000,0x000000bf0f300000) (1024K)]
  0x000001c3f6c063a0 JavaThread "Timer-535"                         [_thread_blocked, id=8540, stack(0x000000bf0f400000,0x000000bf0f500000) (1024K)]
  0x000001c3f6c07de0 JavaThread "Timer-536"                         [_thread_blocked, id=10792, stack(0x000000bf0f500000,0x000000bf0f600000) (1024K)]
  0x000001c3f6c04ff0 JavaThread "Timer-537"                         [_thread_blocked, id=24804, stack(0x000000bf0f600000,0x000000bf0f700000) (1024K)]
  0x000001c3f6c06a30 JavaThread "Timer-538"                         [_thread_blocked, id=27104, stack(0x000000bf0f800000,0x000000bf0f900000) (1024K)]
  0x000001c3f6c070c0 JavaThread "Timer-539"                         [_thread_blocked, id=7644, stack(0x000000bf0f700000,0x000000bf0f800000) (1024K)]
  0x000001c3f6c08b00 JavaThread "Timer-540"                         [_thread_blocked, id=28472, stack(0x000000bf0fa00000,0x000000bf0fb00000) (1024K)]
  0x000001c3f6c05680 JavaThread "Timer-541"                         [_thread_blocked, id=17628, stack(0x000000bf0f900000,0x000000bf0fa00000) (1024K)]
  0x000001c3f6c07750 JavaThread "Timer-542"                         [_thread_blocked, id=25748, stack(0x000000bf0fc00000,0x000000bf0fd00000) (1024K)]
  0x000001c3f6c05d10 JavaThread "Timer-543"                         [_thread_blocked, id=8368, stack(0x000000bf0fd00000,0x000000bf0fe00000) (1024K)]
  0x000001c3f6c04960 JavaThread "Worker-417: Initialize workspace"        [_thread_blocked, id=25788, stack(0x000000bf0f300000,0x000000bf0f400000) (1024K)]
  0x000001c3f6c09820 JavaThread "Timer-544"                         [_thread_blocked, id=12508, stack(0x000000bf0fe00000,0x000000bf0ff00000) (1024K)]
  0x000001c3f6c09eb0 JavaThread "Timer-545"                         [_thread_blocked, id=23796, stack(0x000000bf0ff00000,0x000000bf10000000) (1024K)]
  0x000001c3f6c09190 JavaThread "Timer-546"                         [_thread_blocked, id=21900, stack(0x000000bf10000000,0x000000bf10100000) (1024K)]
  0x000001c3f6c0b8f0 JavaThread "Timer-547"                         [_thread_blocked, id=17128, stack(0x000000bf10100000,0x000000bf10200000) (1024K)]
  0x000001c3f6c0abd0 JavaThread "Timer-548"                         [_thread_blocked, id=12964, stack(0x000000bf10300000,0x000000bf10400000) (1024K)]
  0x000001c3f6c0a540 JavaThread "Timer-549"                         [_thread_blocked, id=21864, stack(0x000000bf10200000,0x000000bf10300000) (1024K)]
  0x000001c3f6c08470 JavaThread "Timer-550"                         [_thread_blocked, id=13792, stack(0x000000bf10500000,0x000000bf10600000) (1024K)]
  0x000001c3f6c0d9c0 JavaThread "Timer-551"                         [_thread_blocked, id=26412, stack(0x000000bf10600000,0x000000bf10700000) (1024K)]
  0x000001c3f6bf0140 JavaThread "Worker-435: Initialize workspace"        [_thread_blocked, id=28220, stack(0x000000bf0a000000,0x000000bf0a100000) (1024K)]
  0x000001c3f6c0f400 JavaThread "Timer-552"                         [_thread_blocked, id=23744, stack(0x000000bf10700000,0x000000bf10800000) (1024K)]
  0x000001c3f6c0bf80 JavaThread "Timer-553"                         [_thread_blocked, id=16224, stack(0x000000bf10800000,0x000000bf10900000) (1024K)]
  0x000001c3f6c0e6e0 JavaThread "Timer-554"                         [_thread_blocked, id=18408, stack(0x000000bf10900000,0x000000bf10a00000) (1024K)]
  0x000001c3f6c0ed70 JavaThread "Timer-555"                         [_thread_blocked, id=21520, stack(0x000000bf10a00000,0x000000bf10b00000) (1024K)]
  0x000001c3f6c0fa90 JavaThread "Timer-556"                         [_thread_blocked, id=2304, stack(0x000000bf10c00000,0x000000bf10d00000) (1024K)]
  0x000001c3f6c0c610 JavaThread "Timer-557"                         [_thread_blocked, id=23604, stack(0x000000bf10b00000,0x000000bf10c00000) (1024K)]
  0x000001c3f6c10120 JavaThread "Timer-558"                         [_thread_blocked, id=28268, stack(0x000000bf10e00000,0x000000bf10f00000) (1024K)]
  0x000001c3f6c107b0 JavaThread "Timer-559"                         [_thread_blocked, id=28660, stack(0x000000bf10f00000,0x000000bf11000000) (1024K)]
  0x000001c3f6c0d330 JavaThread "Worker-454: Initialize workspace"        [_thread_blocked, id=26360, stack(0x000000bf10d00000,0x000000bf10e00000) (1024K)]
  0x000001c3f6c0e050 JavaThread "Timer-560"                         [_thread_blocked, id=11528, stack(0x000000bf11000000,0x000000bf11100000) (1024K)]
  0x000001c3f6bd28c0 JavaThread "Timer-561"                         [_thread_blocked, id=27524, stack(0x000000bf11100000,0x000000bf11200000) (1024K)]
  0x000001c3f6bd2f50 JavaThread "Timer-562"                         [_thread_blocked, id=3504, stack(0x000000bf11200000,0x000000bf11300000) (1024K)]
  0x000001c3f6bd07f0 JavaThread "Timer-563"                         [_thread_blocked, id=3200, stack(0x000000bf11300000,0x000000bf11400000) (1024K)]
  0x000001c3f6bd0160 JavaThread "Timer-564"                         [_thread_blocked, id=19808, stack(0x000000bf11500000,0x000000bf11600000) (1024K)]
  0x000001c3f6bd35e0 JavaThread "Timer-565"                         [_thread_blocked, id=27696, stack(0x000000bf11400000,0x000000bf11500000) (1024K)]
  0x000001c3f6bd3c70 JavaThread "Timer-566"                         [_thread_blocked, id=2184, stack(0x000000bf11700000,0x000000bf11800000) (1024K)]
  0x000001c3f6bd2230 JavaThread "Timer-567"                         [_thread_blocked, id=26872, stack(0x000000bf11800000,0x000000bf11900000) (1024K)]
  0x000001c3f6bd1510 JavaThread "Timer-568"                         [_thread_blocked, id=19908, stack(0x000000bf11900000,0x000000bf11a00000) (1024K)]
  0x000001c3f6bd0e80 JavaThread "Timer-569"                         [_thread_blocked, id=25112, stack(0x000000bf11a00000,0x000000bf11b00000) (1024K)]
  0x000001c3f6bd5020 JavaThread "Timer-570"                         [_thread_blocked, id=19112, stack(0x000000bf11b00000,0x000000bf11c00000) (1024K)]
  0x000001c3f6bd4990 JavaThread "Timer-571"                         [_thread_blocked, id=6840, stack(0x000000bf11c00000,0x000000bf11d00000) (1024K)]
  0x000001c3f6bd1ba0 JavaThread "Timer-572"                         [_thread_blocked, id=13140, stack(0x000000bf11e00000,0x000000bf11f00000) (1024K)]
  0x000001c3f6bd56b0 JavaThread "Timer-573"                         [_thread_blocked, id=26632, stack(0x000000bf11d00000,0x000000bf11e00000) (1024K)]
  0x000001c3f6bd6a60 JavaThread "Timer-574"                         [_thread_blocked, id=2408, stack(0x000000bf12000000,0x000000bf12100000) (1024K)]
  0x000001c3f6bd8b30 JavaThread "Timer-575"                         [_thread_blocked, id=12000, stack(0x000000bf12100000,0x000000bf12200000) (1024K)]
  0x000001c3f6bd70f0 JavaThread "Timer-576"                         [_thread_blocked, id=15580, stack(0x000000bf12200000,0x000000bf12300000) (1024K)]
  0x000001c3f6bd7780 JavaThread "Timer-577"                         [_thread_blocked, id=12884, stack(0x000000bf12300000,0x000000bf12400000) (1024K)]
  0x000001c3f6bd4300 JavaThread "Timer-578"                         [_thread_blocked, id=26180, stack(0x000000bf12400000,0x000000bf12500000) (1024K)]
  0x000001c3f6bd91c0 JavaThread "Timer-579"                         [_thread_blocked, id=19932, stack(0x000000bf12500000,0x000000bf12600000) (1024K)]
  0x000001c3f6bdac00 JavaThread "Timer-580"                         [_thread_blocked, id=13596, stack(0x000000bf12700000,0x000000bf12800000) (1024K)]
  0x000001c3f6bda570 JavaThread "Timer-581"                         [_thread_blocked, id=26140, stack(0x000000bf12600000,0x000000bf12700000) (1024K)]
  0x000001c3f6bd84a0 JavaThread "Timer-582"                         [_thread_blocked, id=15516, stack(0x000000bf12900000,0x000000bf12a00000) (1024K)]
  0x000001c3f6bdb290 JavaThread "Timer-583"                         [_thread_blocked, id=8424, stack(0x000000bf12a00000,0x000000bf12b00000) (1024K)]
  0x000001c3f6bd9850 JavaThread "Worker-511: Initialize workspace"        [_thread_blocked, id=5540, stack(0x000000bf11f00000,0x000000bf12000000) (1024K)]
  0x000001c3f6bd63d0 JavaThread "Timer-584"                         [_thread_blocked, id=19680, stack(0x000000bf12b00000,0x000000bf12c00000) (1024K)]
  0x000001c3f6bdd360 JavaThread "Timer-585"                         [_thread_blocked, id=5180, stack(0x000000bf13000000,0x000000bf13100000) (1024K)]
  0x000001c3f6bdb920 JavaThread "Timer-586"                         [_thread_blocked, id=12196, stack(0x000000bf13300000,0x000000bf13400000) (1024K)]
  0x000001c3f6bdbfb0 JavaThread "Timer-587"                         [_thread_blocked, id=18656, stack(0x000000bf13200000,0x000000bf13300000) (1024K)]
  0x000001c3f6bdc640 JavaThread "Timer-588"                         [_thread_blocked, id=24476, stack(0x000000bf13500000,0x000000bf13600000) (1024K)]
  0x000001c3f6bdccd0 JavaThread "Timer-589"                         [_thread_blocked, id=1488, stack(0x000000bf12c00000,0x000000bf12d00000) (1024K)]
  0x000001c3f6bd9ee0 JavaThread "Timer-590"                         [_thread_blocked, id=20148, stack(0x000000bf13100000,0x000000bf13200000) (1024K)]
  0x000001c3f6bde710 JavaThread "Timer-591"                         [_thread_blocked, id=15088, stack(0x000000bf13400000,0x000000bf13500000) (1024K)]
  0x000001c3f6bd7e10 JavaThread "Worker-530: Initialize workspace"        [_thread_blocked, id=27976, stack(0x000000bf12800000,0x000000bf12900000) (1024K)]
  0x000001c3f6bdd9f0 JavaThread "Timer-592"                         [_thread_blocked, id=28476, stack(0x000000bf13600000,0x000000bf13700000) (1024K)]
  0x000001c3f6bdeda0 JavaThread "Timer-593"                         [_thread_blocked, id=27252, stack(0x000000bf13700000,0x000000bf13800000) (1024K)]
  0x000001c3f6bde080 JavaThread "Timer-594"                         [_thread_blocked, id=28416, stack(0x000000bf13900000,0x000000bf13a00000) (1024K)]
  0x000001c3f6be2220 JavaThread "Timer-595"                         [_thread_blocked, id=26040, stack(0x000000bf13800000,0x000000bf13900000) (1024K)]
  0x000001c3f6bdfac0 JavaThread "Timer-596"                         [_thread_blocked, id=18060, stack(0x000000bf13b00000,0x000000bf13c00000) (1024K)]
  0x000001c3f6be28b0 JavaThread "Timer-597"                         [_thread_blocked, id=23904, stack(0x000000bf13a00000,0x000000bf13b00000) (1024K)]
  0x000001c3f6be07e0 JavaThread "Timer-598"                         [_thread_blocked, id=26764, stack(0x000000bf13d00000,0x000000bf13e00000) (1024K)]
  0x000001c3f6be0150 JavaThread "Timer-599"                         [_thread_blocked, id=17136, stack(0x000000bf13e00000,0x000000bf13f00000) (1024K)]
  0x000001c3f6be1b90 JavaThread "Worker-549: Initialize workspace"        [_thread_blocked, id=21948, stack(0x000000bf12d00000,0x000000bf12e00000) (1024K)]
  0x000001c3f6bdf430 JavaThread "Timer-600"                         [_thread_blocked, id=4448, stack(0x000000bf13f00000,0x000000bf14000000) (1024K)]
  0x000001c3f6be2f40 JavaThread "Timer-601"                         [_thread_blocked, id=14740, stack(0x000000bf14000000,0x000000bf14100000) (1024K)]
  0x000001c3f6be35d0 JavaThread "Timer-602"                         [_thread_blocked, id=21768, stack(0x000000bf14100000,0x000000bf14200000) (1024K)]
  0x000001c3f6be3c60 JavaThread "Timer-603"                         [_thread_blocked, id=27840, stack(0x000000bf14200000,0x000000bf14300000) (1024K)]
  0x000001c3f6be1500 JavaThread "Timer-604"                         [_thread_blocked, id=21488, stack(0x000000bf14400000,0x000000bf14500000) (1024K)]
  0x000001c3f6be56a0 JavaThread "Timer-605"                         [_thread_blocked, id=3664, stack(0x000000bf14300000,0x000000bf14400000) (1024K)]
  0x000001c3f6be4980 JavaThread "Timer-606"                         [_thread_blocked, id=6636, stack(0x000000bf14600000,0x000000bf14700000) (1024K)]
  0x000001c3f6be63c0 JavaThread "Timer-607"                         [_thread_blocked, id=28228, stack(0x000000bf14700000,0x000000bf14800000) (1024K)]
  0x000001c3f6be70e0 JavaThread "Timer-608"                         [_thread_blocked, id=20848, stack(0x000000bf14800000,0x000000bf14900000) (1024K)]
  0x000001c3f6be7770 JavaThread "Timer-609"                         [_thread_blocked, id=5184, stack(0x000000bf14900000,0x000000bf14a00000) (1024K)]
  0x000001c3f6be5010 JavaThread "Timer-610"                         [_thread_blocked, id=26340, stack(0x000000bf14a00000,0x000000bf14b00000) (1024K)]
  0x000001c3f6be5d30 JavaThread "Timer-611"                         [_thread_blocked, id=28276, stack(0x000000bf14b00000,0x000000bf14c00000) (1024K)]
  0x000001c3f6be7e00 JavaThread "Timer-612"                         [_thread_blocked, id=22112, stack(0x000000bf14d00000,0x000000bf14e00000) (1024K)]
  0x000001c3f6be9ed0 JavaThread "Timer-613"                         [_thread_blocked, id=26268, stack(0x000000bf14c00000,0x000000bf14d00000) (1024K)]
  0x000001c3f6be91b0 JavaThread "Timer-614"                         [_thread_blocked, id=27924, stack(0x000000bf14f00000,0x000000bf15000000) (1024K)]
  0x000001c3f6be9840 JavaThread "Timer-615"                         [_thread_blocked, id=27792, stack(0x000000bf15000000,0x000000bf15100000) (1024K)]
  0x000001c3f6be8b20 JavaThread "Timer-616"                         [_thread_blocked, id=11400, stack(0x000000bf15100000,0x000000bf15200000) (1024K)]
  0x000001c3f6c0b260 JavaThread "Timer-617"                         [_thread_blocked, id=16232, stack(0x000000bf15200000,0x000000bf15300000) (1024K)]
  0x000001c3e27c12e0 JavaThread "Timer-618"                         [_thread_blocked, id=3060, stack(0x000000bf15400000,0x000000bf15500000) (1024K)]
  0x000001c3e27bde60 JavaThread "Timer-619"                         [_thread_blocked, id=24368, stack(0x000000bf15300000,0x000000bf15400000) (1024K)]
  0x000001c3e131a160 JavaThread "Timer-620"                         [_thread_blocked, id=4372, stack(0x000000bf15600000,0x000000bf15700000) (1024K)]
  0x000001c3ed6df280 JavaThread "Timer-621"                         [_thread_blocked, id=24420, stack(0x000000bf15500000,0x000000bf15600000) (1024K)]
  0x000001c3ed6dffa0 JavaThread "Timer-622"                         [_thread_blocked, id=11212, stack(0x000000bf15800000,0x000000bf15900000) (1024K)]
  0x000001c3ed6df910 JavaThread "Timer-623"                         [_thread_blocked, id=23280, stack(0x000000bf15900000,0x000000bf15a00000) (1024K)]
  0x000001c3ed6e0cc0 JavaThread "Worker-604: Initialize workspace"        [_thread_blocked, id=20240, stack(0x000000bf14e00000,0x000000bf14f00000) (1024K)]
  0x000001c3ed6debf0 JavaThread "Timer-624"                         [_thread_blocked, id=18748, stack(0x000000bf15a00000,0x000000bf15b00000) (1024K)]
  0x000001c3ed6e4e60 JavaThread "Timer-625"                         [_thread_blocked, id=24424, stack(0x000000bf15b00000,0x000000bf15c00000) (1024K)]
  0x000001c3ed6e4140 JavaThread "Timer-626"                         [_thread_blocked, id=24600, stack(0x000000bf15d00000,0x000000bf15e00000) (1024K)]
  0x000001c3ed6e19e0 JavaThread "Timer-627"                         [_thread_blocked, id=27624, stack(0x000000bf15c00000,0x000000bf15d00000) (1024K)]
  0x000001c3ed6e54f0 JavaThread "Timer-628"                         [_thread_blocked, id=9764, stack(0x000000bf15f00000,0x000000bf16000000) (1024K)]
  0x000001c3ed6e47d0 JavaThread "Timer-629"                         [_thread_blocked, id=27700, stack(0x000000bf15e00000,0x000000bf15f00000) (1024K)]
  0x000001c3ed6e3420 JavaThread "Timer-630"                         [_thread_blocked, id=13296, stack(0x000000bf16100000,0x000000bf16200000) (1024K)]
  0x000001c3ed6e3ab0 JavaThread "Timer-631"                         [_thread_blocked, id=28460, stack(0x000000bf16200000,0x000000bf16300000) (1024K)]
  0x000001c3ed6e1350 JavaThread "Worker-623: Initialize workspace"        [_thread_blocked, id=17768, stack(0x000000bf15700000,0x000000bf15800000) (1024K)]
  0x000001c3ed6e2070 JavaThread "Timer-632"                         [_thread_blocked, id=26900, stack(0x000000bf16300000,0x000000bf16400000) (1024K)]
  0x000001c3ed6e5b80 JavaThread "Timer-633"                         [_thread_blocked, id=19496, stack(0x000000bf16400000,0x000000bf16500000) (1024K)]
  0x000001c3ed6e2700 JavaThread "Timer-634"                         [_thread_blocked, id=15248, stack(0x000000bf16500000,0x000000bf16600000) (1024K)]
  0x000001c3ed6e9690 JavaThread "Timer-635"                         [_thread_blocked, id=27968, stack(0x000000bf16600000,0x000000bf16700000) (1024K)]
  0x000001c3ed6e6210 JavaThread "Timer-636"                         [_thread_blocked, id=27172, stack(0x000000bf16800000,0x000000bf16900000) (1024K)]
  0x000001c3ed6e75c0 JavaThread "Timer-637"                         [_thread_blocked, id=6600, stack(0x000000bf16700000,0x000000bf16800000) (1024K)]
  0x000001c3ed6e68a0 JavaThread "Timer-638"                         [_thread_blocked, id=28584, stack(0x000000bf16a00000,0x000000bf16b00000) (1024K)]
  0x000001c3ed6e6f30 JavaThread "Timer-639"                         [_thread_blocked, id=12148, stack(0x000000bf16b00000,0x000000bf16c00000) (1024K)]
  0x000001c3ed6e0630 JavaThread "Worker-642: Initialize workspace"        [_thread_blocked, id=20448, stack(0x000000bf0fb00000,0x000000bf0fc00000) (1024K)]
  0x000001c3ed6e9d20 JavaThread "Timer-640"                         [_thread_blocked, id=27412, stack(0x000000bf16c00000,0x000000bf16d00000) (1024K)]
  0x000001c3ed6ea3b0 JavaThread "Timer-641"                         [_thread_blocked, id=27292, stack(0x000000bf16d00000,0x000000bf16e00000) (1024K)]
  0x000001c3ed6eb0d0 JavaThread "Timer-642"                         [_thread_blocked, id=1924, stack(0x000000bf16f00000,0x000000bf17000000) (1024K)]
  0x000001c3ed6eaa40 JavaThread "Timer-643"                         [_thread_blocked, id=21128, stack(0x000000bf16e00000,0x000000bf16f00000) (1024K)]
  0x000001c3ed6e82e0 JavaThread "Timer-644"                         [_thread_blocked, id=27380, stack(0x000000bf17100000,0x000000bf17200000) (1024K)]
  0x000001c3ed6e7c50 JavaThread "Timer-645"                         [_thread_blocked, id=27316, stack(0x000000bf17000000,0x000000bf17100000) (1024K)]
  0x000001c3ed6eb760 JavaThread "Timer-646"                         [_thread_blocked, id=27060, stack(0x000000bf17300000,0x000000bf17400000) (1024K)]
  0x000001c3ed6e8970 JavaThread "Timer-647"                         [_thread_blocked, id=5908, stack(0x000000bf17400000,0x000000bf17500000) (1024K)]
  0x000001c3ed6e2d90 JavaThread "Worker-661: Initialize workspace"        [_thread_blocked, id=21384, stack(0x000000bf16000000,0x000000bf16100000) (1024K)]
  0x000001c3ed6e9000 JavaThread "Timer-648"                         [_thread_blocked, id=4412, stack(0x000000bf17500000,0x000000bf17600000) (1024K)]
  0x000001c3ed6ee550 JavaThread "Timer-649"                         [_thread_blocked, id=8604, stack(0x000000bf17600000,0x000000bf17700000) (1024K)]
  0x000001c3ed6ed1a0 JavaThread "Timer-650"                         [_thread_blocked, id=13476, stack(0x000000bf17700000,0x000000bf17800000) (1024K)]
  0x000001c3ed6eebe0 JavaThread "Timer-651"                         [_thread_blocked, id=26584, stack(0x000000bf17800000,0x000000bf17900000) (1024K)]
  0x000001c3ed6ef270 JavaThread "Timer-652"                         [_thread_blocked, id=26668, stack(0x000000bf17a00000,0x000000bf17b00000) (1024K)]
  0x000001c3ed6ef900 JavaThread "Timer-653"                         [_thread_blocked, id=27552, stack(0x000000bf17900000,0x000000bf17a00000) (1024K)]
  0x000001c3ed6eff90 JavaThread "Timer-654"                         [_thread_blocked, id=26184, stack(0x000000bf17c00000,0x000000bf17d00000) (1024K)]
  0x000001c3ed6f0cb0 JavaThread "Timer-655"                         [_thread_blocked, id=14080, stack(0x000000bf17d00000,0x000000bf17e00000) (1024K)]
  0x000001c3ed6ec480 JavaThread "Worker-680: Initialize workspace"        [_thread_blocked, id=2424, stack(0x000000bf17200000,0x000000bf17300000) (1024K)]
  0x000001c3ed6f0620 JavaThread "Timer-656"                         [_thread_blocked, id=13908, stack(0x000000bf17e00000,0x000000bf17f00000) (1024K)]
  0x000001c3ed6ed830 JavaThread "Timer-657"                         [_thread_blocked, id=22312, stack(0x000000bf17f00000,0x000000bf18000000) (1024K)]
  0x000001c3ed6f1340 JavaThread "Timer-658"                         [_thread_blocked, id=9712, stack(0x000000bf18000000,0x000000bf18100000) (1024K)]
  0x000001c3ed6edec0 JavaThread "Timer-659"                         [_thread_blocked, id=27680, stack(0x000000bf18100000,0x000000bf18200000) (1024K)]
  0x000001c3ed6f26f0 JavaThread "Timer-660"                         [_thread_blocked, id=17596, stack(0x000000bf18300000,0x000000bf18400000) (1024K)]
  0x000001c3ed6f47c0 JavaThread "Timer-661"                         [_thread_blocked, id=27076, stack(0x000000bf18200000,0x000000bf18300000) (1024K)]
  0x000001c3ed6f4e50 JavaThread "Timer-662"                         [_thread_blocked, id=25016, stack(0x000000bf18400000,0x000000bf18500000) (1024K)]
  0x000001c3ed6f2d80 JavaThread "Timer-663"                         [_thread_blocked, id=416, stack(0x000000bf18800000,0x000000bf18900000) (1024K)]
  0x000001c3ed6ecb10 JavaThread "Worker-699: Initialize workspace"        [_thread_blocked, id=25280, stack(0x000000bf17b00000,0x000000bf17c00000) (1024K)]
  0x000001c3ed6f19d0 JavaThread "Timer-664"                         [_thread_blocked, id=11664, stack(0x000000bf18600000,0x000000bf18700000) (1024K)]
  0x000001c3ed6f3410 JavaThread "Timer-665"                         [_thread_blocked, id=18500, stack(0x000000bf18700000,0x000000bf18800000) (1024K)]
  0x000001c3ed6f3aa0 JavaThread "Timer-666"                         [_thread_blocked, id=27884, stack(0x000000bf18a00000,0x000000bf18b00000) (1024K)]
  0x000001c3ed6f54e0 JavaThread "Timer-667"                         [_thread_blocked, id=27880, stack(0x000000bf18900000,0x000000bf18a00000) (1024K)]
  0x000001c3ed6f2060 JavaThread "Timer-668"                         [_thread_blocked, id=27952, stack(0x000000bf18c00000,0x000000bf18d00000) (1024K)]
  0x000001c3ed6f5b70 JavaThread "Timer-669"                         [_thread_blocked, id=17264, stack(0x000000bf18b00000,0x000000bf18c00000) (1024K)]
  0x000001c3ed6f75b0 JavaThread "Timer-670"                         [_thread_blocked, id=16308, stack(0x000000bf18e00000,0x000000bf18f00000) (1024K)]
  0x000001c3ed6f6200 JavaThread "Timer-671"                         [_thread_blocked, id=25992, stack(0x000000bf18f00000,0x000000bf19000000) (1024K)]
  0x000001c3ed6f4130 JavaThread "Timer-672"                         [_thread_blocked, id=16700, stack(0x000000bf19000000,0x000000bf19100000) (1024K)]
  0x000001c3ed6f7c40 JavaThread "Timer-673"                         [_thread_blocked, id=28316, stack(0x000000bf19100000,0x000000bf19200000) (1024K)]
  0x000001c3ed6f82d0 JavaThread "Timer-674"                         [_thread_blocked, id=23764, stack(0x000000bf19200000,0x000000bf19300000) (1024K)]
  0x000001c3ed6f8960 JavaThread "Timer-675"                         [_thread_blocked, id=27312, stack(0x000000bf19300000,0x000000bf19400000) (1024K)]
  0x000001c3ed6fa3a0 JavaThread "Timer-676"                         [_thread_blocked, id=26856, stack(0x000000bf19500000,0x000000bf19600000) (1024K)]
  0x000001c3ed6f9680 JavaThread "Timer-677"                         [_thread_blocked, id=23772, stack(0x000000bf19400000,0x000000bf19500000) (1024K)]
  0x000001c3ed6f9d10 JavaThread "Timer-678"                         [_thread_blocked, id=16968, stack(0x000000bf19700000,0x000000bf19800000) (1024K)]
  0x000001c3ed6fb0c0 JavaThread "Timer-679"                         [_thread_blocked, id=26868, stack(0x000000bf19800000,0x000000bf19900000) (1024K)]
  0x000001c3ed6f6f20 JavaThread "Worker-737: Initialize workspace"        [_thread_blocked, id=26460, stack(0x000000bf18d00000,0x000000bf18e00000) (1024K)]
  0x000001c3ed6fbde0 JavaThread "Timer-680"                         [_thread_blocked, id=22892, stack(0x000000bf19900000,0x000000bf19a00000) (1024K)]
  0x000001c3ed6faa30 JavaThread "Timer-681"                         [_thread_blocked, id=23720, stack(0x000000bf19a00000,0x000000bf19b00000) (1024K)]
  0x000001c3ed6fc470 JavaThread "Timer-682"                         [_thread_blocked, id=27156, stack(0x000000bf19b00000,0x000000bf19c00000) (1024K)]
  0x000001c3ed6f8ff0 JavaThread "Timer-683"                         [_thread_blocked, id=26436, stack(0x000000bf19c00000,0x000000bf19d00000) (1024K)]
  0x000001c3ed6febd0 JavaThread "Timer-684"                         [_thread_blocked, id=18240, stack(0x000000bf19e00000,0x000000bf19f00000) (1024K)]
  0x000001c3ed6fe540 JavaThread "Timer-685"                         [_thread_blocked, id=20072, stack(0x000000bf19d00000,0x000000bf19e00000) (1024K)]
  0x000001c3ed6fd820 JavaThread "Timer-686"                         [_thread_blocked, id=23708, stack(0x000000bf1a000000,0x000000bf1a100000) (1024K)]
  0x000001c3ed6fdeb0 JavaThread "Timer-687"                         [_thread_blocked, id=10968, stack(0x000000bf1a100000,0x000000bf1a200000) (1024K)]
  0x000001c3ed6fb750 JavaThread "Worker-755: Initialize workspace"        [_thread_blocked, id=27340, stack(0x000000bf19600000,0x000000bf19700000) (1024K)]
  0x000001c3ed6ff8f0 JavaThread "Timer-688"                         [_thread_blocked, id=14956, stack(0x000000bf1a200000,0x000000bf1a300000) (1024K)]
  0x000001c3ed702050 JavaThread "Timer-689"                         [_thread_blocked, id=26980, stack(0x000000bf1a300000,0x000000bf1a400000) (1024K)]
  0x000001c3ed6fff80 JavaThread "Timer-690"                         [_thread_blocked, id=18052, stack(0x000000bf1a500000,0x000000bf1a600000) (1024K)]
  0x000001c3ed7026e0 JavaThread "Timer-691"                         [_thread_blocked, id=6236, stack(0x000000bf1a400000,0x000000bf1a500000) (1024K)]
  0x000001c3ed701330 JavaThread "Timer-692"                         [_thread_blocked, id=23164, stack(0x000000bf1a700000,0x000000bf1a800000) (1024K)]
  0x000001c3ed7019c0 JavaThread "Timer-693"                         [_thread_blocked, id=25396, stack(0x000000bf1a600000,0x000000bf1a700000) (1024K)]
  0x000001c3ed702d70 JavaThread "Timer-694"                         [_thread_blocked, id=2584, stack(0x000000bf1a900000,0x000000bf1aa00000) (1024K)]
  0x000001c3ed703a90 JavaThread "Timer-695"                         [_thread_blocked, id=4300, stack(0x000000bf1aa00000,0x000000bf1ab00000) (1024K)]
  0x000001c3ed700610 JavaThread "Timer-696"                         [_thread_blocked, id=27996, stack(0x000000bf1ab00000,0x000000bf1ac00000) (1024K)]
  0x000001c3ed704120 JavaThread "Timer-697"                         [_thread_blocked, id=21132, stack(0x000000bf1ac00000,0x000000bf1ad00000) (1024K)]
  0x000001c3ed700ca0 JavaThread "Timer-698"                         [_thread_blocked, id=24820, stack(0x000000bf1ae00000,0x000000bf1af00000) (1024K)]
  0x000001c3ed7047b0 JavaThread "Timer-699"                         [_thread_blocked, id=25856, stack(0x000000bf1ad00000,0x000000bf1ae00000) (1024K)]
  0x000001c3ed6c6230 JavaThread "Timer-700"                         [_thread_blocked, id=28264, stack(0x000000bf1b000000,0x000000bf1b100000) (1024K)]
  0x000001c3ed6c5ba0 JavaThread "Timer-701"                         [_thread_blocked, id=23964, stack(0x000000bf1af00000,0x000000bf1b000000) (1024K)]
  0x000001c3ed6c68c0 JavaThread "Timer-702"                         [_thread_blocked, id=23476, stack(0x000000bf1b200000,0x000000bf1b300000) (1024K)]
  0x000001c3ed6c6f50 JavaThread "Timer-703"                         [_thread_blocked, id=23968, stack(0x000000bf1b300000,0x000000bf1b400000) (1024K)]
  0x000001c3ed6c7c70 JavaThread "Timer-704"                         [_thread_blocked, id=26968, stack(0x000000bf1b400000,0x000000bf1b500000) (1024K)]
  0x000001c3ed6c47f0 JavaThread "Timer-705"                         [_thread_blocked, id=852, stack(0x000000bf1b500000,0x000000bf1b600000) (1024K)]
  0x000001c3ed6c8300 JavaThread "Timer-706"                         [_thread_blocked, id=23396, stack(0x000000bf1b600000,0x000000bf1b700000) (1024K)]
  0x000001c3ed6c4e80 JavaThread "Timer-707"                         [_thread_blocked, id=25064, stack(0x000000bf1b700000,0x000000bf1b800000) (1024K)]
  0x000001c3ed6c8990 JavaThread "Timer-708"                         [_thread_blocked, id=28244, stack(0x000000bf1b800000,0x000000bf1b900000) (1024K)]
  0x000001c3ed6c5510 JavaThread "Timer-709"                         [_thread_blocked, id=27000, stack(0x000000bf1b900000,0x000000bf1ba00000) (1024K)]
  0x000001c3ed6cb780 JavaThread "Timer-710"                         [_thread_blocked, id=8880, stack(0x000000bf1bb00000,0x000000bf1bc00000) (1024K)]
  0x000001c3ed6cc4a0 JavaThread "Timer-711"                         [_thread_blocked, id=28532, stack(0x000000bf1bc00000,0x000000bf1bd00000) (1024K)]
  0x000001c3ed6ca3d0 JavaThread "Timer-712"                         [_thread_blocked, id=4076, stack(0x000000bf1bd00000,0x000000bf1be00000) (1024K)]
  0x000001c3ed6c9d40 JavaThread "Timer-713"                         [_thread_blocked, id=23088, stack(0x000000bf1be00000,0x000000bf1bf00000) (1024K)]
  0x000001c3ed6caa60 JavaThread "Timer-714"                         [_thread_blocked, id=13300, stack(0x000000bf1bf00000,0x000000bf1c000000) (1024K)]
  0x000001c3ed6c75e0 JavaThread "Timer-715"                         [_thread_blocked, id=28412, stack(0x000000bf1c000000,0x000000bf1c100000) (1024K)]
  0x000001c3ed6cd850 JavaThread "Timer-716"                         [_thread_blocked, id=14960, stack(0x000000bf1c200000,0x000000bf1c300000) (1024K)]
  0x000001c3ed6ccb30 JavaThread "Timer-717"                         [_thread_blocked, id=6268, stack(0x000000bf1c100000,0x000000bf1c200000) (1024K)]
  0x000001c3ed6cd1c0 JavaThread "Timer-718"                         [_thread_blocked, id=26756, stack(0x000000bf1c400000,0x000000bf1c500000) (1024K)]
  0x000001c3ed6ce570 JavaThread "Timer-719"                         [_thread_blocked, id=22912, stack(0x000000bf1c500000,0x000000bf1c600000) (1024K)]
  0x000001c3ed6cdee0 JavaThread "Timer-720"                         [_thread_blocked, id=19380, stack(0x000000bf1c600000,0x000000bf1c700000) (1024K)]
  0x000001c3ed6cb0f0 JavaThread "Timer-721"                         [_thread_blocked, id=11252, stack(0x000000bf1c700000,0x000000bf1c800000) (1024K)]
  0x000001c3ed6d19f0 JavaThread "Timer-722"                         [_thread_blocked, id=2344, stack(0x000000bf1c900000,0x000000bf1ca00000) (1024K)]
  0x000001c3ed6d2080 JavaThread "Timer-723"                         [_thread_blocked, id=17288, stack(0x000000bf1c800000,0x000000bf1c900000) (1024K)]
  0x000001c3ed6cec00 JavaThread "Timer-724"                         [_thread_blocked, id=24452, stack(0x000000bf1d100000,0x000000bf1d200000) (1024K)]
  0x000001c3ed6d2710 JavaThread "Timer-725"                         [_thread_blocked, id=17428, stack(0x000000bf1ca00000,0x000000bf1cb00000) (1024K)]
  0x000001c3ed6d0640 JavaThread "Timer-726"                         [_thread_blocked, id=26840, stack(0x000000bf1cf00000,0x000000bf1d000000) (1024K)]
  0x000001c3ed6d2da0 JavaThread "Timer-727"                         [_thread_blocked, id=27848, stack(0x000000bf1d000000,0x000000bf1d100000) (1024K)]
  0x000001c3ed6c9020 JavaThread "Worker-852: Initialize workspace"        [_thread_blocked, id=26324, stack(0x000000bf1c300000,0x000000bf1c400000) (1024K)]
  0x000001c3ed6cf290 JavaThread "Timer-728"                         [_thread_blocked, id=15240, stack(0x000000bf1cc00000,0x000000bf1cd00000) (1024K)]
  0x000001c3ed6d3430 JavaThread "Timer-729"                         [_thread_blocked, id=19236, stack(0x000000bf1cd00000,0x000000bf1ce00000) (1024K)]
  0x000001c3ed6cffb0 JavaThread "Timer-730"                         [_thread_blocked, id=20060, stack(0x000000bf1ce00000,0x000000bf1cf00000) (1024K)]
  0x000001c3ed6d3ac0 JavaThread "Timer-731"                         [_thread_blocked, id=25200, stack(0x000000bf1d200000,0x000000bf1d300000) (1024K)]
  0x000001c3ed6d1360 JavaThread "Timer-732"                         [_thread_blocked, id=22452, stack(0x000000bf1d400000,0x000000bf1d500000) (1024K)]
  0x000001c3ed6d4150 JavaThread "Timer-733"                         [_thread_blocked, id=28040, stack(0x000000bf1d300000,0x000000bf1d400000) (1024K)]
  0x000001c3ed6d0cd0 JavaThread "Timer-734"                         [_thread_blocked, id=8392, stack(0x000000bf1d600000,0x000000bf1d700000) (1024K)]
  0x000001c3ed6d5500 JavaThread "Timer-735"                         [_thread_blocked, id=26172, stack(0x000000bf1d700000,0x000000bf1d800000) (1024K)]
  0x000001c3ed6d47e0 JavaThread "Timer-736"                         [_thread_blocked, id=12156, stack(0x000000bf1d800000,0x000000bf1d900000) (1024K)]
  0x000001c3ed6d6220 JavaThread "Timer-737"                         [_thread_blocked, id=2756, stack(0x000000bf1d900000,0x000000bf1da00000) (1024K)]
  0x000001c3ed6d82f0 JavaThread "Timer-738"                         [_thread_blocked, id=14460, stack(0x000000bf1da00000,0x000000bf1db00000) (1024K)]
  0x000001c3ed6d75d0 JavaThread "Timer-739"                         [_thread_blocked, id=6044, stack(0x000000bf1db00000,0x000000bf1dc00000) (1024K)]
  0x000001c3ed6d7c60 JavaThread "Timer-740"                         [_thread_blocked, id=24472, stack(0x000000bf1dd00000,0x000000bf1de00000) (1024K)]
  0x000001c3ed6d8980 JavaThread "Timer-741"                         [_thread_blocked, id=2340, stack(0x000000bf1dc00000,0x000000bf1dd00000) (1024K)]
  0x000001c3ed6d6f40 JavaThread "Timer-742"                         [_thread_blocked, id=5136, stack(0x000000bf1df00000,0x000000bf1e000000) (1024K)]
  0x000001c3ed6d5b90 JavaThread "Timer-743"                         [_thread_blocked, id=27720, stack(0x000000bf1e000000,0x000000bf1e100000) (1024K)]
  0x000001c3ed6db770 JavaThread "Timer-744"                         [_thread_blocked, id=27416, stack(0x000000bf1e100000,0x000000bf1e200000) (1024K)]
  0x000001c3ed6dbe00 JavaThread "Timer-745"                         [_thread_blocked, id=25920, stack(0x000000bf1e200000,0x000000bf1e300000) (1024K)]
  0x000001c3ed6da3c0 JavaThread "Timer-746"                         [_thread_blocked, id=27100, stack(0x000000bf1e400000,0x000000bf1e500000) (1024K)]
  0x000001c3ed6dc490 JavaThread "Timer-747"                         [_thread_blocked, id=18560, stack(0x000000bf1e300000,0x000000bf1e400000) (1024K)]
  0x000001c3ed6d96a0 JavaThread "Timer-748"                         [_thread_blocked, id=7904, stack(0x000000bf1e600000,0x000000bf1e700000) (1024K)]
  0x000001c3ed6d9d30 JavaThread "Timer-749"                         [_thread_blocked, id=12632, stack(0x000000bf1e500000,0x000000bf1e600000) (1024K)]
  0x000001c3ed6daa50 JavaThread "Timer-750"                         [_thread_blocked, id=12224, stack(0x000000bf1e800000,0x000000bf1e900000) (1024K)]
  0x000001c3ed6d9010 JavaThread "Timer-751"                         [_thread_blocked, id=14000, stack(0x000000bf1e900000,0x000000bf1ea00000) (1024K)]
  0x000001c3ed6db0e0 JavaThread "Timer-752"                         [_thread_blocked, id=21684, stack(0x000000bf1ea00000,0x000000bf1eb00000) (1024K)]
  0x000001c3ed6dd1b0 JavaThread "Timer-753"                         [_thread_blocked, id=3824, stack(0x000000bf1eb00000,0x000000bf1ec00000) (1024K)]
  0x000001c3ed6dd840 JavaThread "Timer-754"                         [_thread_blocked, id=28028, stack(0x000000bf1ec00000,0x000000bf1ed00000) (1024K)]
  0x000001c3ed6dded0 JavaThread "Timer-755"                         [_thread_blocked, id=27320, stack(0x000000bf1ed00000,0x000000bf1ee00000) (1024K)]
  0x000001c3ed6de560 JavaThread "Timer-756"                         [_thread_blocked, id=12532, stack(0x000000bf1ef00000,0x000000bf1f000000) (1024K)]
  0x000001c3e1318db0 JavaThread "Timer-757"                         [_thread_blocked, id=23956, stack(0x000000bf1ee00000,0x000000bf1ef00000) (1024K)]
  0x000001c3f6be42f0 JavaThread "Timer-758"                         [_thread_blocked, id=16660, stack(0x000000bf1f100000,0x000000bf1f200000) (1024K)]
  0x000001c3ed6ebdf0 JavaThread "Timer-759"                         [_thread_blocked, id=27360, stack(0x000000bf1f200000,0x000000bf1f300000) (1024K)]
  0x000001c3effca070 JavaThread "Timer-760"                         [_thread_blocked, id=28320, stack(0x000000bf1f300000,0x000000bf1f400000) (1024K)]
  0x000001c3effcc7d0 JavaThread "Timer-761"                         [_thread_blocked, id=28300, stack(0x000000bf1f400000,0x000000bf1f500000) (1024K)]
  0x000001c3effca700 JavaThread "Timer-762"                         [_thread_blocked, id=5060, stack(0x000000bf1f600000,0x000000bf1f700000) (1024K)]
  0x000001c3effcad90 JavaThread "Timer-763"                         [_thread_blocked, id=13368, stack(0x000000bf1f500000,0x000000bf1f600000) (1024K)]
  0x000001c3effcce60 JavaThread "Timer-764"                         [_thread_blocked, id=9724, stack(0x000000bf1f800000,0x000000bf1f900000) (1024K)]
  0x000001c3effcd4f0 JavaThread "Timer-765"                         [_thread_blocked, id=23424, stack(0x000000bf1f700000,0x000000bf1f800000) (1024K)]
  0x000001c3effcdb80 JavaThread "Timer-766"                         [_thread_blocked, id=13668, stack(0x000000bf1fa00000,0x000000bf1fb00000) (1024K)]
  0x000001c3effce210 JavaThread "Timer-767"                         [_thread_blocked, id=27048, stack(0x000000bf1fb00000,0x000000bf1fc00000) (1024K)]
  0x000001c3effcb420 JavaThread "Worker-947: Initialize workspace"        [_thread_blocked, id=27760, stack(0x000000bf1f000000,0x000000bf1f100000) (1024K)]
  0x000001c3effcbab0 JavaThread "Timer-768"                         [_thread_blocked, id=27808, stack(0x000000bf1fe00000,0x000000bf1ff00000) (1024K)]
  0x000001c3effcf5c0 JavaThread "Timer-769"                         [_thread_blocked, id=27940, stack(0x000000bf1ff00000,0x000000bf20000000) (1024K)]
  0x000001c3effcc140 JavaThread "Timer-770"                         [_thread_blocked, id=13796, stack(0x000000bf20100000,0x000000bf20200000) (1024K)]
  0x000001c3effd02e0 JavaThread "Timer-771"                         [_thread_blocked, id=17468, stack(0x000000bf20000000,0x000000bf20100000) (1024K)]
  0x000001c3effd1000 JavaThread "Timer-772"                         [_thread_blocked, id=6512, stack(0x000000bf20300000,0x000000bf20400000) (1024K)]
  0x000001c3effd1d20 JavaThread "Timer-773"                         [_thread_blocked, id=2572, stack(0x000000bf20200000,0x000000bf20300000) (1024K)]
  0x000001c3effd2a40 JavaThread "Timer-774"                         [_thread_blocked, id=27816, stack(0x000000bf20500000,0x000000bf20600000) (1024K)]
  0x000001c3effd1690 JavaThread "Timer-775"                         [_thread_blocked, id=12012, stack(0x000000bf20600000,0x000000bf20700000) (1024K)]
  0x000001c3effce8a0 JavaThread "Worker-966: Initialize workspace"        [_thread_blocked, id=27176, stack(0x000000bf1fd00000,0x000000bf1fe00000) (1024K)]
  0x000001c3effd30d0 JavaThread "Timer-776"                         [_thread_blocked, id=20044, stack(0x000000bf1f900000,0x000000bf1fa00000) (1024K)]
  0x000001c3effd0970 JavaThread "Timer-777"                         [_thread_blocked, id=28504, stack(0x000000bf20400000,0x000000bf20500000) (1024K)]
  0x000001c3effcfc50 JavaThread "Timer-778"                         [_thread_blocked, id=28376, stack(0x000000bf20800000,0x000000bf20900000) (1024K)]
  0x000001c3effd4480 JavaThread "Timer-779"                         [_thread_blocked, id=28508, stack(0x000000bf20700000,0x000000bf20800000) (1024K)]
  0x000001c3effd4b10 JavaThread "Timer-780"                         [_thread_blocked, id=4120, stack(0x000000bf20a00000,0x000000bf20b00000) (1024K)]
  0x000001c3effd5ec0 JavaThread "Timer-781"                         [_thread_blocked, id=23460, stack(0x000000bf20900000,0x000000bf20a00000) (1024K)]
  0x000001c3effd6550 JavaThread "Timer-782"                         [_thread_blocked, id=25268, stack(0x000000bf20c00000,0x000000bf20d00000) (1024K)]
  0x000001c3effd3760 JavaThread "Timer-783"                         [_thread_blocked, id=27724, stack(0x000000bf20d00000,0x000000bf20e00000) (1024K)]
  0x000001c3effd6be0 JavaThread "Timer-784"                         [_thread_blocked, id=3836, stack(0x000000bf20e00000,0x000000bf20f00000) (1024K)]
  0x000001c3effd3df0 JavaThread "Timer-785"                         [_thread_blocked, id=5996, stack(0x000000bf20f00000,0x000000bf21000000) (1024K)]
  0x000001c3effd7900 JavaThread "Timer-786"                         [_thread_blocked, id=21760, stack(0x000000bf21100000,0x000000bf21200000) (1024K)]
  0x000001c3effd7270 JavaThread "Timer-787"                         [_thread_blocked, id=26956, stack(0x000000bf21000000,0x000000bf21100000) (1024K)]
  0x000001c3effd7f90 JavaThread "Timer-788"                         [_thread_blocked, id=24748, stack(0x000000bf21300000,0x000000bf21400000) (1024K)]
  0x000001c3effd5830 JavaThread "Timer-789"                         [_thread_blocked, id=19636, stack(0x000000bf21200000,0x000000bf21300000) (1024K)]
  0x000001c3effda060 JavaThread "Timer-790"                         [_thread_blocked, id=25940, stack(0x000000bf21400000,0x000000bf21500000) (1024K)]
  0x000001c3effd8620 JavaThread "Timer-791"                         [_thread_blocked, id=11928, stack(0x000000bf21600000,0x000000bf21700000) (1024K)]
  0x000001c3effdb410 JavaThread "Timer-792"                         [_thread_blocked, id=22052, stack(0x000000bf21700000,0x000000bf21800000) (1024K)]
  0x000001c3effdbaa0 JavaThread "Timer-793"                         [_thread_blocked, id=24172, stack(0x000000bf21800000,0x000000bf21900000) (1024K)]
  0x000001c3effda6f0 JavaThread "Timer-794"                         [_thread_blocked, id=14060, stack(0x000000bf21a00000,0x000000bf21b00000) (1024K)]
  0x000001c3effd9340 JavaThread "Timer-795"                         [_thread_blocked, id=20640, stack(0x000000bf21900000,0x000000bf21a00000) (1024K)]
  0x000001c3effdc130 JavaThread "Timer-796"                         [_thread_blocked, id=10260, stack(0x000000bf21c00000,0x000000bf21d00000) (1024K)]
  0x000001c3effdad80 JavaThread "Timer-797"                         [_thread_blocked, id=22976, stack(0x000000bf21b00000,0x000000bf21c00000) (1024K)]
  0x000001c3effdc7c0 JavaThread "Timer-798"                         [_thread_blocked, id=25672, stack(0x000000bf21e00000,0x000000bf21f00000) (1024K)]
  0x000001c3effd99d0 JavaThread "Timer-799"                         [_thread_blocked, id=25868, stack(0x000000bf21f00000,0x000000bf22000000) (1024K)]
  0x000001c3effd8cb0 JavaThread "Worker-1023: Initialize workspace"        [_thread_blocked, id=25556, stack(0x000000bf21500000,0x000000bf21600000) (1024K)]
  0x000001c3effdce50 JavaThread "Timer-800"                         [_thread_blocked, id=21220, stack(0x000000bf22000000,0x000000bf22100000) (1024K)]
  0x000001c3effe0ff0 JavaThread "Timer-801"                         [_thread_blocked, id=7148, stack(0x000000bf22100000,0x000000bf22200000) (1024K)]
  0x000001c3effe0960 JavaThread "Timer-802"                         [_thread_blocked, id=26188, stack(0x000000bf22300000,0x000000bf22400000) (1024K)]
  0x000001c3effde890 JavaThread "Timer-803"                         [_thread_blocked, id=21432, stack(0x000000bf22200000,0x000000bf22300000) (1024K)]
  0x000001c3effddb70 JavaThread "Timer-804"                         [_thread_blocked, id=23132, stack(0x000000bf22500000,0x000000bf22600000) (1024K)]
  0x000001c3effe02d0 JavaThread "Timer-805"                         [_thread_blocked, id=23056, stack(0x000000bf22400000,0x000000bf22500000) (1024K)]
  0x000001c3effe1680 JavaThread "Timer-806"                         [_thread_blocked, id=28604, stack(0x000000bf22700000,0x000000bf22800000) (1024K)]
  0x000001c3effe23a0 JavaThread "Timer-807"                         [_thread_blocked, id=14172, stack(0x000000bf22800000,0x000000bf22900000) (1024K)]
  0x000001c3effdef20 JavaThread "Timer-808"                         [_thread_blocked, id=19880, stack(0x000000bf22600000,0x000000bf22700000) (1024K)]
  0x000001c3effe1d10 JavaThread "Timer-809"                         [_thread_blocked, id=20236, stack(0x000000bf22a00000,0x000000bf22b00000) (1024K)]
  0x000001c3effe2a30 JavaThread "Timer-810"                         [_thread_blocked, id=26468, stack(0x000000bf22c00000,0x000000bf22d00000) (1024K)]
  0x000001c3effdf5b0 JavaThread "Timer-811"                         [_thread_blocked, id=26648, stack(0x000000bf22b00000,0x000000bf22c00000) (1024K)]
  0x000001c3effe30c0 JavaThread "Timer-812"                         [_thread_blocked, id=17416, stack(0x000000bf22e00000,0x000000bf22f00000) (1024K)]
  0x000001c3effdfc40 JavaThread "Timer-813"                         [_thread_blocked, id=10124, stack(0x000000bf22d00000,0x000000bf22e00000) (1024K)]
  0x000001c3effe3750 JavaThread "Timer-814"                         [_thread_blocked, id=22500, stack(0x000000bf23200000,0x000000bf23300000) (1024K)]
  0x000001c3effe4470 JavaThread "Timer-815"                         [_thread_blocked, id=23188, stack(0x000000bf23300000,0x000000bf23400000) (1024K)]
  0x000001c3effe6bd0 JavaThread "Timer-816"                         [_thread_blocked, id=11144, stack(0x000000bf23400000,0x000000bf23500000) (1024K)]
  0x000001c3effe7260 JavaThread "Timer-817"                         [_thread_blocked, id=27688, stack(0x000000bf23500000,0x000000bf23600000) (1024K)]
  0x000001c3effe78f0 JavaThread "Timer-818"                         [_thread_blocked, id=22948, stack(0x000000bf23700000,0x000000bf23800000) (1024K)]
  0x000001c3effe7f80 JavaThread "Timer-819"                         [_thread_blocked, id=23388, stack(0x000000bf23600000,0x000000bf23700000) (1024K)]
  0x000001c3effe4b00 JavaThread "Timer-820"                         [_thread_blocked, id=25364, stack(0x000000bf23900000,0x000000bf23a00000) (1024K)]
  0x000001c3effe8610 JavaThread "Timer-821"                         [_thread_blocked, id=16776, stack(0x000000bf23800000,0x000000bf23900000) (1024K)]
  0x000001c3effe5190 JavaThread "Timer-822"                         [_thread_blocked, id=27324, stack(0x000000bf23b00000,0x000000bf23c00000) (1024K)]
  0x000001c3effe5820 JavaThread "Timer-823"                         [_thread_blocked, id=14320, stack(0x000000bf23c00000,0x000000bf23d00000) (1024K)]
  0x000001c3effe3de0 JavaThread "Worker-1079: Initialize workspace"        [_thread_blocked, id=28048, stack(0x000000bf22f00000,0x000000bf23000000) (1024K)]
  0x000001c3effe9330 JavaThread "Timer-824"                         [_thread_blocked, id=19676, stack(0x000000bf23d00000,0x000000bf23e00000) (1024K)]
  0x000001c3effe5eb0 JavaThread "Timer-825"                         [_thread_blocked, id=540, stack(0x000000bf23e00000,0x000000bf23f00000) (1024K)]
  0x000001c3effe6540 JavaThread "Timer-826"                         [_thread_blocked, id=28284, stack(0x000000bf24000000,0x000000bf24100000) (1024K)]
  0x000001c3effeb400 JavaThread "Timer-827"                         [_thread_blocked, id=27948, stack(0x000000bf23f00000,0x000000bf24000000) (1024K)]
  0x000001c3effece40 JavaThread "Timer-828"                         [_thread_blocked, id=14436, stack(0x000000bf24200000,0x000000bf24300000) (1024K)]
  0x000001c3effea050 JavaThread "Timer-829"                         [_thread_blocked, id=17092, stack(0x000000bf24100000,0x000000bf24200000) (1024K)]
  0x000001c3effed4d0 JavaThread "Timer-830"                         [_thread_blocked, id=20112, stack(0x000000bf24400000,0x000000bf24500000) (1024K)]
  0x000001c3effec120 JavaThread "Timer-831"                         [_thread_blocked, id=26212, stack(0x000000bf24500000,0x000000bf24600000) (1024K)]
  0x000001c3effea6e0 JavaThread "Worker-1098: Initialize workspace"        [_thread_blocked, id=5868, stack(0x000000bf23a00000,0x000000bf23b00000) (1024K)]
  0x000001c3effead70 JavaThread "Timer-832"                         [_thread_blocked, id=28012, stack(0x000000bf24600000,0x000000bf24700000) (1024K)]
  0x000001c3effe8ca0 JavaThread "Timer-833"                         [_thread_blocked, id=28304, stack(0x000000bf24700000,0x000000bf24800000) (1024K)]
  0x000001c3effeef10 JavaThread "Timer-834"                         [_thread_blocked, id=4764, stack(0x000000bf24800000,0x000000bf24900000) (1024K)]
  0x000001c3effefc30 JavaThread "Timer-835"                         [_thread_blocked, id=28212, stack(0x000000bf24900000,0x000000bf24a00000) (1024K)]
  0x000001c3effee1f0 JavaThread "Timer-836"                         [_thread_blocked, id=24504, stack(0x000000bf24b00000,0x000000bf24c00000) (1024K)]
  0x000001c3effee880 JavaThread "Timer-837"                         [_thread_blocked, id=1464, stack(0x000000bf24a00000,0x000000bf24b00000) (1024K)]
  0x000001c3effedb60 JavaThread "Timer-838"                         [_thread_blocked, id=27144, stack(0x000000bf24d00000,0x000000bf24e00000) (1024K)]
  0x000001c3effec7b0 JavaThread "Timer-839"                         [_thread_blocked, id=2244, stack(0x000000bf24e00000,0x000000bf24f00000) (1024K)]
  0x000001c3efff02c0 JavaThread "Worker-1117: Initialize workspace"        [_thread_blocked, id=26524, stack(0x000000bf24300000,0x000000bf24400000) (1024K)]
  0x000001c3effef5a0 JavaThread "Timer-840"                         [_thread_blocked, id=22944, stack(0x000000bf24f00000,0x000000bf25000000) (1024K)]
  0x000001c3efff1670 JavaThread "Timer-841"                         [_thread_blocked, id=24552, stack(0x000000bf25000000,0x000000bf25100000) (1024K)]
  0x000001c3efff2390 JavaThread "Timer-842"                         [_thread_blocked, id=28636, stack(0x000000bf25200000,0x000000bf25300000) (1024K)]
  0x000001c3efff2a20 JavaThread "Timer-843"                         [_thread_blocked, id=9232, stack(0x000000bf25100000,0x000000bf25200000) (1024K)]
  0x000001c3efff30b0 JavaThread "Timer-844"                         [_thread_blocked, id=12268, stack(0x000000bf25400000,0x000000bf25500000) (1024K)]
  0x000001c3efff3740 JavaThread "Timer-845"                         [_thread_blocked, id=14476, stack(0x000000bf25300000,0x000000bf25400000) (1024K)]
  0x000001c3efff3dd0 JavaThread "Timer-846"                         [_thread_blocked, id=11436, stack(0x000000bf25600000,0x000000bf25700000) (1024K)]
  0x000001c3efff4460 JavaThread "Timer-847"                         [_thread_blocked, id=3724, stack(0x000000bf25700000,0x000000bf25800000) (1024K)]
  0x000001c3efff0950 JavaThread "Worker-1136: Initialize workspace"        [_thread_blocked, id=28448, stack(0x000000bf24c00000,0x000000bf24d00000) (1024K)]
  0x000001c3efff4af0 JavaThread "Timer-848"                         [_thread_blocked, id=26208, stack(0x000000bf25800000,0x000000bf25900000) (1024K)]
  0x000001c3efff5180 JavaThread "Timer-849"                         [_thread_blocked, id=9668, stack(0x000000bf25900000,0x000000bf25a00000) (1024K)]
  0x000001c3efff1d00 JavaThread "Timer-850"                         [_thread_blocked, id=14916, stack(0x000000bf25b00000,0x000000bf25c00000) (1024K)]
  0x000001c3efff8600 JavaThread "Timer-851"                         [_thread_blocked, id=27372, stack(0x000000bf25a00000,0x000000bf25b00000) (1024K)]
  0x000001c3efff8c90 JavaThread "Timer-852"                         [_thread_blocked, id=24788, stack(0x000000bf25d00000,0x000000bf25e00000) (1024K)]
  0x000001c3efff6530 JavaThread "Timer-853"                         [_thread_blocked, id=4168, stack(0x000000bf25c00000,0x000000bf25d00000) (1024K)]
  0x000001c3efff78e0 JavaThread "Timer-854"                         [_thread_blocked, id=9720, stack(0x000000bf25f00000,0x000000bf26000000) (1024K)]
  0x000001c3efff6bc0 JavaThread "Timer-855"                         [_thread_blocked, id=26932, stack(0x000000bf26000000,0x000000bf26100000) (1024K)]
  0x000001c3efff0fe0 JavaThread "Worker-1155: Initialize workspace"        [_thread_blocked, id=26520, stack(0x000000bf25500000,0x000000bf25600000) (1024K)]
  0x000001c3efff5810 JavaThread "Timer-856"                         [_thread_blocked, id=25144, stack(0x000000bf26100000,0x000000bf26200000) (1024K)]
  0x000001c3efff9320 JavaThread "Timer-857"                         [_thread_blocked, id=26964, stack(0x000000bf26200000,0x000000bf26300000) (1024K)]
  0x000001c3efff5ea0 JavaThread "Timer-858"                         [_thread_blocked, id=27396, stack(0x000000bf26400000,0x000000bf26500000) (1024K)]
  0x000001c3efff99b0 JavaThread "Timer-859"                         [_thread_blocked, id=19900, stack(0x000000bf26300000,0x000000bf26400000) (1024K)]
  0x000001c3efffa040 JavaThread "Timer-860"                         [_thread_blocked, id=21260, stack(0x000000bf26600000,0x000000bf26700000) (1024K)]
  0x000001c3efffa6d0 JavaThread "Timer-861"                         [_thread_blocked, id=26428, stack(0x000000bf26500000,0x000000bf26600000) (1024K)]
  0x000001c3efff7250 JavaThread "Timer-862"                         [_thread_blocked, id=24956, stack(0x000000bf26800000,0x000000bf26900000) (1024K)]
  0x000001c3efffc7a0 JavaThread "Timer-863"                         [_thread_blocked, id=24088, stack(0x000000bf26900000,0x000000bf26a00000) (1024K)]
  0x000001c3efffad60 JavaThread "Worker-1174: Initialize workspace"        [_thread_blocked, id=11424, stack(0x000000bf25e00000,0x000000bf25f00000) (1024K)]
  0x000001c3efff7f70 JavaThread "Timer-864"                         [_thread_blocked, id=12056, stack(0x000000bf26a00000,0x000000bf26b00000) (1024K)]
  0x000001c3efffc110 JavaThread "Timer-865"                         [_thread_blocked, id=24872, stack(0x000000bf26b00000,0x000000bf26c00000) (1024K)]
  0x000001c3efffd4c0 JavaThread "Timer-866"                         [_thread_blocked, id=28536, stack(0x000000bf26d00000,0x000000bf26e00000) (1024K)]
  0x000001c3efffba80 JavaThread "Timer-867"                         [_thread_blocked, id=5840, stack(0x000000bf26c00000,0x000000bf26d00000) (1024K)]
  0x000001c3efffdb50 JavaThread "Timer-868"                         [_thread_blocked, id=23032, stack(0x000000bf26f00000,0x000000bf27000000) (1024K)]
  0x000001c3efffce30 JavaThread "Timer-869"                         [_thread_blocked, id=7792, stack(0x000000bf26e00000,0x000000bf26f00000) (1024K)]
  0x000001c3efffe1e0 JavaThread "Timer-870"                         [_thread_blocked, id=26924, stack(0x000000bf27100000,0x000000bf27200000) (1024K)]
  0x000001c3f0001cf0 JavaThread "Timer-871"                         [_thread_blocked, id=4236, stack(0x000000bf27200000,0x000000bf27300000) (1024K)]
  0x000001c3f00002b0 JavaThread "Timer-872"                         [_thread_blocked, id=27536, stack(0x000000bf27300000,0x000000bf27400000) (1024K)]
  0x000001c3efffe870 JavaThread "Timer-873"                         [_thread_blocked, id=27208, stack(0x000000bf27400000,0x000000bf27500000) (1024K)]
  0x000001c3efffef00 JavaThread "Timer-874"                         [_thread_blocked, id=26112, stack(0x000000bf27600000,0x000000bf27700000) (1024K)]
  0x000001c3f0002380 JavaThread "Timer-875"                         [_thread_blocked, id=19916, stack(0x000000bf27500000,0x000000bf27600000) (1024K)]
  0x000001c3f0002a10 JavaThread "Timer-876"                         [_thread_blocked, id=15916, stack(0x000000bf27800000,0x000000bf27900000) (1024K)]
  0x000001c3f0000940 JavaThread "Timer-877"                         [_thread_blocked, id=27560, stack(0x000000bf27700000,0x000000bf27800000) (1024K)]
  0x000001c3effff590 JavaThread "Timer-878"                         [_thread_blocked, id=28324, stack(0x000000bf27a00000,0x000000bf27b00000) (1024K)]
  0x000001c3f00030a0 JavaThread "Timer-879"                         [_thread_blocked, id=3268, stack(0x000000bf27b00000,0x000000bf27c00000) (1024K)]
  0x000001c3f0000fd0 JavaThread "Timer-880"                         [_thread_blocked, id=18264, stack(0x000000bf27c00000,0x000000bf27d00000) (1024K)]
  0x000001c3f0003dc0 JavaThread "Timer-881"                         [_thread_blocked, id=26044, stack(0x000000bf27d00000,0x000000bf27e00000) (1024K)]
  0x000001c3f0001660 JavaThread "Timer-882"                         [_thread_blocked, id=25936, stack(0x000000bf27f00000,0x000000bf28000000) (1024K)]
  0x000001c3f0004ae0 JavaThread "Timer-883"                         [_thread_blocked, id=21832, stack(0x000000bf27e00000,0x000000bf27f00000) (1024K)]
  0x000001c3f0006bb0 JavaThread "Timer-884"                         [_thread_blocked, id=10364, stack(0x000000bf28100000,0x000000bf28200000) (1024K)]
  0x000001c3f0005800 JavaThread "Timer-885"                         [_thread_blocked, id=15848, stack(0x000000bf28000000,0x000000bf28100000) (1024K)]
  0x000001c3f0007240 JavaThread "Timer-886"                         [_thread_blocked, id=10608, stack(0x000000bf28300000,0x000000bf28400000) (1024K)]
  0x000001c3f0006520 JavaThread "Timer-887"                         [_thread_blocked, id=24936, stack(0x000000bf28400000,0x000000bf28500000) (1024K)]
  0x000001c3f0005e90 JavaThread "Worker-1233: Initialize workspace"        [_thread_blocked, id=26072, stack(0x000000bf27900000,0x000000bf27a00000) (1024K)]
  0x000001c3f0004450 JavaThread "Timer-888"                         [_thread_blocked, id=2196, stack(0x000000bf28500000,0x000000bf28600000) (1024K)]
  0x000001c3f0005170 JavaThread "Timer-889"                         [_thread_blocked, id=21148, stack(0x000000bf28600000,0x000000bf28700000) (1024K)]
  0x000001c3f00099a0 JavaThread "Timer-890"                         [_thread_blocked, id=6620, stack(0x000000bf28800000,0x000000bf28900000) (1024K)]
  0x000001c3f0009310 JavaThread "Timer-891"                         [_thread_blocked, id=28608, stack(0x000000bf28700000,0x000000bf28800000) (1024K)]
  0x000001c3f00078d0 JavaThread "Timer-892"                         [_thread_blocked, id=12692, stack(0x000000bf28a00000,0x000000bf28b00000) (1024K)]
  0x000001c3f000a6c0 JavaThread "Timer-893"                         [_thread_blocked, id=27784, stack(0x000000bf28900000,0x000000bf28a00000) (1024K)]
  0x000001c3f0008c80 JavaThread "Timer-894"                         [_thread_blocked, id=14980, stack(0x000000bf28c00000,0x000000bf28d00000) (1024K)]
  0x000001c3f00085f0 JavaThread "Timer-895"                         [_thread_blocked, id=8292, stack(0x000000bf28d00000,0x000000bf28e00000) (1024K)]
  0x000001c3f0007f60 JavaThread "Timer-896"                         [_thread_blocked, id=9236, stack(0x000000bf28e00000,0x000000bf28f00000) (1024K)]
  0x000001c3effd51a0 JavaThread "Timer-897"                         [_thread_blocked, id=6832, stack(0x000000bf28f00000,0x000000bf29000000) (1024K)]
  0x000001c3ed6dcb20 JavaThread "Timer-898"                         [_thread_blocked, id=19924, stack(0x000000bf29000000,0x000000bf29100000) (1024K)]
  0x000001c3f6be8490 JavaThread "Timer-899"                         [_thread_blocked, id=13412, stack(0x000000bf29100000,0x000000bf29200000) (1024K)]
  0x000001c3f416e390 JavaThread "Timer-900"                         [_thread_blocked, id=12620, stack(0x000000bf29300000,0x000000bf29400000) (1024K)]
  0x000001c3f4170af0 JavaThread "Timer-901"                         [_thread_blocked, id=26528, stack(0x000000bf29200000,0x000000bf29300000) (1024K)]
  0x000001c3f4171810 JavaThread "Timer-902"                         [_thread_blocked, id=26104, stack(0x000000bf29500000,0x000000bf29600000) (1024K)]
  0x000001c3f416f740 JavaThread "Timer-903"                         [_thread_blocked, id=17080, stack(0x000000bf29600000,0x000000bf29700000) (1024K)]
  0x000001c3f4171ea0 JavaThread "Timer-904"                         [_thread_blocked, id=27796, stack(0x000000bf29700000,0x000000bf29800000) (1024K)]
  0x000001c3f4172530 JavaThread "Timer-905"                         [_thread_blocked, id=28092, stack(0x000000bf29800000,0x000000bf29900000) (1024K)]
  0x000001c3f416f0b0 JavaThread "Timer-906"                         [_thread_blocked, id=20176, stack(0x000000bf29a00000,0x000000bf29b00000) (1024K)]
  0x000001c3f4172bc0 JavaThread "Timer-907"                         [_thread_blocked, id=8296, stack(0x000000bf29900000,0x000000bf29a00000) (1024K)]
  0x000001c3f4173250 JavaThread "Timer-908"                         [_thread_blocked, id=18992, stack(0x000000bf29c00000,0x000000bf29d00000) (1024K)]
  0x000001c3f41738e0 JavaThread "Timer-909"                         [_thread_blocked, id=27580, stack(0x000000bf29b00000,0x000000bf29c00000) (1024K)]
  0x000001c3f4170460 JavaThread "Timer-910"                         [_thread_blocked, id=6468, stack(0x000000bf29e00000,0x000000bf29f00000) (1024K)]
  0x000001c3f4173f70 JavaThread "Timer-911"                         [_thread_blocked, id=13352, stack(0x000000bf29f00000,0x000000bf2a000000) (1024K)]
  0x000001c3f416fdd0 JavaThread "Worker-1291: Initialize workspace"        [_thread_blocked, id=28500, stack(0x000000bf29400000,0x000000bf29500000) (1024K)]
  0x000001c3f4174600 JavaThread "Timer-912"                         [_thread_blocked, id=6416, stack(0x000000bf2a000000,0x000000bf2a100000) (1024K)]
  0x000001c3f41759b0 JavaThread "Timer-913"                         [_thread_blocked, id=24912, stack(0x000000bf2a100000,0x000000bf2a200000) (1024K)]
  0x000001c3f4174c90 JavaThread "Timer-914"                         [_thread_blocked, id=19896, stack(0x000000bf2a300000,0x000000bf2a400000) (1024K)]
  0x000001c3f4175320 JavaThread "Timer-915"                         [_thread_blocked, id=8828, stack(0x000000bf2a200000,0x000000bf2a300000) (1024K)]
  0x000001c3f41794c0 JavaThread "Timer-916"                         [_thread_blocked, id=10872, stack(0x000000bf2a500000,0x000000bf2a600000) (1024K)]
  0x000001c3f4176040 JavaThread "Timer-917"                         [_thread_blocked, id=13464, stack(0x000000bf2a400000,0x000000bf2a500000) (1024K)]
  0x000001c3f4179b50 JavaThread "Timer-918"                         [_thread_blocked, id=9956, stack(0x000000bf2a700000,0x000000bf2a800000) (1024K)]
  0x000001c3f41787a0 JavaThread "Timer-919"                         [_thread_blocked, id=24708, stack(0x000000bf2a800000,0x000000bf2a900000) (1024K)]
  0x000001c3f41766d0 JavaThread "Worker-1309: Initialize workspace"        [_thread_blocked, id=4104, stack(0x000000bf29d00000,0x000000bf29e00000) (1024K)]
  0x000001c3f41773f0 JavaThread "Timer-920"                         [_thread_blocked, id=8000, stack(0x000000bf2a900000,0x000000bf2aa00000) (1024K)]
  0x000001c3f4176d60 JavaThread "Timer-921"                         [_thread_blocked, id=3292, stack(0x000000bf2aa00000,0x000000bf2ab00000) (1024K)]
  0x000001c3f4178e30 JavaThread "Timer-922"                         [_thread_blocked, id=25276, stack(0x000000bf2ac00000,0x000000bf2ad00000) (1024K)]
  0x000001c3f417a870 JavaThread "Timer-923"                         [_thread_blocked, id=28456, stack(0x000000bf2ab00000,0x000000bf2ac00000) (1024K)]
  0x000001c3f417af00 JavaThread "Timer-924"                         [_thread_blocked, id=23640, stack(0x000000bf2ae00000,0x000000bf2af00000) (1024K)]
  0x000001c3f4177a80 JavaThread "Timer-925"                         [_thread_blocked, id=13688, stack(0x000000bf2ad00000,0x000000bf2ae00000) (1024K)]
  0x000001c3f417b590 JavaThread "Timer-926"                         [_thread_blocked, id=7964, stack(0x000000bf2b000000,0x000000bf2b100000) (1024K)]
  0x000001c3f417c2b0 JavaThread "Timer-927"                         [_thread_blocked, id=9448, stack(0x000000bf2b100000,0x000000bf2b200000) (1024K)]
  0x000001c3f417c940 JavaThread "Timer-928"                         [_thread_blocked, id=26904, stack(0x000000bf2b200000,0x000000bf2b300000) (1024K)]
  0x000001c3f417ea10 JavaThread "Timer-929"                         [_thread_blocked, id=22812, stack(0x000000bf2b300000,0x000000bf2b400000) (1024K)]
  0x000001c3f417f0a0 JavaThread "Timer-930"                         [_thread_blocked, id=26996, stack(0x000000bf2b500000,0x000000bf2b600000) (1024K)]
  0x000001c3f417bc20 JavaThread "Timer-931"                         [_thread_blocked, id=19660, stack(0x000000bf2b400000,0x000000bf2b500000) (1024K)]
  0x000001c3f4180450 JavaThread "Timer-932"                         [_thread_blocked, id=17684, stack(0x000000bf2b700000,0x000000bf2b800000) (1024K)]
  0x000001c3f417d660 JavaThread "Timer-933"                         [_thread_blocked, id=18100, stack(0x000000bf2b600000,0x000000bf2b700000) (1024K)]
  0x000001c3f417fdc0 JavaThread "Timer-934"                         [_thread_blocked, id=26892, stack(0x000000bf2b900000,0x000000bf2ba00000) (1024K)]
  0x000001c3f417cfd0 JavaThread "Timer-935"                         [_thread_blocked, id=24120, stack(0x000000bf2ba00000,0x000000bf2bb00000) (1024K)]
  0x000001c3f417e380 JavaThread "Timer-936"                         [_thread_blocked, id=26920, stack(0x000000bf2b800000,0x000000bf2b900000) (1024K)]
  0x000001c3f417f730 JavaThread "Timer-937"                         [_thread_blocked, id=27296, stack(0x000000bf2bc00000,0x000000bf2bd00000) (1024K)]
  0x000001c3f4181170 JavaThread "Timer-938"                         [_thread_blocked, id=7116, stack(0x000000bf2bd00000,0x000000bf2be00000) (1024K)]
  0x000001c3f417dcf0 JavaThread "Timer-939"                         [_thread_blocked, id=25988, stack(0x000000bf2be00000,0x000000bf2bf00000) (1024K)]
  0x000001c3f4181e90 JavaThread "Timer-940"                         [_thread_blocked, id=6104, stack(0x000000bf2c000000,0x000000bf2c100000) (1024K)]
  0x000001c3f4182bb0 JavaThread "Timer-941"                         [_thread_blocked, id=27604, stack(0x000000bf2bf00000,0x000000bf2c000000) (1024K)]
  0x000001c3f41838d0 JavaThread "Timer-942"                         [_thread_blocked, id=28612, stack(0x000000bf2c200000,0x000000bf2c300000) (1024K)]
  0x000001c3f4183f60 JavaThread "Timer-943"                         [_thread_blocked, id=3680, stack(0x000000bf2c300000,0x000000bf2c400000) (1024K)]
  0x000001c3f41845f0 JavaThread "Timer-944"                         [_thread_blocked, id=22144, stack(0x000000bf2c400000,0x000000bf2c500000) (1024K)]
  0x000001c3f4184c80 JavaThread "Timer-945"                         [_thread_blocked, id=27356, stack(0x000000bf2c500000,0x000000bf2c600000) (1024K)]
  0x000001c3f4183240 JavaThread "Timer-946"                         [_thread_blocked, id=22768, stack(0x000000bf2c700000,0x000000bf2c800000) (1024K)]
  0x000001c3f4185310 JavaThread "Timer-947"                         [_thread_blocked, id=27824, stack(0x000000bf2c600000,0x000000bf2c700000) (1024K)]
  0x000001c3f41859a0 JavaThread "Timer-948"                         [_thread_blocked, id=25000, stack(0x000000bf2c900000,0x000000bf2ca00000) (1024K)]
  0x000001c3f4182520 JavaThread "Timer-949"                         [_thread_blocked, id=15728, stack(0x000000bf2c800000,0x000000bf2c900000) (1024K)]
  0x000001c3f4186030 JavaThread "Timer-950"                         [_thread_blocked, id=1864, stack(0x000000bf2cb00000,0x000000bf2cc00000) (1024K)]
  0x000001c3f4186d50 JavaThread "Timer-951"                         [_thread_blocked, id=26100, stack(0x000000bf2cc00000,0x000000bf2cd00000) (1024K)]
  0x000001c3f4188100 JavaThread "Timer-952"                         [_thread_blocked, id=25544, stack(0x000000bf2cd00000,0x000000bf2ce00000) (1024K)]
  0x000001c3f41873e0 JavaThread "Timer-953"                         [_thread_blocked, id=19124, stack(0x000000bf2ce00000,0x000000bf2cf00000) (1024K)]
  0x000001c3f4187a70 JavaThread "Timer-954"                         [_thread_blocked, id=21060, stack(0x000000bf2d000000,0x000000bf2d100000) (1024K)]
  0x000001c3f418a1d0 JavaThread "Timer-955"                         [_thread_blocked, id=28560, stack(0x000000bf2cf00000,0x000000bf2d000000) (1024K)]
  0x000001c3f4189b40 JavaThread "Timer-956"                         [_thread_blocked, id=15656, stack(0x000000bf2d200000,0x000000bf2d300000) (1024K)]
  0x000001c3f418a860 JavaThread "Timer-957"                         [_thread_blocked, id=5140, stack(0x000000bf2d100000,0x000000bf2d200000) (1024K)]
  0x000001c3f4188e20 JavaThread "Timer-958"                         [_thread_blocked, id=25908, stack(0x000000bf2d400000,0x000000bf2d500000) (1024K)]
  0x000001c3f418b580 JavaThread "Timer-959"                         [_thread_blocked, id=28148, stack(0x000000bf2d500000,0x000000bf2d600000) (1024K)]
  0x000001c3f418aef0 JavaThread "Worker-1402: Initialize workspace"        [_thread_blocked, id=14628, stack(0x000000bf2ca00000,0x000000bf2cb00000) (1024K)]
  0x000001c3f41866c0 JavaThread "Timer-960"                         [_thread_blocked, id=27776, stack(0x000000bf2d600000,0x000000bf2d700000) (1024K)]
  0x000001c3f4188790 JavaThread "Timer-961"                         [_thread_blocked, id=18008, stack(0x000000bf2d700000,0x000000bf2d800000) (1024K)]
  0x000001c3f418c2a0 JavaThread "Timer-962"                         [_thread_blocked, id=24348, stack(0x000000bf2d900000,0x000000bf2da00000) (1024K)]
  0x000001c3f418c930 JavaThread "Timer-963"                         [_thread_blocked, id=28296, stack(0x000000bf2d800000,0x000000bf2d900000) (1024K)]
  0x000001c3f41894b0 JavaThread "Timer-964"                         [_thread_blocked, id=9024, stack(0x000000bf2db00000,0x000000bf2dc00000) (1024K)]
  0x000001c3f418ea00 JavaThread "Timer-965"                         [_thread_blocked, id=26476, stack(0x000000bf2da00000,0x000000bf2db00000) (1024K)]
  0x000001c3f418dce0 JavaThread "Timer-966"                         [_thread_blocked, id=10640, stack(0x000000bf2dd00000,0x000000bf2de00000) (1024K)]
  0x000001c3f4190440 JavaThread "Timer-967"                         [_thread_blocked, id=27264, stack(0x000000bf2de00000,0x000000bf2df00000) (1024K)]
  0x000001c3f418d650 JavaThread "Worker-1422: Initialize workspace"        [_thread_blocked, id=19472, stack(0x000000bf2d300000,0x000000bf2d400000) (1024K)]
  0x000001c3f418f090 JavaThread "Timer-968"                         [_thread_blocked, id=28096, stack(0x000000bf2df00000,0x000000bf2e000000) (1024K)]
  0x000001c3f418bc10 JavaThread "Timer-969"                         [_thread_blocked, id=26768, stack(0x000000bf2e000000,0x000000bf2e100000) (1024K)]
  0x000001c3f41917f0 JavaThread "Timer-970"                         [_thread_blocked, id=1328, stack(0x000000bf2e200000,0x000000bf2e300000) (1024K)]
  0x000001c3f4190ad0 JavaThread "Timer-971"                         [_thread_blocked, id=27020, stack(0x000000bf2e100000,0x000000bf2e200000) (1024K)]
  0x000001c3f4191160 JavaThread "Timer-972"                         [_thread_blocked, id=12060, stack(0x000000bf2e400000,0x000000bf2e500000) (1024K)]
  0x000001c3f4192510 JavaThread "Timer-973"                         [_thread_blocked, id=19500, stack(0x000000bf2e300000,0x000000bf2e400000) (1024K)]
  0x000001c3f4191e80 JavaThread "Timer-974"                         [_thread_blocked, id=9084, stack(0x000000bf2e600000,0x000000bf2e700000) (1024K)]
  0x000001c3f4192ba0 JavaThread "Timer-975"                         [_thread_blocked, id=25496, stack(0x000000bf2e700000,0x000000bf2e800000) (1024K)]
  0x000001c3f418f720 JavaThread "Worker-1440: Initialize workspace"        [_thread_blocked, id=24516, stack(0x000000bf2dc00000,0x000000bf2dd00000) (1024K)]
  0x000001c3f418e370 JavaThread "Timer-976"                         [_thread_blocked, id=24728, stack(0x000000bf2e800000,0x000000bf2e900000) (1024K)]
  0x000001c3f4193230 JavaThread "Timer-977"                         [_thread_blocked, id=26000, stack(0x000000bf2e900000,0x000000bf2ea00000) (1024K)]
  0x000001c3f41938c0 JavaThread "Timer-978"                         [_thread_blocked, id=13556, stack(0x000000bf2eb00000,0x000000bf2ec00000) (1024K)]
  0x000001c3f4157410 JavaThread "Timer-979"                         [_thread_blocked, id=28216, stack(0x000000bf2ea00000,0x000000bf2eb00000) (1024K)]
  0x000001c3f4156060 JavaThread "Timer-980"                         [_thread_blocked, id=1860, stack(0x000000bf2ed00000,0x000000bf2ee00000) (1024K)]
  0x000001c3f4155340 JavaThread "Timer-981"                         [_thread_blocked, id=24660, stack(0x000000bf2ec00000,0x000000bf2ed00000) (1024K)]
  0x000001c3f4154620 JavaThread "Timer-982"                         [_thread_blocked, id=26156, stack(0x000000bf2ef00000,0x000000bf2f000000) (1024K)]
  0x000001c3f4156d80 JavaThread "Timer-983"                         [_thread_blocked, id=16300, stack(0x000000bf2f000000,0x000000bf2f100000) (1024K)]
  0x000001c3f41566f0 JavaThread "Timer-984"                         [_thread_blocked, id=21944, stack(0x000000bf2f100000,0x000000bf2f200000) (1024K)]
  0x000001c3f4153f90 JavaThread "Timer-985"                         [_thread_blocked, id=23040, stack(0x000000bf2f200000,0x000000bf2f300000) (1024K)]
  0x000001c3f4154cb0 JavaThread "Timer-986"                         [_thread_blocked, id=28464, stack(0x000000bf2f400000,0x000000bf2f500000) (1024K)]
  0x000001c3f415a890 JavaThread "Timer-987"                         [_thread_blocked, id=27864, stack(0x000000bf2f300000,0x000000bf2f400000) (1024K)]
  0x000001c3f415af20 JavaThread "Timer-988"                         [_thread_blocked, id=24596, stack(0x000000bf2f600000,0x000000bf2f700000) (1024K)]
  0x000001c3f4157aa0 JavaThread "Timer-989"                         [_thread_blocked, id=26804, stack(0x000000bf2f500000,0x000000bf2f600000) (1024K)]
  0x000001c3f41594e0 JavaThread "Timer-990"                         [_thread_blocked, id=27136, stack(0x000000bf2f800000,0x000000bf2f900000) (1024K)]
  0x000001c3f41587c0 JavaThread "Timer-991"                         [_thread_blocked, id=21176, stack(0x000000bf2f900000,0x000000bf2fa00000) (1024K)]
  0x000001c3f41559d0 JavaThread "Timer-992"                         [_thread_blocked, id=25312, stack(0x000000bf2fa00000,0x000000bf2fb00000) (1024K)]
  0x000001c3f415b5b0 JavaThread "Timer-993"                         [_thread_blocked, id=8748, stack(0x000000bf2fb00000,0x000000bf2fc00000) (1024K)]
  0x000001c3f415c960 JavaThread "Timer-994"                         [_thread_blocked, id=28592, stack(0x000000bf2fd00000,0x000000bf2fe00000) (1024K)]
  0x000001c3f415cff0 JavaThread "Timer-995"                         [_thread_blocked, id=27348, stack(0x000000bf2fc00000,0x000000bf2fd00000) (1024K)]
  0x000001c3f415bc40 JavaThread "Timer-996"                         [_thread_blocked, id=26448, stack(0x000000bf2ff00000,0x000000bf30000000) (1024K)]
  0x000001c3f415c2d0 JavaThread "Timer-997"                         [_thread_blocked, id=28336, stack(0x000000bf2fe00000,0x000000bf2ff00000) (1024K)]
  0x000001c3f4159b70 JavaThread "Timer-998"                         [_thread_blocked, id=5640, stack(0x000000bf30100000,0x000000bf30200000) (1024K)]
  0x000001c3f415a200 JavaThread "Timer-999"                         [_thread_blocked, id=23760, stack(0x000000bf30200000,0x000000bf30300000) (1024K)]
  0x000001c3f4158e50 JavaThread "Worker-1496: Initialize workspace"        [_thread_blocked, id=24484, stack(0x000000bf2f700000,0x000000bf2f800000) (1024K)]
  0x000001c3f4160b00 JavaThread "Timer-1000"                        [_thread_blocked, id=28256, stack(0x000000bf30300000,0x000000bf30400000) (1024K)]
  0x000001c3f415f0c0 JavaThread "Timer-1001"                        [_thread_blocked, id=20424, stack(0x000000bf30400000,0x000000bf30500000) (1024K)]
  0x000001c3f415d680 JavaThread "Timer-1002"                        [_thread_blocked, id=27304, stack(0x000000bf30600000,0x000000bf30700000) (1024K)]
  0x000001c3f415f750 JavaThread "Timer-1003"                        [_thread_blocked, id=15000, stack(0x000000bf30500000,0x000000bf30600000) (1024K)]
  0x000001c3f4161190 JavaThread "Timer-1004"                        [_thread_blocked, id=6368, stack(0x000000bf30800000,0x000000bf30900000) (1024K)]
  0x000001c3f415dd10 JavaThread "Timer-1005"                        [_thread_blocked, id=24124, stack(0x000000bf30700000,0x000000bf30800000) (1024K)]
  0x000001c3f4161820 JavaThread "Timer-1006"                        [_thread_blocked, id=26628, stack(0x000000bf30a00000,0x000000bf30b00000) (1024K)]
  0x000001c3f415fde0 JavaThread "Timer-1007"                        [_thread_blocked, id=19316, stack(0x000000bf30b00000,0x000000bf30c00000) (1024K)]
  0x000001c3f415ea30 JavaThread "Timer-1008"                        [_thread_blocked, id=27984, stack(0x000000bf30e00000,0x000000bf30f00000) (1024K)]
  0x000001c3f41659c0 JavaThread "Timer-1009"                        [_thread_blocked, id=13896, stack(0x000000bf30f00000,0x000000bf31000000) (1024K)]
  0x000001c3f4162bd0 JavaThread "Timer-1010"                        [_thread_blocked, id=27712, stack(0x000000bf31100000,0x000000bf31200000) (1024K)]
  0x000001c3f4163260 JavaThread "Timer-1011"                        [_thread_blocked, id=26368, stack(0x000000bf31000000,0x000000bf31100000) (1024K)]
  0x000001c3f4164ca0 JavaThread "Timer-1012"                        [_thread_blocked, id=13180, stack(0x000000bf31300000,0x000000bf31400000) (1024K)]
  0x000001c3f41638f0 JavaThread "Timer-1013"                        [_thread_blocked, id=4228, stack(0x000000bf31200000,0x000000bf31300000) (1024K)]
  0x000001c3f4163f80 JavaThread "Timer-1014"                        [_thread_blocked, id=16848, stack(0x000000bf31500000,0x000000bf31600000) (1024K)]
  0x000001c3f4167400 JavaThread "Timer-1015"                        [_thread_blocked, id=27572, stack(0x000000bf31600000,0x000000bf31700000) (1024K)]
  0x000001c3f4161eb0 JavaThread "Timer-1016"                        [_thread_blocked, id=26688, stack(0x000000bf31a00000,0x000000bf31b00000) (1024K)]
  0x000001c3f4162540 JavaThread "Timer-1017"                        [_thread_blocked, id=14156, stack(0x000000bf31b00000,0x000000bf31c00000) (1024K)]
  0x000001c3f41666e0 JavaThread "Timer-1018"                        [_thread_blocked, id=11576, stack(0x000000bf31c00000,0x000000bf31d00000) (1024K)]
  0x000001c3f4167a90 JavaThread "Timer-1019"                        [_thread_blocked, id=13732, stack(0x000000bf31d00000,0x000000bf31e00000) (1024K)]
  0x000001c3f4168e40 JavaThread "Timer-1020"                        [_thread_blocked, id=13336, stack(0x000000bf31e00000,0x000000bf31f00000) (1024K)]
  0x000001c3f4168120 JavaThread "Timer-1021"                        [_thread_blocked, id=1196, stack(0x000000bf31f00000,0x000000bf32000000) (1024K)]
  0x000001c3f41687b0 JavaThread "Timer-1022"                        [_thread_blocked, id=17008, stack(0x000000bf32000000,0x000000bf32100000) (1024K)]
  0x000001c3f4166050 JavaThread "Timer-1023"                        [_thread_blocked, id=11880, stack(0x000000bf32200000,0x000000bf32300000) (1024K)]
  0x000001c3f4165330 JavaThread "Worker-1551: Initialize workspace"        [_thread_blocked, id=19832, stack(0x000000bf31900000,0x000000bf31a00000) (1024K)]
  0x000001c3f416b5a0 JavaThread "Timer-1024"                        [_thread_blocked, id=10712, stack(0x000000bf32300000,0x000000bf32400000) (1024K)]
  0x000001c3f416c950 JavaThread "Timer-1025"                        [_thread_blocked, id=21120, stack(0x000000bf32400000,0x000000bf32500000) (1024K)]
  0x000001c3f41694d0 JavaThread "Timer-1026"                        [_thread_blocked, id=28128, stack(0x000000bf32600000,0x000000bf32700000) (1024K)]
  0x000001c3f416a1f0 JavaThread "Timer-1027"                        [_thread_blocked, id=26568, stack(0x000000bf32500000,0x000000bf32600000) (1024K)]
  0x000001c3f416cfe0 JavaThread "Timer-1028"                        [_thread_blocked, id=19848, stack(0x000000bf32800000,0x000000bf32900000) (1024K)]
  0x000001c3f4169b60 JavaThread "Timer-1029"                        [_thread_blocked, id=25896, stack(0x000000bf31800000,0x000000bf31900000) (1024K)]
  0x000001c3f416d670 JavaThread "Timer-1030"                        [_thread_blocked, id=3976, stack(0x000000bf32900000,0x000000bf32a00000) (1024K)]
  0x000001c3f416af10 JavaThread "Timer-1031"                        [_thread_blocked, id=15400, stack(0x000000bf32b00000,0x000000bf32c00000) (1024K)]
  0x000001c3f416dd00 JavaThread "Timer-1032"                        [_thread_blocked, id=4400, stack(0x000000bf32a00000,0x000000bf32b00000) (1024K)]
  0x000001c3f417a1e0 JavaThread "Timer-1033"                        [_thread_blocked, id=10560, stack(0x000000bf32c00000,0x000000bf32d00000) (1024K)]
  0x000001c3f418fdb0 JavaThread "Timer-1034"                        [_thread_blocked, id=26332, stack(0x000000bf32e00000,0x000000bf32f00000) (1024K)]
  0x000001c3f416a880 JavaThread "Timer-1035"                        [_thread_blocked, id=25816, stack(0x000000bf32d00000,0x000000bf32e00000) (1024K)]
  0x000001c3effeba90 JavaThread "Timer-1036"                        [_thread_blocked, id=4304, stack(0x000000bf33000000,0x000000bf33100000) (1024K)]
  0x000001c3e131c8c0 JavaThread "Timer-1037"                        [_thread_blocked, id=24664, stack(0x000000bf32f00000,0x000000bf33000000) (1024K)]
  0x000001c3f000a030 JavaThread "Timer-1038"                        [_thread_blocked, id=16572, stack(0x000000bf31700000,0x000000bf31800000) (1024K)]
  0x000001c3e0e42f40 JavaThread "Timer-1039"                        [_thread_blocked, id=2796, stack(0x000000bf33100000,0x000000bf33200000) (1024K)]
  0x000001c3e0e41b90 JavaThread "Worker-1590: Initialize workspace"        [_thread_blocked, id=13420, stack(0x000000bf32100000,0x000000bf32200000) (1024K)]
  0x000001c3e0e428b0 JavaThread "Timer-1040"                        [_thread_blocked, id=18952, stack(0x000000bf33200000,0x000000bf33300000) (1024K)]
  0x000001c3e0e41500 JavaThread "Timer-1041"                        [_thread_blocked, id=1188, stack(0x000000bf33300000,0x000000bf33400000) (1024K)]
  0x000001c3e0e43c60 JavaThread "Timer-1042"                        [_thread_blocked, id=8216, stack(0x000000bf33700000,0x000000bf33800000) (1024K)]
  0x000001c3e0e442f0 JavaThread "Timer-1043"                        [_thread_blocked, id=28208, stack(0x000000bf33600000,0x000000bf33700000) (1024K)]
  0x000001c3e0e40e70 JavaThread "Timer-1044"                        [_thread_blocked, id=17828, stack(0x000000bf33900000,0x000000bf33a00000) (1024K)]
  0x000001c3e0e470e0 JavaThread "Timer-1045"                        [_thread_blocked, id=2744, stack(0x000000bf33800000,0x000000bf33900000) (1024K)]
  0x000001c3e0e45d30 JavaThread "Timer-1046"                        [_thread_blocked, id=9272, stack(0x000000bf33b00000,0x000000bf33c00000) (1024K)]
  0x000001c3e0e47e00 JavaThread "Timer-1047"                        [_thread_blocked, id=18236, stack(0x000000bf33c00000,0x000000bf33d00000) (1024K)]
  0x000001c3e0e456a0 JavaThread "Worker-1609: Initialize workspace"        [_thread_blocked, id=27756, stack(0x000000bf32700000,0x000000bf32800000) (1024K)]
  0x000001c3e0e44980 JavaThread "Timer-1048"                        [_thread_blocked, id=27148, stack(0x000000bf33d00000,0x000000bf33e00000) (1024K)]
  0x000001c3e0e463c0 JavaThread "Timer-1049"                        [_thread_blocked, id=27452, stack(0x000000bf33e00000,0x000000bf33f00000) (1024K)]
  0x000001c3e0e46a50 JavaThread "Timer-1050"                        [_thread_blocked, id=20520, stack(0x000000bf34000000,0x000000bf34100000) (1024K)]
  0x000001c3e0e435d0 JavaThread "Timer-1051"                        [_thread_blocked, id=28596, stack(0x000000bf33f00000,0x000000bf34000000) (1024K)]
  0x000001c3e0e49840 JavaThread "Timer-1052"                        [_thread_blocked, id=23880, stack(0x000000bf34200000,0x000000bf34300000) (1024K)]
  0x000001c3e0e4a560 JavaThread "Timer-1053"                        [_thread_blocked, id=26616, stack(0x000000bf34100000,0x000000bf34200000) (1024K)]
  0x000001c3e0e48b20 JavaThread "Timer-1054"                        [_thread_blocked, id=9088, stack(0x000000bf34400000,0x000000bf34500000) (1024K)]
  0x000001c3e0e48490 JavaThread "Timer-1055"                        [_thread_blocked, id=26896, stack(0x000000bf34500000,0x000000bf34600000) (1024K)]
  0x000001c3e0e45010 JavaThread "Worker-1626: Initialize workspace"        [_thread_blocked, id=20404, stack(0x000000bf31400000,0x000000bf31500000) (1024K)]
  0x000001c3e0e4b280 JavaThread "Timer-1056"                        [_thread_blocked, id=8764, stack(0x000000bf34600000,0x000000bf34700000) (1024K)]
  0x000001c3e0e4b910 JavaThread "Timer-1057"                        [_thread_blocked, id=28384, stack(0x000000bf34700000,0x000000bf34800000) (1024K)]
  0x000001c3e0e4bfa0 JavaThread "Timer-1058"                        [_thread_blocked, id=16840, stack(0x000000bf34900000,0x000000bf34a00000) (1024K)]
  0x000001c3e0e49ed0 JavaThread "Timer-1059"                        [_thread_blocked, id=3904, stack(0x000000bf34800000,0x000000bf34900000) (1024K)]
  0x000001c3e0e4c630 JavaThread "Timer-1060"                        [_thread_blocked, id=20472, stack(0x000000bf34b00000,0x000000bf34c00000) (1024K)]
  0x000001c3e0e491b0 JavaThread "Timer-1061"                        [_thread_blocked, id=23416, stack(0x000000bf34a00000,0x000000bf34b00000) (1024K)]
  0x000001c3e0e4d9e0 JavaThread "Timer-1062"                        [_thread_blocked, id=16048, stack(0x000000bf34d00000,0x000000bf34e00000) (1024K)]
  0x000001c3e0e4f420 JavaThread "Timer-1063"                        [_thread_blocked, id=3328, stack(0x000000bf34e00000,0x000000bf34f00000) (1024K)]
  0x000001c3e0e47770 JavaThread "Worker-1644: Initialize workspace"        [_thread_blocked, id=27236, stack(0x000000bf34300000,0x000000bf34400000) (1024K)]
  0x000001c3e0e4e700 JavaThread "Timer-1064"                        [_thread_blocked, id=12048, stack(0x000000bf34f00000,0x000000bf35000000) (1024K)]
  0x000001c3e0e4ed90 JavaThread "Timer-1065"                        [_thread_blocked, id=23228, stack(0x000000bf35000000,0x000000bf35100000) (1024K)]
  0x000001c3e0e4fab0 JavaThread "Timer-1066"                        [_thread_blocked, id=9356, stack(0x000000bf35200000,0x000000bf35300000) (1024K)]
  0x000001c3e0e50140 JavaThread "Timer-1067"                        [_thread_blocked, id=22448, stack(0x000000bf35100000,0x000000bf35200000) (1024K)]
  0x000001c3e0e507d0 JavaThread "Timer-1068"                        [_thread_blocked, id=27052, stack(0x000000bf35400000,0x000000bf35500000) (1024K)]
  0x000001c3e0e4d350 JavaThread "Timer-1069"                        [_thread_blocked, id=27484, stack(0x000000bf35300000,0x000000bf35400000) (1024K)]
  0x000001c3e0e50e60 JavaThread "Timer-1070"                        [_thread_blocked, id=23960, stack(0x000000bf35600000,0x000000bf35700000) (1024K)]
  0x000001c3e0e4e070 JavaThread "Timer-1071"                        [_thread_blocked, id=28556, stack(0x000000bf35700000,0x000000bf35800000) (1024K)]
  0x000001c3e0e4ccc0 JavaThread "Worker-1661: Initialize workspace"        [_thread_blocked, id=9836, stack(0x000000bf34c00000,0x000000bf34d00000) (1024K)]
  0x000001c3e0e52210 JavaThread "Timer-1072"                        [_thread_blocked, id=9004, stack(0x000000bf35800000,0x000000bf35900000) (1024K)]
  0x000001c3e0e52f30 JavaThread "Timer-1073"                        [_thread_blocked, id=25036, stack(0x000000bf35900000,0x000000bf35a00000) (1024K)]
  0x000001c3e0e54970 JavaThread "Timer-1074"                        [_thread_blocked, id=10516, stack(0x000000bf35b00000,0x000000bf35c00000) (1024K)]
  0x000001c3e0e514f0 JavaThread "Timer-1075"                        [_thread_blocked, id=7104, stack(0x000000bf35a00000,0x000000bf35b00000) (1024K)]
  0x000001c3e0e535c0 JavaThread "Timer-1076"                        [_thread_blocked, id=28348, stack(0x000000bf35d00000,0x000000bf35e00000) (1024K)]
  0x000001c3e0e528a0 JavaThread "Timer-1077"                        [_thread_blocked, id=12784, stack(0x000000bf35c00000,0x000000bf35d00000) (1024K)]
  0x000001c3e0e542e0 JavaThread "Timer-1078"                        [_thread_blocked, id=14164, stack(0x000000bf35f00000,0x000000bf36000000) (1024K)]
  0x000001c3e0e57df0 JavaThread "Timer-1079"                        [_thread_blocked, id=23912, stack(0x000000bf36000000,0x000000bf36100000) (1024K)]
  0x000001c3e0e42220 JavaThread "Worker-1679: Initialize workspace"        [_thread_blocked, id=13864, stack(0x000000bf33a00000,0x000000bf33b00000) (1024K)]
  0x000001c3e0e55000 JavaThread "Timer-1080"                        [_thread_blocked, id=28240, stack(0x000000bf36100000,0x000000bf36200000) (1024K)]
  0x000001c3e0e570d0 JavaThread "Timer-1081"                        [_thread_blocked, id=26392, stack(0x000000bf36200000,0x000000bf36300000) (1024K)]
  0x000001c3e0e55690 JavaThread "Timer-1082"                        [_thread_blocked, id=13332, stack(0x000000bf36400000,0x000000bf36500000) (1024K)]
  0x000001c3e0e55d20 JavaThread "Timer-1083"                        [_thread_blocked, id=20508, stack(0x000000bf36300000,0x000000bf36400000) (1024K)]
  0x000001c3e0e56a40 JavaThread "Timer-1084"                        [_thread_blocked, id=26700, stack(0x000000bf36600000,0x000000bf36700000) (1024K)]
  0x000001c3e0e53c50 JavaThread "Timer-1085"                        [_thread_blocked, id=18740, stack(0x000000bf36500000,0x000000bf36600000) (1024K)]
  0x000001c3e0e591a0 JavaThread "Timer-1086"                        [_thread_blocked, id=4992, stack(0x000000bf36800000,0x000000bf36900000) (1024K)]
  0x000001c3e0e59830 JavaThread "Timer-1087"                        [_thread_blocked, id=16004, stack(0x000000bf36900000,0x000000bf36a00000) (1024K)]
  0x000001c3e0e57760 JavaThread "Worker-1698: Initialize workspace"        [_thread_blocked, id=26992, stack(0x000000bf35e00000,0x000000bf35f00000) (1024K)]
  0x000001c3e0e58480 JavaThread "Timer-1088"                        [_thread_blocked, id=19608, stack(0x000000bf36700000,0x000000bf36800000) (1024K)]
  0x000001c3e0e58b10 JavaThread "Timer-1089"                        [_thread_blocked, id=4352, stack(0x000000bf36b00000,0x000000bf36c00000) (1024K)]
  0x000001c3e0e59ec0 JavaThread "Timer-1090"                        [_thread_blocked, id=22208, stack(0x000000bf36d00000,0x000000bf36e00000) (1024K)]
  0x000001c3e0e5a550 JavaThread "Timer-1091"                        [_thread_blocked, id=4200, stack(0x000000bf36c00000,0x000000bf36d00000) (1024K)]
  0x000001c3e0e5d9d0 JavaThread "Timer-1092"                        [_thread_blocked, id=27184, stack(0x000000bf36f00000,0x000000bf37000000) (1024K)]
  0x000001c3e0e5e060 JavaThread "Timer-1093"                        [_thread_blocked, id=27384, stack(0x000000bf36e00000,0x000000bf36f00000) (1024K)]
  0x000001c3e0e5abe0 JavaThread "Timer-1094"                        [_thread_blocked, id=4884, stack(0x000000bf37100000,0x000000bf37200000) (1024K)]
  0x000001c3e0e5e6f0 JavaThread "Timer-1095"                        [_thread_blocked, id=17700, stack(0x000000bf37200000,0x000000bf37300000) (1024K)]
  0x000001c3e0e5b270 JavaThread "Worker-1717: Initialize workspace"        [_thread_blocked, id=2496, stack(0x000000bf36a00000,0x000000bf36b00000) (1024K)]
  0x000001c3e0e5ed80 JavaThread "Timer-1096"                        [_thread_blocked, id=20580, stack(0x000000bf37300000,0x000000bf37400000) (1024K)]
  0x000001c3e0e5bf90 JavaThread "Timer-1097"                        [_thread_blocked, id=26272, stack(0x000000bf37400000,0x000000bf37500000) (1024K)]
  0x000001c3e0e5b900 JavaThread "Timer-1098"                        [_thread_blocked, id=1724, stack(0x000000bf37500000,0x000000bf37600000) (1024K)]
  0x000001c3e0e5f410 JavaThread "Timer-1099"                        [_thread_blocked, id=12124, stack(0x000000bf37600000,0x000000bf37700000) (1024K)]
  0x000001c3e0e5faa0 JavaThread "Timer-1100"                        [_thread_blocked, id=16852, stack(0x000000bf37800000,0x000000bf37900000) (1024K)]
  0x000001c3e0e5ccb0 JavaThread "Timer-1101"                        [_thread_blocked, id=17160, stack(0x000000bf37700000,0x000000bf37800000) (1024K)]
  0x000001c3e0e5c620 JavaThread "Timer-1102"                        [_thread_blocked, id=18448, stack(0x000000bf37a00000,0x000000bf37b00000) (1024K)]
  0x000001c3e0e60e50 JavaThread "Timer-1103"                        [_thread_blocked, id=26976, stack(0x000000bf37b00000,0x000000bf37c00000) (1024K)]
  0x000001c3e0e607c0 JavaThread "Timer-1104"                        [_thread_blocked, id=25820, stack(0x000000bf37c00000,0x000000bf37d00000) (1024K)]
  0x000001c3e0e5d340 JavaThread "Timer-1105"                        [_thread_blocked, id=28204, stack(0x000000bf37d00000,0x000000bf37e00000) (1024K)]
  0x000001c3e0e63c40 JavaThread "Timer-1106"                        [_thread_blocked, id=9960, stack(0x000000bf37f00000,0x000000bf38000000) (1024K)]
  0x000001c3e0e614e0 JavaThread "Timer-1107"                        [_thread_blocked, id=19956, stack(0x000000bf37e00000,0x000000bf37f00000) (1024K)]
  0x000001c3e0e642d0 JavaThread "Timer-1108"                        [_thread_blocked, id=26560, stack(0x000000bf38100000,0x000000bf38200000) (1024K)]
  0x000001c3e0e64960 JavaThread "Timer-1109"                        [_thread_blocked, id=2160, stack(0x000000bf38000000,0x000000bf38100000) (1024K)]
  0x000001c3e0e64ff0 JavaThread "Timer-1110"                        [_thread_blocked, id=22372, stack(0x000000bf38300000,0x000000bf38400000) (1024K)]
  0x000001c3e0e635b0 JavaThread "Timer-1111"                        [_thread_blocked, id=21552, stack(0x000000bf38400000,0x000000bf38500000) (1024K)]
  0x000001c3e0e60130 JavaThread "Timer-1112"                        [_thread_blocked, id=7932, stack(0x000000bf38500000,0x000000bf38600000) (1024K)]
  0x000001c3e0e65680 JavaThread "Timer-1113"                        [_thread_blocked, id=24740, stack(0x000000bf38600000,0x000000bf38700000) (1024K)]
  0x000001c3e0e65d10 JavaThread "Timer-1114"                        [_thread_blocked, id=26320, stack(0x000000bf38800000,0x000000bf38900000) (1024K)]
  0x000001c3e0e62890 JavaThread "Timer-1115"                        [_thread_blocked, id=27204, stack(0x000000bf38700000,0x000000bf38800000) (1024K)]
  0x000001c3e0e663a0 JavaThread "Timer-1116"                        [_thread_blocked, id=20116, stack(0x000000bf38a00000,0x000000bf38b00000) (1024K)]
  0x000001c3e0e62f20 JavaThread "Timer-1117"                        [_thread_blocked, id=18544, stack(0x000000bf38900000,0x000000bf38a00000) (1024K)]
  0x000001c3e0e27e20 JavaThread "Timer-1118"                        [_thread_blocked, id=7584, stack(0x000000bf38c00000,0x000000bf38d00000) (1024K)]
  0x000001c3e0e284b0 JavaThread "Timer-1119"                        [_thread_blocked, id=27328, stack(0x000000bf38d00000,0x000000bf38e00000) (1024K)]
  0x000001c3e0e62200 JavaThread "Worker-1778: Initialize workspace"        [_thread_blocked, id=25860, stack(0x000000bf38200000,0x000000bf38300000) (1024K)]
  0x000001c3e0e27790 JavaThread "Timer-1120"                        [_thread_blocked, id=26312, stack(0x000000bf38b00000,0x000000bf38c00000) (1024K)]
  0x000001c3e0e291d0 JavaThread "Timer-1121"                        [_thread_blocked, id=27844, stack(0x000000bf38e00000,0x000000bf38f00000) (1024K)]
  0x000001c3e0e29860 JavaThread "Timer-1122"                        [_thread_blocked, id=27664, stack(0x000000bf39100000,0x000000bf39200000) (1024K)]
  0x000001c3e0e27100 JavaThread "Timer-1123"                        [_thread_blocked, id=13608, stack(0x000000bf39000000,0x000000bf39100000) (1024K)]
  0x000001c3e0e29ef0 JavaThread "Timer-1124"                        [_thread_blocked, id=16772, stack(0x000000bf39300000,0x000000bf39400000) (1024K)]
  0x000001c3e0e26a70 JavaThread "Timer-1125"                        [_thread_blocked, id=27308, stack(0x000000bf39200000,0x000000bf39300000) (1024K)]
  0x000001c3e0e2d370 JavaThread "Timer-1126"                        [_thread_blocked, id=6024, stack(0x000000bf39500000,0x000000bf39600000) (1024K)]
  0x000001c3e0e2da00 JavaThread "Timer-1127"                        [_thread_blocked, id=14452, stack(0x000000bf39600000,0x000000bf39700000) (1024K)]
  0x000001c3e0e2c650 JavaThread "Timer-1128"                        [_thread_blocked, id=4912, stack(0x000000bf39700000,0x000000bf39800000) (1024K)]
  0x000001c3e0e2cce0 JavaThread "Timer-1129"                        [_thread_blocked, id=17236, stack(0x000000bf39800000,0x000000bf39900000) (1024K)]
  0x000001c3e0e2b2a0 JavaThread "Timer-1130"                        [_thread_blocked, id=25656, stack(0x000000bf39a00000,0x000000bf39b00000) (1024K)]
  0x000001c3e0e2bfc0 JavaThread "Timer-1131"                        [_thread_blocked, id=6752, stack(0x000000bf39900000,0x000000bf39a00000) (1024K)]
  0x000001c3e0e2e090 JavaThread "Timer-1132"                        [_thread_blocked, id=16992, stack(0x000000bf39c00000,0x000000bf39d00000) (1024K)]
  0x000001c3e0e2ac10 JavaThread "Timer-1133"                        [_thread_blocked, id=27936, stack(0x000000bf39b00000,0x000000bf39c00000) (1024K)]
  0x000001c3e0e2e720 JavaThread "Timer-1134"                        [_thread_blocked, id=11988, stack(0x000000bf39e00000,0x000000bf39f00000) (1024K)]
  0x000001c3e0e2b930 JavaThread "Timer-1135"                        [_thread_blocked, id=25976, stack(0x000000bf39f00000,0x000000bf3a000000) (1024K)]
  0x000001c3e0e31510 JavaThread "Timer-1136"                        [_thread_blocked, id=3264, stack(0x000000bf3a000000,0x000000bf3a100000) (1024K)]
  0x000001c3e0e32230 JavaThread "Timer-1137"                        [_thread_blocked, id=26664, stack(0x000000bf3a100000,0x000000bf3a200000) (1024K)]
  0x000001c3e0e30e80 JavaThread "Timer-1138"                        [_thread_blocked, id=28116, stack(0x000000bf3a200000,0x000000bf3a300000) (1024K)]
  0x000001c3e0e31ba0 JavaThread "Timer-1139"                        [_thread_blocked, id=27740, stack(0x000000bf3a300000,0x000000bf3a400000) (1024K)]
  0x000001c3e0e2edb0 JavaThread "Timer-1140"                        [_thread_blocked, id=17312, stack(0x000000bf3a500000,0x000000bf3a600000) (1024K)]
  0x000001c3e0e30160 JavaThread "Timer-1141"                        [_thread_blocked, id=19820, stack(0x000000bf3a400000,0x000000bf3a500000) (1024K)]
  0x000001c3e0e328c0 JavaThread "Timer-1142"                        [_thread_blocked, id=25256, stack(0x000000bf3a700000,0x000000bf3a800000) (1024K)]
  0x000001c3e0e2f440 JavaThread "Timer-1143"                        [_thread_blocked, id=20620, stack(0x000000bf3a800000,0x000000bf3a900000) (1024K)]
  0x000001c3e0e32f50 JavaThread "Worker-1835: Initialize workspace"        [_thread_blocked, id=21024, stack(0x000000bf39d00000,0x000000bf39e00000) (1024K)]
  0x000001c3e0e2fad0 JavaThread "Timer-1144"                        [_thread_blocked, id=3580, stack(0x000000bf3a600000,0x000000bf3a700000) (1024K)]
  0x000001c3e0e33c70 JavaThread "Timer-1145"                        [_thread_blocked, id=18288, stack(0x000000bf3aa00000,0x000000bf3ab00000) (1024K)]
  0x000001c3e0e307f0 JavaThread "Timer-1146"                        [_thread_blocked, id=2300, stack(0x000000bf3ab00000,0x000000bf3ac00000) (1024K)]
  0x000001c3e0e356b0 JavaThread "Timer-1147"                        [_thread_blocked, id=26712, stack(0x000000bf3ac00000,0x000000bf3ad00000) (1024K)]
  0x000001c3e0e34300 JavaThread "Timer-1148"                        [_thread_blocked, id=26248, stack(0x000000bf3ae00000,0x000000bf3af00000) (1024K)]
  0x000001c3e0e35020 JavaThread "Timer-1149"                        [_thread_blocked, id=13036, stack(0x000000bf3ad00000,0x000000bf3ae00000) (1024K)]
  0x000001c3e0e37e10 JavaThread "Timer-1150"                        [_thread_blocked, id=1772, stack(0x000000bf3b000000,0x000000bf3b100000) (1024K)]
  0x000001c3e0e37780 JavaThread "Timer-1151"                        [_thread_blocked, id=12516, stack(0x000000bf3b200000,0x000000bf3b300000) (1024K)]
  0x000001c3e0e263e0 JavaThread "Worker-1860: Initialize workspace"        [_thread_blocked, id=13372, stack(0x000000bf38f00000,0x000000bf39000000) (1024K)]
  0x000001c3e0e363d0 JavaThread "Timer-1152"                        [_thread_blocked, id=25044, stack(0x000000bf3af00000,0x000000bf3b000000) (1024K)]
  0x000001c3e0e335e0 JavaThread "Timer-1153"                        [_thread_blocked, id=23504, stack(0x000000bf3b300000,0x000000bf3b400000) (1024K)]
  0x000001c3e0e34990 JavaThread "Timer-1154"                        [_thread_blocked, id=5616, stack(0x000000bf3b500000,0x000000bf3b600000) (1024K)]
  0x000001c3e0e370f0 JavaThread "Timer-1155"                        [_thread_blocked, id=17432, stack(0x000000bf3b400000,0x000000bf3b500000) (1024K)]
  0x000001c3e0e38b30 JavaThread "Timer-1156"                        [_thread_blocked, id=12896, stack(0x000000bf3b700000,0x000000bf3b800000) (1024K)]
  0x000001c3e0e39850 JavaThread "Timer-1157"                        [_thread_blocked, id=21344, stack(0x000000bf3b600000,0x000000bf3b700000) (1024K)]
  0x000001c3e0e391c0 JavaThread "Timer-1158"                        [_thread_blocked, id=26928, stack(0x000000bf3b900000,0x000000bf3ba00000) (1024K)]
  0x000001c3e0e3ac00 JavaThread "Timer-1159"                        [_thread_blocked, id=15912, stack(0x000000bf3ba00000,0x000000bf3bb00000) (1024K)]
  0x000001c3e0e36a60 JavaThread "Timer-1160"                        [_thread_blocked, id=16904, stack(0x000000bf3bb00000,0x000000bf3bc00000) (1024K)]
  0x000001c3e0e3c640 JavaThread "Timer-1161"                        [_thread_blocked, id=24488, stack(0x000000bf3bc00000,0x000000bf3bd00000) (1024K)]
  0x000001c3e0e3b920 JavaThread "Timer-1162"                        [_thread_blocked, id=25180, stack(0x000000bf3be00000,0x000000bf3bf00000) (1024K)]
  0x000001c3e0e3bfb0 JavaThread "Timer-1163"                        [_thread_blocked, id=9992, stack(0x000000bf3bd00000,0x000000bf3be00000) (1024K)]
  0x000001c3e0e3ccd0 JavaThread "Timer-1164"                        [_thread_blocked, id=21596, stack(0x000000bf3c000000,0x000000bf3c100000) (1024K)]
  0x000001c3e0e3b290 JavaThread "Timer-1165"                        [_thread_blocked, id=13696, stack(0x000000bf3bf00000,0x000000bf3c000000) (1024K)]
  0x000001c3e0e3d360 JavaThread "Timer-1166"                        [_thread_blocked, id=5292, stack(0x000000bf3c200000,0x000000bf3c300000) (1024K)]
  0x000001c3e0e3f430 JavaThread "Timer-1167"                        [_thread_blocked, id=14840, stack(0x000000bf3c400000,0x000000bf3c500000) (1024K)]
  0x000001c3e0e3a570 JavaThread "Worker-1902: Initialize workspace"        [_thread_blocked, id=8112, stack(0x000000bf3a900000,0x000000bf3aa00000) (1024K)]
  0x000001c3e0e3e710 JavaThread "Timer-1168"                        [_thread_blocked, id=24528, stack(0x000000bf3c300000,0x000000bf3c400000) (1024K)]
  0x000001c3e0e3d9f0 JavaThread "Timer-1169"                        [_thread_blocked, id=8792, stack(0x000000bf3c500000,0x000000bf3c600000) (1024K)]
  0x000001c3e0e3e080 JavaThread "Timer-1170"                        [_thread_blocked, id=28388, stack(0x000000bf3c700000,0x000000bf3c800000) (1024K)]
  0x000001c3e0e40150 JavaThread "Timer-1171"                        [_thread_blocked, id=8468, stack(0x000000bf3c600000,0x000000bf3c700000) (1024K)]
  0x000001c3e0e3fac0 JavaThread "Timer-1172"                        [_thread_blocked, id=13616, stack(0x000000bf3c900000,0x000000bf3ca00000) (1024K)]
  0x000001c3e0e3eda0 JavaThread "Timer-1173"                        [_thread_blocked, id=16536, stack(0x000000bf3c800000,0x000000bf3c900000) (1024K)]
  0x000001c3e0e51b80 JavaThread "Timer-1174"                        [_thread_blocked, id=25020, stack(0x000000bf3cb00000,0x000000bf3cc00000) (1024K)]
  0x000001c3f416c2c0 JavaThread "Timer-1175"                        [_thread_blocked, id=27856, stack(0x000000bf3cc00000,0x000000bf3cd00000) (1024K)]
  0x000001c3e0e39ee0 JavaThread "Worker-1919: Initialize workspace"        [_thread_blocked, id=25052, stack(0x000000bf3ca00000,0x000000bf3cb00000) (1024K)]
  0x000001c3f5691340 JavaThread "Timer-1176"                        [_thread_blocked, id=26048, stack(0x000000bf3cd00000,0x000000bf3ce00000) (1024K)]
  0x000001c3f6d2fca0 JavaThread "Timer-1177"                        [_thread_blocked, id=6508, stack(0x000000bf3ce00000,0x000000bf3cf00000) (1024K)]
  0x000001c3f6d316e0 JavaThread "Timer-1178"                        [_thread_blocked, id=20896, stack(0x000000bf3d000000,0x000000bf3d100000) (1024K)]
  0x000001c3f6d31d70 JavaThread "Timer-1179"                        [_thread_blocked, id=15412, stack(0x000000bf3cf00000,0x000000bf3d000000) (1024K)]
  0x000001c3f6d32a90 JavaThread "Timer-1180"                        [_thread_blocked, id=8616, stack(0x000000bf3d200000,0x000000bf3d300000) (1024K)]
  0x000001c3f6d32400 JavaThread "Timer-1181"                        [_thread_blocked, id=8352, stack(0x000000bf3d100000,0x000000bf3d200000) (1024K)]
  0x000001c3f6d33120 JavaThread "Timer-1182"                        [_thread_blocked, id=18456, stack(0x000000bf3d400000,0x000000bf3d500000) (1024K)]
  0x000001c3f6d30330 JavaThread "Timer-1183"                        [_thread_blocked, id=28260, stack(0x000000bf3d500000,0x000000bf3d600000) (1024K)]
  0x000001c3f6d337b0 JavaThread "Worker-1938: Initialize workspace"        [_thread_blocked, id=12840, stack(0x000000bf3c100000,0x000000bf3c200000) (1024K)]
  0x000001c3f6d309c0 JavaThread "Timer-1184"                        [_thread_blocked, id=24644, stack(0x000000bf3d600000,0x000000bf3d700000) (1024K)]
  0x000001c3f6d344d0 JavaThread "Timer-1185"                        [_thread_blocked, id=28280, stack(0x000000bf3d700000,0x000000bf3d800000) (1024K)]
  0x000001c3f6d37fe0 JavaThread "Timer-1186"                        [_thread_blocked, id=5912, stack(0x000000bf3d900000,0x000000bf3da00000) (1024K)]
  0x000001c3f6d351f0 JavaThread "Timer-1187"                        [_thread_blocked, id=19892, stack(0x000000bf3d800000,0x000000bf3d900000) (1024K)]
  0x000001c3f6d35f10 JavaThread "Timer-1188"                        [_thread_blocked, id=26912, stack(0x000000bf3db00000,0x000000bf3dc00000) (1024K)]
  0x000001c3f6d365a0 JavaThread "Timer-1189"                        [_thread_blocked, id=25228, stack(0x000000bf3da00000,0x000000bf3db00000) (1024K)]
  0x000001c3f6d35880 JavaThread "Timer-1190"                        [_thread_blocked, id=21928, stack(0x000000bf3dd00000,0x000000bf3de00000) (1024K)]
  0x000001c3f6d372c0 JavaThread "Timer-1191"                        [_thread_blocked, id=25824, stack(0x000000bf3de00000,0x000000bf3df00000) (1024K)]
  0x000001c3f6d31050 JavaThread "Worker-1957: Initialize workspace"        [_thread_blocked, id=12296, stack(0x000000bf3d300000,0x000000bf3d400000) (1024K)]
  0x000001c3f6d37950 JavaThread "Timer-1192"                        [_thread_blocked, id=18552, stack(0x000000bf3df00000,0x000000bf3e000000) (1024K)]
  0x000001c3f6d34b60 JavaThread "Timer-1193"                        [_thread_blocked, id=9268, stack(0x000000bf3e000000,0x000000bf3e100000) (1024K)]
  0x000001c3f6d3baf0 JavaThread "Timer-1194"                        [_thread_blocked, id=16000, stack(0x000000bf3e200000,0x000000bf3e300000) (1024K)]
  0x000001c3f6d38670 JavaThread "Timer-1195"                        [_thread_blocked, id=24812, stack(0x000000bf3e100000,0x000000bf3e200000) (1024K)]
  0x000001c3f6d3c180 JavaThread "Timer-1196"                        [_thread_blocked, id=9976, stack(0x000000bf3e400000,0x000000bf3e500000) (1024K)]
  0x000001c3f6d39390 JavaThread "Timer-1197"                        [_thread_blocked, id=20680, stack(0x000000bf3e300000,0x000000bf3e400000) (1024K)]
  0x000001c3f6d3a0b0 JavaThread "Timer-1198"                        [_thread_blocked, id=28224, stack(0x000000bf3e600000,0x000000bf3e700000) (1024K)]
  0x000001c3f6d39a20 JavaThread "Timer-1199"                        [_thread_blocked, id=25108, stack(0x000000bf3e700000,0x000000bf3e800000) (1024K)]
  0x000001c3f6d33e40 JavaThread "Worker-1976: Initialize workspace"        [_thread_blocked, id=10488, stack(0x000000bf3dc00000,0x000000bf3dd00000) (1024K)]
  0x000001c3f6d3dbc0 JavaThread "Timer-1200"                        [_thread_blocked, id=5700, stack(0x000000bf3e800000,0x000000bf3e900000) (1024K)]
  0x000001c3f6d3a740 JavaThread "Timer-1201"                        [_thread_blocked, id=20184, stack(0x000000bf3e900000,0x000000bf3ea00000) (1024K)]
  0x000001c3f6d3c810 JavaThread "Timer-1202"                        [_thread_blocked, id=3184, stack(0x000000bf3eb00000,0x000000bf3ec00000) (1024K)]
  0x000001c3f6d3b460 JavaThread "Timer-1203"                        [_thread_blocked, id=7788, stack(0x000000bf3ea00000,0x000000bf3eb00000) (1024K)]
  0x000001c3f6d3e250 JavaThread "Timer-1204"                        [_thread_blocked, id=27780, stack(0x000000bf3ed00000,0x000000bf3ee00000) (1024K)]
  0x000001c3f6d3d530 JavaThread "Timer-1205"                        [_thread_blocked, id=17764, stack(0x000000bf3ec00000,0x000000bf3ed00000) (1024K)]
  0x000001c3f6d3add0 JavaThread "Timer-1206"                        [_thread_blocked, id=13804, stack(0x000000bf3ef00000,0x000000bf3f000000) (1024K)]
  0x000001c3f6d3cea0 JavaThread "Timer-1207"                        [_thread_blocked, id=2908, stack(0x000000bf3f000000,0x000000bf3f100000) (1024K)]
  0x000001c3f6d36c30 JavaThread "Worker-1996: Initialize workspace"        [_thread_blocked, id=25588, stack(0x000000bf3e500000,0x000000bf3e600000) (1024K)]
  0x000001c3f6d416d0 JavaThread "Timer-1208"                        [_thread_blocked, id=6436, stack(0x000000bf3ee00000,0x000000bf3ef00000) (1024K)]
  0x000001c3f6d41040 JavaThread "Timer-1209"                        [_thread_blocked, id=22316, stack(0x000000bf3f100000,0x000000bf3f200000) (1024K)]
  0x000001c3f6d41d60 JavaThread "Timer-1210"                        [_thread_blocked, id=26960, stack(0x000000bf3f400000,0x000000bf3f500000) (1024K)]
  0x000001c3f6d40320 JavaThread "Timer-1211"                        [_thread_blocked, id=5624, stack(0x000000bf3f300000,0x000000bf3f400000) (1024K)]
  0x000001c3f6d3e8e0 JavaThread "Timer-1212"                        [_thread_blocked, id=12684, stack(0x000000bf3f600000,0x000000bf3f700000) (1024K)]
  0x000001c3f6d409b0 JavaThread "Timer-1213"                        [_thread_blocked, id=27376, stack(0x000000bf3f500000,0x000000bf3f600000) (1024K)]
  0x000001c3f6d423f0 JavaThread "Timer-1214"                        [_thread_blocked, id=5692, stack(0x000000bf3f800000,0x000000bf3f900000) (1024K)]
  0x000001c3f6d437a0 JavaThread "Timer-1215"                        [_thread_blocked, id=25536, stack(0x000000bf3fa00000,0x000000bf3fb00000) (1024K)]
  0x000001c3f6d3ef70 JavaThread "Worker-2019: Initialize workspace"        [_thread_blocked, id=1496, stack(0x000000bf3f200000,0x000000bf3f300000) (1024K)]
  0x000001c3f6d3f600 JavaThread "Timer-1216"                        [_thread_blocked, id=25632, stack(0x000000bf3f900000,0x000000bf3fa00000) (1024K)]
  0x000001c3f6d43110 JavaThread "Timer-1217"                        [_thread_blocked, id=21612, stack(0x000000bf3fb00000,0x000000bf3fc00000) (1024K)]
  0x000001c3f6d3fc90 JavaThread "Timer-1218"                        [_thread_blocked, id=27456, stack(0x000000bf3fd00000,0x000000bf3fe00000) (1024K)]
  0x000001c3f6d472b0 JavaThread "Timer-1219"                        [_thread_blocked, id=20672, stack(0x000000bf3fc00000,0x000000bf3fd00000) (1024K)]
  0x000001c3f6d45870 JavaThread "Timer-1220"                        [_thread_blocked, id=20864, stack(0x000000bf3ff00000,0x000000bf40000000) (1024K)]
  0x000001c3f6d46c20 JavaThread "Timer-1221"                        [_thread_blocked, id=20376, stack(0x000000bf3fe00000,0x000000bf3ff00000) (1024K)]
  0x000001c3f6d45f00 JavaThread "Timer-1222"                        [_thread_blocked, id=28232, stack(0x000000bf40100000,0x000000bf40200000) (1024K)]
  0x000001c3f6d43e30 JavaThread "Timer-1223"                        [_thread_blocked, id=22088, stack(0x000000bf40200000,0x000000bf40300000) (1024K)]
  0x000001c3f6d42a80 JavaThread "Timer-1224"                        [_thread_blocked, id=25660, stack(0x000000bf40000000,0x000000bf40100000) (1024K)]
  0x000001c3f6d44b50 JavaThread "Timer-1225"                        [_thread_blocked, id=27912, stack(0x000000bf40400000,0x000000bf40500000) (1024K)]
  0x000001c3f6d46590 JavaThread "Timer-1226"                        [_thread_blocked, id=23480, stack(0x000000bf40600000,0x000000bf40700000) (1024K)]
  0x000001c3f6d444c0 JavaThread "Timer-1227"                        [_thread_blocked, id=9964, stack(0x000000bf40500000,0x000000bf40600000) (1024K)]
  0x000001c3f6d49a10 JavaThread "Timer-1228"                        [_thread_blocked, id=19164, stack(0x000000bf40800000,0x000000bf40900000) (1024K)]
  0x000001c3f6d47fd0 JavaThread "Timer-1229"                        [_thread_blocked, id=18976, stack(0x000000bf40700000,0x000000bf40800000) (1024K)]
  0x000001c3f6d48660 JavaThread "Timer-1230"                        [_thread_blocked, id=27532, stack(0x000000bf40a00000,0x000000bf40b00000) (1024K)]
  0x000001c3f6d49380 JavaThread "Timer-1231"                        [_thread_blocked, id=7096, stack(0x000000bf40b00000,0x000000bf40c00000) (1024K)]
  0x000001c3f6d4c170 JavaThread "Worker-2057: Initialize workspace"        [_thread_blocked, id=24308, stack(0x000000bf3b800000,0x000000bf3b900000) (1024K)]
  0x000001c3f6d4adc0 JavaThread "Timer-1232"                        [_thread_blocked, id=4272, stack(0x000000bf40c00000,0x000000bf40d00000) (1024K)]
  0x000001c3f6d4b450 JavaThread "Timer-1233"                        [_thread_blocked, id=24656, stack(0x000000bf40d00000,0x000000bf40e00000) (1024K)]
  0x000001c3f6d4c800 JavaThread "Timer-1234"                        [_thread_blocked, id=13492, stack(0x000000bf40f00000,0x000000bf41000000) (1024K)]
  0x000001c3f6d4a730 JavaThread "Timer-1235"                        [_thread_blocked, id=18788, stack(0x000000bf40e00000,0x000000bf40f00000) (1024K)]
  0x000001c3f6d4ce90 JavaThread "Timer-1236"                        [_thread_blocked, id=2740, stack(0x000000bf41100000,0x000000bf41200000) (1024K)]
  0x000001c3f6d4d520 JavaThread "Timer-1237"                        [_thread_blocked, id=8248, stack(0x000000bf41000000,0x000000bf41100000) (1024K)]
  0x000001c3f6d51030 JavaThread "Timer-1238"                        [_thread_blocked, id=8776, stack(0x000000bf41300000,0x000000bf41400000) (1024K)]
  0x000001c3f6d4fc80 JavaThread "Timer-1239"                        [_thread_blocked, id=21816, stack(0x000000bf41400000,0x000000bf41500000) (1024K)]
  0x000001c3f6d4ef60 JavaThread "Worker-2076: Initialize workspace"        [_thread_blocked, id=13560, stack(0x000000bf40900000,0x000000bf40a00000) (1024K)]
  0x000001c3f6d4f5f0 JavaThread "Timer-1240"                        [_thread_blocked, id=25964, stack(0x000000bf41500000,0x000000bf41600000) (1024K)]
  0x000001c3f6d50310 JavaThread "Timer-1241"                        [_thread_blocked, id=12488, stack(0x000000bf41600000,0x000000bf41700000) (1024K)]
  0x000001c3f6d509a0 JavaThread "Timer-1242"                        [_thread_blocked, id=26440, stack(0x000000bf41800000,0x000000bf41900000) (1024K)]
  0x000001c3f6d4dbb0 JavaThread "Timer-1243"                        [_thread_blocked, id=3708, stack(0x000000bf41700000,0x000000bf41800000) (1024K)]
  0x000001c3f6d516c0 JavaThread "Timer-1244"                        [_thread_blocked, id=26124, stack(0x000000bf41a00000,0x000000bf41b00000) (1024K)]
  0x000001c3f6d4e8d0 JavaThread "Timer-1245"                        [_thread_blocked, id=28716, stack(0x000000bf41900000,0x000000bf41a00000) (1024K)]
  0x000001c3f6d4e240 JavaThread "Timer-1246"                        [_thread_blocked, id=28724, stack(0x000000bf41c00000,0x000000bf41d00000) (1024K)]
  0x000001c3f6d53100 JavaThread "Timer-1247"                        [_thread_blocked, id=28744, stack(0x000000bf41d00000,0x000000bf41e00000) (1024K)]
  0x000001c3f6d4bae0 JavaThread "Worker-2094: Initialize workspace"        [_thread_blocked, id=28940, stack(0x000000bf41200000,0x000000bf41300000) (1024K)]
  0x000001c3f6d53790 JavaThread "Timer-1248"                        [_thread_blocked, id=28976, stack(0x000000bf41e00000,0x000000bf41f00000) (1024K)]
  0x000001c3f6d523e0 JavaThread "Timer-1249"                        [_thread_blocked, id=28988, stack(0x000000bf41f00000,0x000000bf42000000) (1024K)]
  0x000001c3f6d544b0 JavaThread "Timer-1250"                        [_thread_blocked, id=28996, stack(0x000000bf42000000,0x000000bf42100000) (1024K)]
  0x000001c3f6d51d50 JavaThread "Timer-1251"                        [_thread_blocked, id=29000, stack(0x000000bf42100000,0x000000bf42200000) (1024K)]
  0x000001c3f6d53e20 JavaThread "Timer-1252"                        [_thread_blocked, id=29008, stack(0x000000bf42300000,0x000000bf42400000) (1024K)]
  0x000001c3f6d54b40 JavaThread "Timer-1253"                        [_thread_blocked, id=29280, stack(0x000000bf42200000,0x000000bf42300000) (1024K)]
  0x000001c3f6d52a70 JavaThread "Timer-1254"                        [_thread_blocked, id=29288, stack(0x000000bf42400000,0x000000bf42500000) (1024K)]
  0x000001c3f6d172e0 JavaThread "Timer-1255"                        [_thread_blocked, id=29304, stack(0x000000bf42600000,0x000000bf42700000) (1024K)]
  0x000001c3f6d4a0a0 JavaThread "Worker-2111: Initialize workspace"        [_thread_blocked, id=29452, stack(0x000000bf3f700000,0x000000bf3f800000) (1024K)]
  0x000001c3f6d55860 JavaThread "Worker-2112: Initialize workspace"        [_thread_blocked, id=29456, stack(0x000000bf41b00000,0x000000bf41c00000) (1024K)]
  0x000001c3f6d18690 JavaThread "Timer-1256"                        [_thread_blocked, id=29488, stack(0x000000bf42700000,0x000000bf42800000) (1024K)]
  0x000001c3f6d18000 JavaThread "Timer-1257"                        [_thread_blocked, id=29500, stack(0x000000bf42800000,0x000000bf42900000) (1024K)]
  0x000001c3f6d16c50 JavaThread "Timer-1258"                        [_thread_blocked, id=29508, stack(0x000000bf42a00000,0x000000bf42b00000) (1024K)]
  0x000001c3f6d158a0 JavaThread "Timer-1259"                        [_thread_blocked, id=29512, stack(0x000000bf42900000,0x000000bf42a00000) (1024K)]
  0x000001c3f6d18d20 JavaThread "Timer-1260"                        [_thread_blocked, id=29520, stack(0x000000bf42c00000,0x000000bf42d00000) (1024K)]
  0x000001c3f6d193b0 JavaThread "Timer-1261"                        [_thread_blocked, id=26816, stack(0x000000bf42b00000,0x000000bf42c00000) (1024K)]
  0x000001c3f6d15f30 JavaThread "Timer-1262"                        [_thread_blocked, id=28688, stack(0x000000bf42e00000,0x000000bf42f00000) (1024K)]
  0x000001c3f6d165c0 JavaThread "Timer-1263"                        [_thread_blocked, id=27972, stack(0x000000bf42f00000,0x000000bf43000000) (1024K)]
  0x000001c3f6d1a760 JavaThread "Timer-1264"                        [_thread_blocked, id=28820, stack(0x000000bf43000000,0x000000bf43100000) (1024K)]
  0x000001c3f6d17970 JavaThread "Timer-1265"                        [_thread_blocked, id=28836, stack(0x000000bf43100000,0x000000bf43200000) (1024K)]
  0x000001c3f6d1b480 JavaThread "Timer-1266"                        [_thread_blocked, id=28860, stack(0x000000bf43300000,0x000000bf43400000) (1024K)]
  0x000001c3f6d1dbe0 JavaThread "Timer-1267"                        [_thread_blocked, id=28856, stack(0x000000bf43200000,0x000000bf43300000) (1024K)]
  0x000001c3f6d1adf0 JavaThread "Timer-1268"                        [_thread_blocked, id=28840, stack(0x000000bf43500000,0x000000bf43600000) (1024K)]
  0x000001c3f6d1c1a0 JavaThread "Timer-1269"                        [_thread_blocked, id=29108, stack(0x000000bf43400000,0x000000bf43500000) (1024K)]
  0x000001c3f6d1c830 JavaThread "Timer-1270"                        [_thread_blocked, id=29036, stack(0x000000bf43900000,0x000000bf43a00000) (1024K)]
  0x000001c3f6d1d550 JavaThread "Timer-1271"                        [_thread_blocked, id=29012, stack(0x000000bf43a00000,0x000000bf43b00000) (1024K)]
  0x000001c3f6d1a0d0 JavaThread "Timer-1272"                        [_thread_blocked, id=29660, stack(0x000000bf43b00000,0x000000bf43c00000) (1024K)]
  0x000001c3f6d1e270 JavaThread "Timer-1273"                        [_thread_blocked, id=28632, stack(0x000000bf43c00000,0x000000bf43d00000) (1024K)]
  0x000001c3f6d1f620 JavaThread "Timer-1274"                        [_thread_blocked, id=29536, stack(0x000000bf43e00000,0x000000bf43f00000) (1024K)]
  0x000001c3f6d1ef90 JavaThread "Timer-1275"                        [_thread_blocked, id=29540, stack(0x000000bf43d00000,0x000000bf43e00000) (1024K)]
  0x000001c3f6d20340 JavaThread "Timer-1276"                        [_thread_blocked, id=29676, stack(0x000000bf44000000,0x000000bf44100000) (1024K)]
  0x000001c3f6d1fcb0 JavaThread "Timer-1277"                        [_thread_blocked, id=28912, stack(0x000000bf43f00000,0x000000bf44000000) (1024K)]
  0x000001c3f6d209d0 JavaThread "Timer-1278"                        [_thread_blocked, id=28828, stack(0x000000bf44200000,0x000000bf44300000) (1024K)]
  0x000001c3f6d21060 JavaThread "Timer-1279"                        [_thread_blocked, id=28772, stack(0x000000bf44300000,0x000000bf44400000) (1024K)]
  0x000001c3f6d1bb10 JavaThread "Worker-2168: Initialize workspace"        [_thread_blocked, id=29076, stack(0x000000bf43800000,0x000000bf43900000) (1024K)]
  0x000001c3f6d23e50 JavaThread "Timer-1280"                        [_thread_blocked, id=28956, stack(0x000000bf44400000,0x000000bf44500000) (1024K)]
  0x000001c3f6d237c0 JavaThread "Timer-1281"                        [_thread_blocked, id=28952, stack(0x000000bf44500000,0x000000bf44600000) (1024K)]
  0x000001c3f6d22aa0 JavaThread "Timer-1282"                        [_thread_blocked, id=23992, stack(0x000000bf44700000,0x000000bf44800000) (1024K)]
  0x000001c3f6d22410 JavaThread "Timer-1283"                        [_thread_blocked, id=28748, stack(0x000000bf44600000,0x000000bf44700000) (1024K)]
  0x000001c3f6d21d80 JavaThread "Timer-1284"                        [_thread_blocked, id=28736, stack(0x000000bf44900000,0x000000bf44a00000) (1024K)]
  0x000001c3f6d244e0 JavaThread "Timer-1285"                        [_thread_blocked, id=29496, stack(0x000000bf44800000,0x000000bf44900000) (1024K)]
  0x000001c3f6d24b70 JavaThread "Timer-1286"                        [_thread_blocked, id=29504, stack(0x000000bf44b00000,0x000000bf44c00000) (1024K)]
  0x000001c3f6d216f0 JavaThread "Timer-1287"                        [_thread_blocked, id=29564, stack(0x000000bf44c00000,0x000000bf44d00000) (1024K)]
  0x000001c3f6d1e900 JavaThread "Worker-2187: Initialize workspace"        [_thread_blocked, id=20356, stack(0x000000bf44100000,0x000000bf44200000) (1024K)]
  0x000001c3f6d26c40 JavaThread "Timer-1288"                        [_thread_blocked, id=26216, stack(0x000000bf44d00000,0x000000bf44e00000) (1024K)]
  0x000001c3f6d28680 JavaThread "Timer-1289"                        [_thread_blocked, id=8436, stack(0x000000bf44e00000,0x000000bf44f00000) (1024K)]
  0x000001c3f6d25200 JavaThread "Timer-1290"                        [_thread_blocked, id=14812, stack(0x000000bf45000000,0x000000bf45100000) (1024K)]
  0x000001c3f6d25890 JavaThread "Timer-1291"                        [_thread_blocked, id=24752, stack(0x000000bf44f00000,0x000000bf45000000) (1024K)]
  0x000001c3f6d25f20 JavaThread "Timer-1292"                        [_thread_blocked, id=29044, stack(0x000000bf45200000,0x000000bf45300000) (1024K)]
  0x000001c3f6d29a30 JavaThread "Timer-1293"                        [_thread_blocked, id=3180, stack(0x000000bf45100000,0x000000bf45200000) (1024K)]
  0x000001c3f6d272d0 JavaThread "Timer-1294"                        [_thread_blocked, id=8484, stack(0x000000bf45400000,0x000000bf45500000) (1024K)]
  0x000001c3f6d293a0 JavaThread "Timer-1295"                        [_thread_blocked, id=22580, stack(0x000000bf45500000,0x000000bf45600000) (1024K)]
  0x000001c3f6d265b0 JavaThread "Worker-2205: Initialize workspace"        [_thread_blocked, id=22056, stack(0x000000bf44a00000,0x000000bf44b00000) (1024K)]
  0x000001c3f6d28d10 JavaThread "Timer-1296"                        [_thread_blocked, id=27008, stack(0x000000bf45600000,0x000000bf45700000) (1024K)]
  0x000001c3f6d2a0c0 JavaThread "Timer-1297"                        [_thread_blocked, id=29040, stack(0x000000bf45700000,0x000000bf45800000) (1024K)]
  0x000001c3f6d27960 JavaThread "Timer-1298"                        [_thread_blocked, id=28768, stack(0x000000bf45900000,0x000000bf45a00000) (1024K)]
  0x000001c3f6d2a750 JavaThread "Timer-1299"                        [_thread_blocked, id=19148, stack(0x000000bf45800000,0x000000bf45900000) (1024K)]
  0x000001c3f6d2ade0 JavaThread "Timer-1300"                        [_thread_blocked, id=8124, stack(0x000000bf45b00000,0x000000bf45c00000) (1024K)]
  0x000001c3f6d2b470 JavaThread "Timer-1301"                        [_thread_blocked, id=15264, stack(0x000000bf45a00000,0x000000bf45b00000) (1024K)]
  0x000001c3f6d27ff0 JavaThread "Timer-1302"                        [_thread_blocked, id=17296, stack(0x000000bf45d00000,0x000000bf45e00000) (1024K)]
  0x000001c3f6d2ceb0 JavaThread "Timer-1303"                        [_thread_blocked, id=29464, stack(0x000000bf45e00000,0x000000bf45f00000) (1024K)]
  0x000001c3f6d23130 JavaThread "Worker-2227: Initialize workspace"        [_thread_blocked, id=28780, stack(0x000000bf45300000,0x000000bf45400000) (1024K)]
  0x000001c3f6d2e8f0 JavaThread "Timer-1304"                        [_thread_blocked, id=28196, stack(0x000000bf45f00000,0x000000bf46000000) (1024K)]
  0x000001c3f6d2ef80 JavaThread "Timer-1305"                        [_thread_blocked, id=29368, stack(0x000000bf46000000,0x000000bf46100000) (1024K)]
  0x000001c3f6d2d540 JavaThread "Timer-1306"                        [_thread_blocked, id=28312, stack(0x000000bf46200000,0x000000bf46300000) (1024K)]
  0x000001c3f6d2e260 JavaThread "Timer-1307"                        [_thread_blocked, id=29360, stack(0x000000bf46100000,0x000000bf46200000) (1024K)]
  0x000001c3f6d2bb00 JavaThread "Timer-1308"                        [_thread_blocked, id=28692, stack(0x000000bf46400000,0x000000bf46500000) (1024K)]
  0x000001c3f6d2c820 JavaThread "Timer-1309"                        [_thread_blocked, id=3736, stack(0x000000bf46300000,0x000000bf46400000) (1024K)]
  0x000001c3f6d2c190 JavaThread "Timer-1310"                        [_thread_blocked, id=29604, stack(0x000000bf46600000,0x000000bf46700000) (1024K)]
  0x000001c3f6d38d00 JavaThread "Timer-1311"                        [_thread_blocked, id=25524, stack(0x000000bf46700000,0x000000bf46800000) (1024K)]
  0x000001c3f6d48cf0 JavaThread "Timer-1312"                        [_thread_blocked, id=29552, stack(0x000000bf46900000,0x000000bf46a00000) (1024K)]
  0x000001c3f6d551d0 JavaThread "Timer-1313"                        [_thread_blocked, id=19540, stack(0x000000bf46800000,0x000000bf46900000) (1024K)]
  0x000001c3f6d451e0 JavaThread "Timer-1314"                        [_thread_blocked, id=29336, stack(0x000000bf46b00000,0x000000bf46c00000) (1024K)]
  0x000001c3df1b8df0 JavaThread "Timer-1315"                        [_thread_blocked, id=29344, stack(0x000000bf46a00000,0x000000bf46b00000) (1024K)]
  0x000001c3df1ba1a0 JavaThread "Timer-1316"                        [_thread_blocked, id=29020, stack(0x000000bf46d00000,0x000000bf46e00000) (1024K)]
  0x000001c3df1ba830 JavaThread "Timer-1317"                        [_thread_blocked, id=18172, stack(0x000000bf46c00000,0x000000bf46d00000) (1024K)]
  0x000001c3df1bb550 JavaThread "Timer-1318"                        [_thread_blocked, id=25380, stack(0x000000bf46e00000,0x000000bf46f00000) (1024K)]
  0x000001c3df1b9480 JavaThread "Timer-1319"                        [_thread_blocked, id=20752, stack(0x000000bf47100000,0x000000bf47200000) (1024K)]
  0x000001c3df1b80d0 JavaThread "Worker-2270: Initialize workspace"        [_thread_blocked, id=29160, stack(0x000000bf42500000,0x000000bf42600000) (1024K)]
  0x000001c3df1bcf90 JavaThread "Timer-1320"                        [_thread_blocked, id=29296, stack(0x000000bf47000000,0x000000bf47100000) (1024K)]
  0x000001c3df1b9b10 JavaThread "Timer-1321"                        [_thread_blocked, id=15488, stack(0x000000bf47200000,0x000000bf47300000) (1024K)]
  0x000001c3df1bf6f0 JavaThread "Timer-1322"                        [_thread_blocked, id=26844, stack(0x000000bf47400000,0x000000bf47500000) (1024K)]
  0x000001c3df1bd620 JavaThread "Timer-1323"                        [_thread_blocked, id=18844, stack(0x000000bf47300000,0x000000bf47400000) (1024K)]
  0x000001c3df1be340 JavaThread "Timer-1324"                        [_thread_blocked, id=22204, stack(0x000000bf47600000,0x000000bf47700000) (1024K)]
  0x000001c3e1318090 JavaThread "Timer-1325"                        [_thread_blocked, id=29448, stack(0x000000bf47500000,0x000000bf47600000) (1024K)]
  0x000001c3e131d5e0 JavaThread "Timer-1326"                        [_thread_blocked, id=29352, stack(0x000000bf47800000,0x000000bf47900000) (1024K)]
  0x000001c3e131f020 JavaThread "Timer-1327"                        [_thread_blocked, id=29492, stack(0x000000bf47900000,0x000000bf47a00000) (1024K)]
  0x000001c3e131e300 JavaThread "Worker-2290: Initialize workspace"        [_thread_blocked, id=29444, stack(0x000000bf46f00000,0x000000bf47000000) (1024K)]
  0x000001c3e131f6b0 JavaThread "Timer-1328"                        [_thread_blocked, id=6080, stack(0x000000bf47a00000,0x000000bf47b00000) (1024K)]
  0x000001c3df1baec0 JavaThread "Timer-1329"                        [_thread_blocked, id=4836, stack(0x000000bf47b00000,0x000000bf47c00000) (1024K)]
  0x000001c3df1b8760 JavaThread "Timer-1330"                        [_thread_blocked, id=29620, stack(0x000000bf47d00000,0x000000bf47e00000) (1024K)]
  0x000001c3df1be9d0 JavaThread "Timer-1331"                        [_thread_blocked, id=14260, stack(0x000000bf47c00000,0x000000bf47d00000) (1024K)]
  0x000001c3f5690cb0 JavaThread "Timer-1332"                        [_thread_blocked, id=22008, stack(0x000000bf47f00000,0x000000bf48000000) (1024K)]
  0x000001c3e2841d20 JavaThread "Timer-1333"                        [_thread_blocked, id=996, stack(0x000000bf47e00000,0x000000bf47f00000) (1024K)]
  0x000001c3e283e8a0 JavaThread "Timer-1334"                        [_thread_blocked, id=29460, stack(0x000000bf48100000,0x000000bf48200000) (1024K)]
  0x000001c3f6d1cec0 JavaThread "Timer-1335"                        [_thread_blocked, id=29556, stack(0x000000bf48200000,0x000000bf48300000) (1024K)]
  0x000001c3e131e990 JavaThread "Timer-1336"                        [_thread_blocked, id=3552, stack(0x000000bf48300000,0x000000bf48400000) (1024K)]
  0x000001c3efc622e0 JavaThread "Timer-1337"                        [_thread_blocked, id=1204, stack(0x000000bf48400000,0x000000bf48500000) (1024K)]
  0x000001c3efc5ee60 JavaThread "Timer-1338"                        [_thread_blocked, id=25848, stack(0x000000bf48500000,0x000000bf48600000) (1024K)]
  0x000001c3e0e384a0 JavaThread "Timer-1339"                        [_thread_blocked, id=20804, stack(0x000000bf48600000,0x000000bf48700000) (1024K)]
  0x000001c3e2840970 JavaThread "Timer-1340"                        [_thread_blocked, id=29080, stack(0x000000bf48800000,0x000000bf48900000) (1024K)]
  0x000001c3f6d2dbd0 JavaThread "Timer-1341"                        [_thread_blocked, id=29032, stack(0x000000bf48700000,0x000000bf48800000) (1024K)]
  0x000001c3f416bc30 JavaThread "Timer-1342"                        [_thread_blocked, id=26600, stack(0x000000bf48900000,0x000000bf48a00000) (1024K)]
  0x000001c3e05c7e80 JavaThread "Timer-1343"                        [_thread_blocked, id=20156, stack(0x000000bf48c00000,0x000000bf48d00000) (1024K)]
  0x000001c3e05c77f0 JavaThread "Worker-2333: Initialize workspace"        [_thread_blocked, id=29692, stack(0x000000bf48a00000,0x000000bf48b00000) (1024K)]
  0x000001c3e05c5090 JavaThread "Timer-1344"                        [_thread_blocked, id=24524, stack(0x000000bf48b00000,0x000000bf48c00000) (1024K)]
  0x000001c3e05c5720 JavaThread "Timer-1345"                        [_thread_blocked, id=28708, stack(0x000000bf48d00000,0x000000bf48e00000) (1024K)]
  0x000001c3e05c7160 JavaThread "Timer-1346"                        [_thread_blocked, id=29664, stack(0x000000bf48f00000,0x000000bf49000000) (1024K)]
  0x000001c3e05c8510 JavaThread "Timer-1347"                        [_thread_blocked, id=28852, stack(0x000000bf48e00000,0x000000bf48f00000) (1024K)]
  0x000001c3e05c8ba0 JavaThread "Timer-1348"                        [_thread_blocked, id=28796, stack(0x000000bf49100000,0x000000bf49200000) (1024K)]
  0x000001c3e05c9230 JavaThread "Timer-1349"                        [_thread_blocked, id=29872, stack(0x000000bf49000000,0x000000bf49100000) (1024K)]
  0x000001c3e05c5db0 JavaThread "Timer-1350"                        [_thread_blocked, id=29880, stack(0x000000bf49300000,0x000000bf49400000) (1024K)]
  0x000001c3e05cac70 JavaThread "Timer-1351"                        [_thread_blocked, id=29904, stack(0x000000bf49500000,0x000000bf49600000) (1024K)]
  0x000001c3e05c4a00 JavaThread "Worker-2357: Initialize workspace"        [_thread_blocked, id=30072, stack(0x000000bf48000000,0x000000bf48100000) (1024K)]
  0x000001c3e05c6440 JavaThread "Timer-1352"                        [_thread_blocked, id=30116, stack(0x000000bf49400000,0x000000bf49500000) (1024K)]
  0x000001c3e05cd3d0 JavaThread "Timer-1353"                        [_thread_blocked, id=30128, stack(0x000000bf49600000,0x000000bf49700000) (1024K)]
  0x000001c3e05cc020 JavaThread "Timer-1354"                        [_thread_blocked, id=30136, stack(0x000000bf49800000,0x000000bf49900000) (1024K)]
  0x000001c3e05cb300 JavaThread "Timer-1355"                        [_thread_blocked, id=30140, stack(0x000000bf49700000,0x000000bf49800000) (1024K)]
  0x000001c3e05ca5e0 JavaThread "Timer-1356"                        [_thread_blocked, id=30148, stack(0x000000bf49a00000,0x000000bf49b00000) (1024K)]
  0x000001c3e05c9f50 JavaThread "Timer-1357"                        [_thread_blocked, id=30356, stack(0x000000bf49900000,0x000000bf49a00000) (1024K)]
  0x000001c3e05cb990 JavaThread "Timer-1358"                        [_thread_blocked, id=30364, stack(0x000000bf49c00000,0x000000bf49d00000) (1024K)]
  0x000001c3e05cda60 JavaThread "Timer-1359"                        [_thread_blocked, id=30380, stack(0x000000bf49d00000,0x000000bf49e00000) (1024K)]
  0x000001c3e05ccd40 JavaThread "Timer-1360"                        [_thread_blocked, id=30580, stack(0x000000bf49e00000,0x000000bf49f00000) (1024K)]
  0x000001c3e05ce780 JavaThread "Timer-1361"                        [_thread_blocked, id=30592, stack(0x000000bf49f00000,0x000000bf4a000000) (1024K)]
  0x000001c3e05cee10 JavaThread "Timer-1362"                        [_thread_blocked, id=30600, stack(0x000000bf4a100000,0x000000bf4a200000) (1024K)]
  0x000001c3e05cf4a0 JavaThread "Timer-1363"                        [_thread_blocked, id=30604, stack(0x000000bf4a000000,0x000000bf4a100000) (1024K)]
  0x000001c3e05cfb30 JavaThread "Timer-1364"                        [_thread_blocked, id=30612, stack(0x000000bf4a300000,0x000000bf4a400000) (1024K)]
  0x000001c3e05cc6b0 JavaThread "Timer-1365"                        [_thread_blocked, id=30196, stack(0x000000bf4a200000,0x000000bf4a300000) (1024K)]
  0x000001c3e05d01c0 JavaThread "Timer-1366"                        [_thread_blocked, id=30292, stack(0x000000bf4a500000,0x000000bf4a600000) (1024K)]
  0x000001c3e0592ff0 JavaThread "Timer-1367"                        [_thread_blocked, id=30308, stack(0x000000bf4a600000,0x000000bf4a700000) (1024K)]
  0x000001c3e05d0850 JavaThread "Worker-2396: Initialize workspace"        [_thread_blocked, id=30424, stack(0x000000bf49200000,0x000000bf49300000) (1024K)]
  0x000001c3e0590f20 JavaThread "Timer-1368"                        [_thread_blocked, id=30488, stack(0x000000bf4a400000,0x000000bf4a500000) (1024K)]
  0x000001c3e0593680 JavaThread "Timer-1369"                        [_thread_blocked, id=30480, stack(0x000000bf4a700000,0x000000bf4a800000) (1024K)]
  0x000001c3e0592960 JavaThread "Timer-1370"                        [_thread_blocked, id=30476, stack(0x000000bf4aa00000,0x000000bf4ab00000) (1024K)]
  0x000001c3e0590200 JavaThread "Timer-1371"                        [_thread_blocked, id=30444, stack(0x000000bf4a800000,0x000000bf4a900000) (1024K)]
  0x000001c3e0590890 JavaThread "Timer-1372"                        [_thread_blocked, id=30440, stack(0x000000bf4ac00000,0x000000bf4ad00000) (1024K)]
  0x000001c3e0593d10 JavaThread "Timer-1373"                        [_thread_blocked, id=17824, stack(0x000000bf4ab00000,0x000000bf4ac00000) (1024K)]
  0x000001c3e05943a0 JavaThread "Timer-1374"                        [_thread_blocked, id=3408, stack(0x000000bf4ae00000,0x000000bf4af00000) (1024K)]
  0x000001c3e0591c40 JavaThread "Timer-1375"                        [_thread_blocked, id=29796, stack(0x000000bf4af00000,0x000000bf4b000000) (1024K)]
  0x000001c3e05ce0f0 JavaThread "Worker-2415: Initialize workspace"        [_thread_blocked, id=29980, stack(0x000000bf4a900000,0x000000bf4aa00000) (1024K)]
  0x000001c3e05922d0 JavaThread "Timer-1376"                        [_thread_blocked, id=27980, stack(0x000000bf4b000000,0x000000bf4b100000) (1024K)]
  0x000001c3e05915b0 JavaThread "Timer-1377"                        [_thread_blocked, id=29876, stack(0x000000bf4b100000,0x000000bf4b200000) (1024K)]
  0x000001c3e0595750 JavaThread "Timer-1378"                        [_thread_blocked, id=13048, stack(0x000000bf4b300000,0x000000bf4b400000) (1024K)]
  0x000001c3e0597190 JavaThread "Timer-1379"                        [_thread_blocked, id=29332, stack(0x000000bf4b200000,0x000000bf4b300000) (1024K)]
  0x000001c3e0597820 JavaThread "Timer-1380"                        [_thread_blocked, id=30024, stack(0x000000bf4b500000,0x000000bf4b600000) (1024K)]
  0x000001c3e0596b00 JavaThread "Timer-1381"                        [_thread_blocked, id=30672, stack(0x000000bf4b400000,0x000000bf4b500000) (1024K)]
  0x000001c3e0595de0 JavaThread "Timer-1382"                        [_thread_blocked, id=29712, stack(0x000000bf4b600000,0x000000bf4b700000) (1024K)]
  0x000001c3e05950c0 JavaThread "Timer-1383"                        [_thread_blocked, id=30640, stack(0x000000bf4b900000,0x000000bf4ba00000) (1024K)]
  0x000001c3e0598bd0 JavaThread "Timer-1384"                        [_thread_blocked, id=29912, stack(0x000000bf4b800000,0x000000bf4b900000) (1024K)]
  0x000001c3e0599260 JavaThread "Timer-1385"                        [_thread_blocked, id=21584, stack(0x000000bf4ba00000,0x000000bf4bb00000) (1024K)]
  0x000001c3e05998f0 JavaThread "Timer-1386"                        [_thread_blocked, id=26972, stack(0x000000bf4bb00000,0x000000bf4bc00000) (1024K)]
  0x000001c3e0596470 JavaThread "Timer-1387"                        [_thread_blocked, id=30392, stack(0x000000bf4bc00000,0x000000bf4bd00000) (1024K)]
  0x000001c3e059b9c0 JavaThread "Timer-1388"                        [_thread_blocked, id=16748, stack(0x000000bf4be00000,0x000000bf4bf00000) (1024K)]
  0x000001c3e059b330 JavaThread "Timer-1389"                        [_thread_blocked, id=29976, stack(0x000000bf4bd00000,0x000000bf4be00000) (1024K)]
  0x000001c3e059c6e0 JavaThread "Timer-1390"                        [_thread_blocked, id=16908, stack(0x000000bf4c000000,0x000000bf4c100000) (1024K)]
  0x000001c3e0599f80 JavaThread "Timer-1391"                        [_thread_blocked, id=30712, stack(0x000000bf4c100000,0x000000bf4c200000) (1024K)]
  0x000001c3e0598540 JavaThread "Timer-1392"                        [_thread_blocked, id=30376, stack(0x000000bf4b700000,0x000000bf4b800000) (1024K)]
  0x000001c3e059cd70 JavaThread "Timer-1393"                        [_thread_blocked, id=30572, stack(0x000000bf4c300000,0x000000bf4c400000) (1024K)]
  0x000001c3e059d400 JavaThread "Timer-1394"                        [_thread_blocked, id=30568, stack(0x000000bf4c400000,0x000000bf4c500000) (1024K)]
  0x000001c3e059a610 JavaThread "Timer-1395"                        [_thread_blocked, id=30544, stack(0x000000bf4c500000,0x000000bf4c600000) (1024K)]
  0x000001c3e05a01f0 JavaThread "Timer-1396"                        [_thread_blocked, id=30548, stack(0x000000bf4c700000,0x000000bf4c800000) (1024K)]
  0x000001c3e059e120 JavaThread "Timer-1397"                        [_thread_blocked, id=29804, stack(0x000000bf4c600000,0x000000bf4c700000) (1024K)]
  0x000001c3e05a0f10 JavaThread "Timer-1398"                        [_thread_blocked, id=22572, stack(0x000000bf4c900000,0x000000bf4ca00000) (1024K)]
  0x000001c3e059e7b0 JavaThread "Timer-1399"                        [_thread_blocked, id=30220, stack(0x000000bf4ca00000,0x000000bf4cb00000) (1024K)]
  0x000001c3e059ee40 JavaThread "Timer-1400"                        [_thread_blocked, id=27472, stack(0x000000bf4cb00000,0x000000bf4cc00000) (1024K)]
  0x000001c3e059fb60 JavaThread "Timer-1401"                        [_thread_blocked, id=28968, stack(0x000000bf4cc00000,0x000000bf4cd00000) (1024K)]
  0x000001c3e05a0880 JavaThread "Timer-1402"                        [_thread_blocked, id=1484, stack(0x000000bf4ce00000,0x000000bf4cf00000) (1024K)]
  0x000001c3e05a15a0 JavaThread "Timer-1403"                        [_thread_blocked, id=30636, stack(0x000000bf4cd00000,0x000000bf4ce00000) (1024K)]
  0x000001c3e05a22c0 JavaThread "Timer-1404"                        [_thread_blocked, id=26536, stack(0x000000bf4d000000,0x000000bf4d100000) (1024K)]
  0x000001c3e05a1c30 JavaThread "Timer-1405"                        [_thread_blocked, id=30372, stack(0x000000bf4cf00000,0x000000bf4d000000) (1024K)]
  0x000001c3e05a2950 JavaThread "Timer-1406"                        [_thread_blocked, id=29864, stack(0x000000bf4d200000,0x000000bf4d300000) (1024K)]
  0x000001c3e05a5740 JavaThread "Timer-1407"                        [_thread_blocked, id=18324, stack(0x000000bf4d300000,0x000000bf4d400000) (1024K)]
  0x000001c3e059f4d0 JavaThread "Timer-1408"                        [_thread_blocked, id=29364, stack(0x000000bf4d100000,0x000000bf4d200000) (1024K)]
  0x000001c3e05a6460 JavaThread "Timer-1409"                        [_thread_blocked, id=9912, stack(0x000000bf4d500000,0x000000bf4d600000) (1024K)]
  0x000001c3e05a3670 JavaThread "Timer-1410"                        [_thread_blocked, id=14384, stack(0x000000bf4d700000,0x000000bf4d800000) (1024K)]
  0x000001c3e05a4a20 JavaThread "Timer-1411"                        [_thread_blocked, id=25156, stack(0x000000bf4d600000,0x000000bf4d700000) (1024K)]
  0x000001c3e05a2fe0 JavaThread "Timer-1412"                        [_thread_blocked, id=3808, stack(0x000000bf4d900000,0x000000bf4da00000) (1024K)]
  0x000001c3e05a50b0 JavaThread "Timer-1413"                        [_thread_blocked, id=30384, stack(0x000000bf4d800000,0x000000bf4d900000) (1024K)]
  0x000001c3e05a6af0 JavaThread "Timer-1414"                        [_thread_blocked, id=10200, stack(0x000000bf4db00000,0x000000bf4dc00000) (1024K)]
  0x000001c3e05a3d00 JavaThread "Timer-1415"                        [_thread_blocked, id=30520, stack(0x000000bf4dc00000,0x000000bf4dd00000) (1024K)]
  0x000001c3e05a7810 JavaThread "Timer-1416"                        [_thread_blocked, id=30120, stack(0x000000bf4dd00000,0x000000bf4de00000) (1024K)]
  0x000001c3e05a4390 JavaThread "Timer-1417"                        [_thread_blocked, id=30100, stack(0x000000bf4de00000,0x000000bf4df00000) (1024K)]
  0x000001c3e05a9250 JavaThread "Timer-1418"                        [_thread_blocked, id=29936, stack(0x000000bf4df00000,0x000000bf4e000000) (1024K)]
  0x000001c3e05a8bc0 JavaThread "Timer-1419"                        [_thread_blocked, id=17212, stack(0x000000bf4e000000,0x000000bf4e100000) (1024K)]
  0x000001c3e05a7ea0 JavaThread "Timer-1420"                        [_thread_blocked, id=30336, stack(0x000000bf4e200000,0x000000bf4e300000) (1024K)]
  0x000001c3e05a8530 JavaThread "Timer-1421"                        [_thread_blocked, id=30188, stack(0x000000bf4e100000,0x000000bf4e200000) (1024K)]
  0x000001c3e05a98e0 JavaThread "Timer-1422"                        [_thread_blocked, id=29232, stack(0x000000bf4e400000,0x000000bf4e500000) (1024K)]
  0x000001c3e05ab320 JavaThread "Timer-1423"                        [_thread_blocked, id=6184, stack(0x000000bf4e600000,0x000000bf4e700000) (1024K)]
  0x000001c3e05aa600 JavaThread "Worker-2536: Initialize workspace"        [_thread_blocked, id=30472, stack(0x000000bf4c800000,0x000000bf4c900000) (1024K)]
  0x000001c3e05ac040 JavaThread "Timer-1424"                        [_thread_blocked, id=29388, stack(0x000000bf4e500000,0x000000bf4e600000) (1024K)]
  0x000001c3e05ac6d0 JavaThread "Timer-1425"                        [_thread_blocked, id=30460, stack(0x000000bf4e700000,0x000000bf4e800000) (1024K)]
  0x000001c3e05acd60 JavaThread "Timer-1426"                        [_thread_blocked, id=30144, stack(0x000000bf4e800000,0x000000bf4e900000) (1024K)]
  0x000001c3e05ad3f0 JavaThread "Timer-1427"                        [_thread_blocked, id=29784, stack(0x000000bf4e900000,0x000000bf4ea00000) (1024K)]
  0x000001c3e05ae110 JavaThread "Timer-1428"                        [_thread_blocked, id=30256, stack(0x000000bf4eb00000,0x000000bf4ec00000) (1024K)]
  0x000001c3e05aac90 JavaThread "Timer-1429"                        [_thread_blocked, id=29788, stack(0x000000bf4ea00000,0x000000bf4eb00000) (1024K)]
  0x000001c3e05ae7a0 JavaThread "Timer-1430"                        [_thread_blocked, id=29776, stack(0x000000bf4ed00000,0x000000bf4ee00000) (1024K)]
  0x000001c3e05b0870 JavaThread "Timer-1431"                        [_thread_blocked, id=30416, stack(0x000000bf4ee00000,0x000000bf4ef00000) (1024K)]
  0x000001c3e05ab9b0 JavaThread "Timer-1432"                        [_thread_blocked, id=30584, stack(0x000000bf4ec00000,0x000000bf4ed00000) (1024K)]
  0x000001c3e05b1590 JavaThread "Timer-1433"                        [_thread_blocked, id=30388, stack(0x000000bf4ef00000,0x000000bf4f000000) (1024K)]
  0x000001c3e05b0f00 JavaThread "Timer-1434"                        [_thread_blocked, id=30588, stack(0x000000bf4f200000,0x000000bf4f300000) (1024K)]
  0x000001c3e05b1c20 JavaThread "Timer-1435"                        [_thread_blocked, id=15796, stack(0x000000bf4f100000,0x000000bf4f200000) (1024K)]
  0x000001c3e05b22b0 JavaThread "Timer-1436"                        [_thread_blocked, id=29968, stack(0x000000bf4f400000,0x000000bf4f500000) (1024K)]
  0x000001c3e05b2940 JavaThread "Timer-1437"                        [_thread_blocked, id=29800, stack(0x000000bf30c00000,0x000000bf30d00000) (1024K)]
  0x000001c3e05af4c0 JavaThread "Timer-1438"                        [_thread_blocked, id=30428, stack(0x000000bf4f300000,0x000000bf4f400000) (1024K)]
  0x000001c3e05afb50 JavaThread "Timer-1439"                        [_thread_blocked, id=1764, stack(0x000000bf4f500000,0x000000bf4f600000) (1024K)]
  0x000001c3e05b01e0 JavaThread "Worker-2577: Initialize workspace"        [_thread_blocked, id=30504, stack(0x000000bf4da00000,0x000000bf4db00000) (1024K)]
  0x000001c3e05b50a0 JavaThread "Timer-1440"                        [_thread_blocked, id=30268, stack(0x000000bf4f600000,0x000000bf4f700000) (1024K)]
  0x000001c3e05b4a10 JavaThread "Timer-1441"                        [_thread_blocked, id=29404, stack(0x000000bf4f700000,0x000000bf4f800000) (1024K)]
  0x000001c3e05b4380 JavaThread "Timer-1442"                        [_thread_blocked, id=30716, stack(0x000000bf4f900000,0x000000bf4fa00000) (1024K)]
  0x000001c3e05b5730 JavaThread "Timer-1443"                        [_thread_blocked, id=17668, stack(0x000000bf4f800000,0x000000bf4f900000) (1024K)]
  0x000001c3e05b6450 JavaThread "Timer-1444"                        [_thread_blocked, id=30052, stack(0x000000bf4fb00000,0x000000bf4fc00000) (1024K)]
  0x000001c3e05b2fd0 JavaThread "Timer-1445"                        [_thread_blocked, id=23672, stack(0x000000bf4fa00000,0x000000bf4fb00000) (1024K)]
  0x000001c3e05b6ae0 JavaThread "Timer-1446"                        [_thread_blocked, id=30320, stack(0x000000bf4fd00000,0x000000bf4fe00000) (1024K)]
  0x000001c3e05b3cf0 JavaThread "Timer-1447"                        [_thread_blocked, id=18972, stack(0x000000bf4ff00000,0x000000bf50000000) (1024K)]
  0x000001c3e05b5dc0 JavaThread "Timer-1448"                        [_thread_blocked, id=30512, stack(0x000000bf4fc00000,0x000000bf4fd00000) (1024K)]
  0x000001c3e05b3660 JavaThread "Timer-1449"                        [_thread_blocked, id=30300, stack(0x000000bf50000000,0x000000bf50100000) (1024K)]
  0x000001c3e05b98d0 JavaThread "Timer-1450"                        [_thread_blocked, id=27244, stack(0x000000bf50200000,0x000000bf50300000) (1024K)]
  0x000001c3e05ba5f0 JavaThread "Timer-1451"                        [_thread_blocked, id=30184, stack(0x000000bf50100000,0x000000bf50200000) (1024K)]
  0x000001c3e05b9f60 JavaThread "Timer-1452"                        [_thread_blocked, id=30284, stack(0x000000bf50400000,0x000000bf50500000) (1024K)]
  0x000001c3e05b7170 JavaThread "Timer-1453"                        [_thread_blocked, id=29896, stack(0x000000bf50300000,0x000000bf50400000) (1024K)]
  0x000001c3e05b9240 JavaThread "Timer-1454"                        [_thread_blocked, id=30000, stack(0x000000bf50600000,0x000000bf50700000) (1024K)]
  0x000001c3e05bac80 JavaThread "Timer-1455"                        [_thread_blocked, id=30352, stack(0x000000bf50700000,0x000000bf50800000) (1024K)]
  0x000001c3e05b7800 JavaThread "Worker-2621: Initialize workspace"        [_thread_blocked, id=29984, stack(0x000000bf30d00000,0x000000bf30e00000) (1024K)]
  0x000001c3e05bb9a0 JavaThread "Timer-1456"                        [_thread_blocked, id=30160, stack(0x000000bf50800000,0x000000bf50900000) (1024K)]
  0x000001c3e05b8520 JavaThread "Timer-1457"                        [_thread_blocked, id=30576, stack(0x000000bf50900000,0x000000bf50a00000) (1024K)]
  0x000001c3e05bc030 JavaThread "Timer-1458"                        [_thread_blocked, id=28888, stack(0x000000bf50a00000,0x000000bf50b00000) (1024K)]
  0x000001c3e05b8bb0 JavaThread "Timer-1459"                        [_thread_blocked, id=30432, stack(0x000000bf50b00000,0x000000bf50c00000) (1024K)]
  0x000001c3e05bee20 JavaThread "Timer-1460"                        [_thread_blocked, id=30064, stack(0x000000bf50d00000,0x000000bf50e00000) (1024K)]
  0x000001c3e05bda70 JavaThread "Timer-1461"                        [_thread_blocked, id=30408, stack(0x000000bf50c00000,0x000000bf50d00000) (1024K)]
  0x000001c3e05bc6c0 JavaThread "Timer-1462"                        [_thread_blocked, id=500, stack(0x000000bf50e00000,0x000000bf50f00000) (1024K)]
  0x000001c3e05be100 JavaThread "Timer-1463"                        [_thread_blocked, id=30260, stack(0x000000bf51000000,0x000000bf51100000) (1024K)]
  0x000001c3e05bcd50 JavaThread "Timer-1464"                        [_thread_blocked, id=30452, stack(0x000000bf51100000,0x000000bf51200000) (1024K)]
  0x000001c3e05c1c10 JavaThread "Timer-1465"                        [_thread_blocked, id=29408, stack(0x000000bf51200000,0x000000bf51300000) (1024K)]
  0x000001c3e05bfb40 JavaThread "Timer-1466"                        [_thread_blocked, id=29856, stack(0x000000bf51400000,0x000000bf51500000) (1024K)]
  0x000001c3e05bf4b0 JavaThread "Timer-1467"                        [_thread_blocked, id=30008, stack(0x000000bf51300000,0x000000bf51400000) (1024K)]
  0x000001c3e05c0860 JavaThread "Timer-1468"                        [_thread_blocked, id=15904, stack(0x000000bf51600000,0x000000bf51700000) (1024K)]
  0x000001c3e05be790 JavaThread "Timer-1469"                        [_thread_blocked, id=30668, stack(0x000000bf51500000,0x000000bf51600000) (1024K)]
  0x000001c3e05c0ef0 JavaThread "Timer-1470"                        [_thread_blocked, id=30652, stack(0x000000bf51800000,0x000000bf51900000) (1024K)]
  0x000001c3e05c1580 JavaThread "Timer-1471"                        [_thread_blocked, id=30368, stack(0x000000bf51900000,0x000000bf51a00000) (1024K)]
  0x000001c3e05c01d0 JavaThread "Worker-2665: Initialize workspace"        [_thread_blocked, id=26888, stack(0x000000bf50f00000,0x000000bf51000000) (1024K)]
  0x000001c3e05c22a0 JavaThread "Timer-1472"                        [_thread_blocked, id=30076, stack(0x000000bf51a00000,0x000000bf51b00000) (1024K)]
  0x000001c3e05c2930 JavaThread "Timer-1473"                        [_thread_blocked, id=29560, stack(0x000000bf51b00000,0x000000bf51c00000) (1024K)]
  0x000001c3e05c2fc0 JavaThread "Timer-1474"                        [_thread_blocked, id=3720, stack(0x000000bf51d00000,0x000000bf51e00000) (1024K)]
  0x000001c3e05c3650 JavaThread "Timer-1475"                        [_thread_blocked, id=9320, stack(0x000000bf51c00000,0x000000bf51d00000) (1024K)]
  0x000001c3e05c3ce0 JavaThread "Timer-1476"                        [_thread_blocked, id=24876, stack(0x000000bf51f00000,0x000000bf52000000) (1024K)]
  0x000001c3e05c4370 JavaThread "Timer-1477"                        [_thread_blocked, id=27708, stack(0x000000bf51e00000,0x000000bf51f00000) (1024K)]
  0x000001c3e0594a30 JavaThread "Timer-1478"                        [_thread_blocked, id=29724, stack(0x000000bf52100000,0x000000bf52200000) (1024K)]
  0x000001c3e05a7180 JavaThread "Timer-1479"                        [_thread_blocked, id=30664, stack(0x000000bf52300000,0x000000bf52400000) (1024K)]
  0x000001c3e05bb310 JavaThread "Timer-1480"                        [_thread_blocked, id=30068, stack(0x000000bf52000000,0x000000bf52100000) (1024K)]
  0x000001c3e05c6ad0 JavaThread "Timer-1481"                        [_thread_blocked, id=30244, stack(0x000000bf52200000,0x000000bf52300000) (1024K)]
  0x000001c3f568f270 JavaThread "Timer-1482"                        [_thread_blocked, id=30208, stack(0x000000bf52400000,0x000000bf52500000) (1024K)]
  0x000001c3e16acfb0 JavaThread "Timer-1483"                        [_thread_blocked, id=28864, stack(0x000000bf52600000,0x000000bf52700000) (1024K)]
  0x000001c3e16ab570 JavaThread "Timer-1484"                        [_thread_blocked, id=30288, stack(0x000000bf52800000,0x000000bf52900000) (1024K)]
  0x000001c3e16adcd0 JavaThread "Timer-1485"                        [_thread_blocked, id=10396, stack(0x000000bf52700000,0x000000bf52800000) (1024K)]
  0x000001c3e16ad640 JavaThread "Timer-1486"                        [_thread_blocked, id=30340, stack(0x000000bf52a00000,0x000000bf52b00000) (1024K)]
  0x000001c3e16af080 JavaThread "Timer-1487"                        [_thread_blocked, id=29848, stack(0x000000bf52d00000,0x000000bf52e00000) (1024K)]
  0x000001c3e16ae9f0 JavaThread "Timer-1488"                        [_thread_blocked, id=30212, stack(0x000000bf52b00000,0x000000bf52c00000) (1024K)]
  0x000001c3e16abc00 JavaThread "Timer-1489"                        [_thread_blocked, id=30692, stack(0x000000bf52c00000,0x000000bf52d00000) (1024K)]
  0x000001c3e16afda0 JavaThread "Timer-1490"                        [_thread_blocked, id=26592, stack(0x000000bf52f00000,0x000000bf53000000) (1024K)]
  0x000001c3e16b1e70 JavaThread "Timer-1491"                        [_thread_blocked, id=30056, stack(0x000000bf52e00000,0x000000bf52f00000) (1024K)]
  0x000001c3e16b0ac0 JavaThread "Timer-1492"                        [_thread_blocked, id=5468, stack(0x000000bf53100000,0x000000bf53200000) (1024K)]
  0x000001c3e16b0430 JavaThread "Timer-1493"                        [_thread_blocked, id=29988, stack(0x000000bf53000000,0x000000bf53100000) (1024K)]
  0x000001c3e16b1150 JavaThread "Timer-1494"                        [_thread_blocked, id=30060, stack(0x000000bf53300000,0x000000bf53400000) (1024K)]
  0x000001c3e16b2500 JavaThread "Timer-1495"                        [_thread_blocked, id=29816, stack(0x000000bf53400000,0x000000bf53500000) (1024K)]
  0x000001c3e16b2b90 JavaThread "Timer-1496"                        [_thread_blocked, id=27460, stack(0x000000bf53500000,0x000000bf53600000) (1024K)]
  0x000001c3e16af710 JavaThread "Timer-1497"                        [_thread_blocked, id=30456, stack(0x000000bf53600000,0x000000bf53700000) (1024K)]
  0x000001c3e16b45d0 JavaThread "Timer-1498"                        [_thread_blocked, id=29996, stack(0x000000bf53800000,0x000000bf53900000) (1024K)]
  0x000001c3e16b5980 JavaThread "Timer-1499"                        [_thread_blocked, id=16972, stack(0x000000bf53700000,0x000000bf53800000) (1024K)]
  0x000001c3e16b52f0 JavaThread "Timer-1500"                        [_thread_blocked, id=24300, stack(0x000000bf53a00000,0x000000bf53b00000) (1024K)]
  0x000001c3e16b3220 JavaThread "Timer-1501"                        [_thread_blocked, id=11968, stack(0x000000bf53900000,0x000000bf53a00000) (1024K)]
  0x000001c3e16b66a0 JavaThread "Timer-1502"                        [_thread_blocked, id=16688, stack(0x000000bf53c00000,0x000000bf53d00000) (1024K)]
  0x000001c3e16b6d30 JavaThread "Timer-1503"                        [_thread_blocked, id=30660, stack(0x000000bf53e00000,0x000000bf53f00000) (1024K)]
  0x000001c3e16ae360 JavaThread "Worker-2752: Initialize workspace"        [_thread_blocked, id=30676, stack(0x000000bf53200000,0x000000bf53300000) (1024K)]
  0x000001c3e16b38b0 JavaThread "Timer-1504"                        [_thread_blocked, id=25852, stack(0x000000bf54100000,0x000000bf54200000) (1024K)]
  0x000001c3e16b73c0 JavaThread "Timer-1505"                        [_thread_blocked, id=30036, stack(0x000000bf54200000,0x000000bf54300000) (1024K)]
  0x000001c3e16b4c60 JavaThread "Timer-1506"                        [_thread_blocked, id=27668, stack(0x000000bf54400000,0x000000bf54500000) (1024K)]
  0x000001c3e16b3f40 JavaThread "Timer-1507"                        [_thread_blocked, id=30104, stack(0x000000bf54300000,0x000000bf54400000) (1024K)]
  0x000001c3e16b8770 JavaThread "Timer-1508"                        [_thread_blocked, id=29952, stack(0x000000bf54500000,0x000000bf54600000) (1024K)]
  0x000001c3e16b9490 JavaThread "Timer-1509"                        [_thread_blocked, id=29172, stack(0x000000bf54600000,0x000000bf54700000) (1024K)]
  0x000001c3e16b8e00 JavaThread "Timer-1510"                        [_thread_blocked, id=25068, stack(0x000000bf54800000,0x000000bf54900000) (1024K)]
  0x000001c3e16b7a50 JavaThread "Timer-1511"                        [_thread_blocked, id=30248, stack(0x000000bf53f00000,0x000000bf54000000) (1024K)]
  0x000001c3e16b6010 JavaThread "Worker-2776: Initialize workspace"        [_thread_blocked, id=20092, stack(0x000000bf53d00000,0x000000bf53e00000) (1024K)]
  0x000001c3e16b9b20 JavaThread "Timer-1512"                        [_thread_blocked, id=30240, stack(0x000000bf53b00000,0x000000bf53c00000) (1024K)]
  0x000001c3e16bbbf0 JavaThread "Timer-1513"                        [_thread_blocked, id=29852, stack(0x000000bf54700000,0x000000bf54800000) (1024K)]
  0x000001c3e16bc280 JavaThread "Timer-1514"                        [_thread_blocked, id=7452, stack(0x000000bf54900000,0x000000bf54a00000) (1024K)]
  0x000001c3e16bd630 JavaThread "Timer-1515"                        [_thread_blocked, id=29188, stack(0x000000bf54a00000,0x000000bf54b00000) (1024K)]
  0x000001c3e16bb560 JavaThread "Timer-1516"                        [_thread_blocked, id=29836, stack(0x000000bf54b00000,0x000000bf54c00000) (1024K)]
  0x000001c3e16bc910 JavaThread "Timer-1517"                        [_thread_blocked, id=31048, stack(0x000000bf54c00000,0x000000bf54d00000) (1024K)]
  0x000001c3e16ba1b0 JavaThread "Timer-1518"                        [_thread_blocked, id=31056, stack(0x000000bf54e00000,0x000000bf54f00000) (1024K)]
  0x000001c3e16ba840 JavaThread "Timer-1519"                        [_thread_blocked, id=31076, stack(0x000000bf55000000,0x000000bf55100000) (1024K)]
  0x000001c3e16b17e0 JavaThread "Worker-2799: Initialize workspace"        [_thread_blocked, id=31332, stack(0x000000bf52900000,0x000000bf52a00000) (1024K)]
  0x000001c3e16b80e0 JavaThread "Timer-1520"                        [_thread_blocked, id=31376, stack(0x000000bf54d00000,0x000000bf54e00000) (1024K)]
  0x000001c3e16be350 JavaThread "Timer-1521"                        [_thread_blocked, id=31388, stack(0x000000bf55100000,0x000000bf55200000) (1024K)]
  0x000001c3e16baed0 JavaThread "Timer-1522"                        [_thread_blocked, id=31396, stack(0x000000bf55200000,0x000000bf55300000) (1024K)]
  0x000001c3e16bfd90 JavaThread "Timer-1523"                        [_thread_blocked, id=31400, stack(0x000000bf55300000,0x000000bf55400000) (1024K)]
  0x000001c3e16c1140 JavaThread "Timer-1524"                        [_thread_blocked, id=31408, stack(0x000000bf55500000,0x000000bf55600000) (1024K)]
  0x000001c3e16c0420 JavaThread "Timer-1525"                        [_thread_blocked, id=31656, stack(0x000000bf55400000,0x000000bf55500000) (1024K)]
  0x000001c3e16c17d0 JavaThread "Timer-1526"                        [_thread_blocked, id=31664, stack(0x000000bf55a00000,0x000000bf55b00000) (1024K)]
  0x000001c3e16bf070 JavaThread "Timer-1527"                        [_thread_blocked, id=31684, stack(0x000000bf55c00000,0x000000bf55d00000) (1024K)]
  0x000001c3e16be9e0 JavaThread "Worker-2822: Initialize workspace"        [_thread_blocked, id=30912, stack(0x000000bf54000000,0x000000bf54100000) (1024K)]
  0x000001c3e16c24f0 JavaThread "Timer-1528"                        [_thread_blocked, id=30964, stack(0x000000bf55b00000,0x000000bf55c00000) (1024K)]
  0x000001c3e16c2b80 JavaThread "Timer-1529"                        [_thread_blocked, id=30904, stack(0x000000bf55e00000,0x000000bf55f00000) (1024K)]
  0x000001c3e16c0ab0 JavaThread "Timer-1530"                        [_thread_blocked, id=30892, stack(0x000000bf56000000,0x000000bf56100000) (1024K)]
  0x000001c3e16c1e60 JavaThread "Timer-1531"                        [_thread_blocked, id=30924, stack(0x000000bf55f00000,0x000000bf56000000) (1024K)]
  0x000001c3e16bf700 JavaThread "Timer-1532"                        [_thread_blocked, id=30868, stack(0x000000bf56200000,0x000000bf56300000) (1024K)]
  0x000001c3e16c3210 JavaThread "Timer-1533"                        [_thread_blocked, id=15564, stack(0x000000bf56300000,0x000000bf56400000) (1024K)]
  0x000001c3e16c45c0 JavaThread "Timer-1534"                        [_thread_blocked, id=31116, stack(0x000000bf56500000,0x000000bf56600000) (1024K)]
  0x000001c3e16c4c50 JavaThread "Timer-1535"                        [_thread_blocked, id=31068, stack(0x000000bf56600000,0x000000bf56700000) (1024K)]
  0x000001c3e16bcfa0 JavaThread "Worker-2840: Initialize workspace"        [_thread_blocked, id=31440, stack(0x000000bf55d00000,0x000000bf55e00000) (1024K)]
  0x000001c3e16c52e0 JavaThread "Timer-1536"                        [_thread_blocked, id=31668, stack(0x000000bf56700000,0x000000bf56800000) (1024K)]
  0x000001c3e16c38a0 JavaThread "Timer-1537"                        [_thread_blocked, id=31696, stack(0x000000bf56800000,0x000000bf56900000) (1024K)]
  0x000001c3e16c6d20 JavaThread "Timer-1538"                        [_thread_blocked, id=31708, stack(0x000000bf56a00000,0x000000bf56b00000) (1024K)]
  0x000001c3e16c6000 JavaThread "Timer-1539"                        [_thread_blocked, id=28468, stack(0x000000bf56900000,0x000000bf56a00000) (1024K)]
  0x000001c3e16c5970 JavaThread "Timer-1540"                        [_thread_blocked, id=27464, stack(0x000000bf56b00000,0x000000bf56c00000) (1024K)]
  0x000001c3e16c7a40 JavaThread "Timer-1541"                        [_thread_blocked, id=30880, stack(0x000000bf55700000,0x000000bf55800000) (1024K)]
  0x000001c3e16c8df0 JavaThread "Timer-1542"                        [_thread_blocked, id=30872, stack(0x000000bf56c00000,0x000000bf56d00000) (1024K)]
  0x000001c3e16c9480 JavaThread "Timer-1543"                        [_thread_blocked, id=1972, stack(0x000000bf56100000,0x000000bf56200000) (1024K)]
  0x000001c3e16c80d0 JavaThread "Timer-1544"                        [_thread_blocked, id=30988, stack(0x000000bf56d00000,0x000000bf56e00000) (1024K)]
  0x000001c3e16c8760 JavaThread "Timer-1545"                        [_thread_blocked, id=26200, stack(0x000000bf56e00000,0x000000bf56f00000) (1024K)]
  0x000001c3e16c6690 JavaThread "Timer-1546"                        [_thread_blocked, id=30980, stack(0x000000bf57000000,0x000000bf57100000) (1024K)]
  0x000001c3e16cbbe0 JavaThread "Timer-1547"                        [_thread_blocked, id=31004, stack(0x000000bf56f00000,0x000000bf57000000) (1024K)]
  0x000001c3e16cb550 JavaThread "Timer-1548"                        [_thread_blocked, id=31040, stack(0x000000bf57200000,0x000000bf57300000) (1024K)]
  0x000001c3e16caec0 JavaThread "Timer-1549"                        [_thread_blocked, id=31492, stack(0x000000bf57100000,0x000000bf57200000) (1024K)]
  0x000001c3e16cc270 JavaThread "Timer-1550"                        [_thread_blocked, id=31652, stack(0x000000bf57300000,0x000000bf57400000) (1024K)]
  0x000001c3e16ca1a0 JavaThread "Timer-1551"                        [_thread_blocked, id=31628, stack(0x000000bf57600000,0x000000bf57700000) (1024K)]
  0x000001c3e16ccf90 JavaThread "Worker-2880: Initialize workspace"        [_thread_blocked, id=31488, stack(0x000000bf57500000,0x000000bf57600000) (1024K)]
  0x000001c3e16c73b0 JavaThread "Timer-1552"                        [_thread_blocked, id=31472, stack(0x000000bf56400000,0x000000bf56500000) (1024K)]
  0x000001c3e16cc900 JavaThread "Timer-1553"                        [_thread_blocked, id=31416, stack(0x000000bf57700000,0x000000bf57800000) (1024K)]
  0x000001c3e16ca830 JavaThread "Timer-1554"                        [_thread_blocked, id=31660, stack(0x000000bf57900000,0x000000bf57a00000) (1024K)]
  0x000001c3e16d0410 JavaThread "Timer-1555"                        [_thread_blocked, id=31688, stack(0x000000bf57800000,0x000000bf57900000) (1024K)]
  0x000001c3e16cdcb0 JavaThread "Timer-1556"                        [_thread_blocked, id=30844, stack(0x000000bf57b00000,0x000000bf57c00000) (1024K)]
  0x000001c3e16ce340 JavaThread "Timer-1557"                        [_thread_blocked, id=30420, stack(0x000000bf57a00000,0x000000bf57b00000) (1024K)]
  0x000001c3e16cd620 JavaThread "Timer-1558"                        [_thread_blocked, id=29720, stack(0x000000bf57d00000,0x000000bf57e00000) (1024K)]
  0x000001c3e16cf060 JavaThread "Timer-1559"                        [_thread_blocked, id=31312, stack(0x000000bf57f00000,0x000000bf58000000) (1024K)]
  0x000001c3e16bdcc0 JavaThread "Worker-2902: Initialize workspace"        [_thread_blocked, id=31140, stack(0x000000bf57400000,0x000000bf57500000) (1024K)]
  0x000001c3e16d1130 JavaThread "Timer-1560"                        [_thread_blocked, id=31204, stack(0x000000bf57e00000,0x000000bf57f00000) (1024K)]
  0x000001c3e16ce9d0 JavaThread "Timer-1561"                        [_thread_blocked, id=31028, stack(0x000000bf58000000,0x000000bf58100000) (1024K)]
  0x000001c3e16cfd80 JavaThread "Timer-1562"                        [_thread_blocked, id=30836, stack(0x000000bf58200000,0x000000bf58300000) (1024K)]
  0x000001c3e16cf6f0 JavaThread "Timer-1563"                        [_thread_blocked, id=31148, stack(0x000000bf58100000,0x000000bf58200000) (1024K)]
  0x000001c3e16d17c0 JavaThread "Timer-1564"                        [_thread_blocked, id=31512, stack(0x000000bf58400000,0x000000bf58500000) (1024K)]
  0x000001c3e1693240 JavaThread "Timer-1565"                        [_thread_blocked, id=30768, stack(0x000000bf58300000,0x000000bf58400000) (1024K)]
  0x000001c3e1693f60 JavaThread "Timer-1566"                        [_thread_blocked, id=29956, stack(0x000000bf58600000,0x000000bf58700000) (1024K)]
  0x000001c3e1692bb0 JavaThread "Timer-1567"                        [_thread_blocked, id=19092, stack(0x000000bf58900000,0x000000bf58a00000) (1024K)]
  0x000001c3e16945f0 JavaThread "Timer-1568"                        [_thread_blocked, id=31716, stack(0x000000bf58700000,0x000000bf58800000) (1024K)]
  0x000001c3e1694c80 JavaThread "Timer-1569"                        [_thread_blocked, id=30928, stack(0x000000bf58800000,0x000000bf58900000) (1024K)]
  0x000001c3e1691800 JavaThread "Timer-1570"                        [_thread_blocked, id=31292, stack(0x000000bf58b00000,0x000000bf58c00000) (1024K)]
  0x000001c3e1695310 JavaThread "Timer-1571"                        [_thread_blocked, id=24900, stack(0x000000bf58a00000,0x000000bf58b00000) (1024K)]
  0x000001c3e1691e90 JavaThread "Timer-1572"                        [_thread_blocked, id=31012, stack(0x000000bf58d00000,0x000000bf58e00000) (1024K)]
  0x000001c3e1697a70 JavaThread "Timer-1573"                        [_thread_blocked, id=31092, stack(0x000000bf58c00000,0x000000bf58d00000) (1024K)]
  0x000001c3e1698100 JavaThread "Timer-1574"                        [_thread_blocked, id=31188, stack(0x000000bf58f00000,0x000000bf59000000) (1024K)]
  0x000001c3e16959a0 JavaThread "Timer-1575"                        [_thread_blocked, id=31284, stack(0x000000bf59100000,0x000000bf59200000) (1024K)]
  0x000001c3e16966c0 JavaThread "Worker-2945: Initialize workspace"        [_thread_blocked, id=31128, stack(0x000000bf57c00000,0x000000bf57d00000) (1024K)]
  0x000001c3e16994b0 JavaThread "Timer-1576"                        [_thread_blocked, id=31704, stack(0x000000bf58e00000,0x000000bf58f00000) (1024K)]
  0x000001c3e1696d50 JavaThread "Timer-1577"                        [_thread_blocked, id=31700, stack(0x000000bf59200000,0x000000bf59300000) (1024K)]
  0x000001c3e1698790 JavaThread "Timer-1578"                        [_thread_blocked, id=30832, stack(0x000000bf59400000,0x000000bf59500000) (1024K)]
  0x000001c3e1696030 JavaThread "Timer-1579"                        [_thread_blocked, id=26612, stack(0x000000bf59300000,0x000000bf59400000) (1024K)]
  0x000001c3e169a1d0 JavaThread "Timer-1580"                        [_thread_blocked, id=30808, stack(0x000000bf59600000,0x000000bf59700000) (1024K)]
  0x000001c3e16973e0 JavaThread "Timer-1581"                        [_thread_blocked, id=31300, stack(0x000000bf59500000,0x000000bf59600000) (1024K)]
  0x000001c3e169aef0 JavaThread "Timer-1582"                        [_thread_blocked, id=27684, stack(0x000000bf59800000,0x000000bf59900000) (1024K)]
  0x000001c3e169c930 JavaThread "Timer-1583"                        [_thread_blocked, id=31644, stack(0x000000bf59900000,0x000000bf59a00000) (1024K)]
  0x000001c3e1692520 JavaThread "Worker-2965: Initialize workspace"        [_thread_blocked, id=26004, stack(0x000000bf59700000,0x000000bf59800000) (1024K)]
  0x000001c3e169bc10 JavaThread "Timer-1584"                        [_thread_blocked, id=30760, stack(0x000000bf59a00000,0x000000bf59b00000) (1024K)]
  0x000001c3e169c2a0 JavaThread "Timer-1585"                        [_thread_blocked, id=30200, stack(0x000000bf59b00000,0x000000bf59c00000) (1024K)]
  0x000001c3e1699b40 JavaThread "Timer-1586"                        [_thread_blocked, id=30776, stack(0x000000bf59d00000,0x000000bf59e00000) (1024K)]
  0x000001c3e169a860 JavaThread "Timer-1587"                        [_thread_blocked, id=31692, stack(0x000000bf59c00000,0x000000bf59d00000) (1024K)]
  0x000001c3e1698e20 JavaThread "Timer-1588"                        [_thread_blocked, id=17376, stack(0x000000bf59f00000,0x000000bf5a000000) (1024K)]
  0x000001c3e169f720 JavaThread "Timer-1589"                        [_thread_blocked, id=31632, stack(0x000000bf59e00000,0x000000bf59f00000) (1024K)]
  0x000001c3e169ea00 JavaThread "Timer-1590"                        [_thread_blocked, id=31280, stack(0x000000bf5a100000,0x000000bf5a200000) (1024K)]
  0x000001c3e169cfc0 JavaThread "Timer-1591"                        [_thread_blocked, id=31348, stack(0x000000bf5a200000,0x000000bf5a300000) (1024K)]
  0x000001c3e169e370 JavaThread "Timer-1592"                        [_thread_blocked, id=24448, stack(0x000000bf5a300000,0x000000bf5a400000) (1024K)]
  0x000001c3e169b580 JavaThread "Timer-1593"                        [_thread_blocked, id=30632, stack(0x000000bf5a400000,0x000000bf5a500000) (1024K)]
  0x000001c3e169f090 JavaThread "Timer-1594"                        [_thread_blocked, id=31036, stack(0x000000bf5a500000,0x000000bf5a600000) (1024K)]
  0x000001c3e16a1e80 JavaThread "Timer-1595"                        [_thread_blocked, id=31240, stack(0x000000bf5a600000,0x000000bf5a700000) (1024K)]
  0x000001c3e16a17f0 JavaThread "Timer-1596"                        [_thread_blocked, id=31272, stack(0x000000bf5a800000,0x000000bf5a900000) (1024K)]
  0x000001c3e169fdb0 JavaThread "Timer-1597"                        [_thread_blocked, id=24836, stack(0x000000bf5a700000,0x000000bf5a800000) (1024K)]
  0x000001c3e16a0440 JavaThread "Timer-1598"                        [_thread_blocked, id=29636, stack(0x000000bf5aa00000,0x000000bf5ab00000) (1024K)]
  0x000001c3e16a5990 JavaThread "Timer-1599"                        [_thread_blocked, id=31136, stack(0x000000bf5ac00000,0x000000bf5ad00000) (1024K)]
  0x000001c3e169dce0 JavaThread "Timer-1600"                        [_thread_blocked, id=31968, stack(0x000000bf5ae00000,0x000000bf5af00000) (1024K)]
  0x000001c3e16a2510 JavaThread "Timer-1601"                        [_thread_blocked, id=31980, stack(0x000000bf5a000000,0x000000bf5a100000) (1024K)]
  0x000001c3e16a66b0 JavaThread "Timer-1602"                        [_thread_blocked, id=31988, stack(0x000000bf5b000000,0x000000bf5b100000) (1024K)]
  0x000001c3e16a38c0 JavaThread "Timer-1603"                        [_thread_blocked, id=32048, stack(0x000000bf5b100000,0x000000bf5b200000) (1024K)]
  0x000001c3e16a3f50 JavaThread "Timer-1604"                        [_thread_blocked, id=32104, stack(0x000000bf5b300000,0x000000bf5b400000) (1024K)]
  0x000001c3e16a45e0 JavaThread "Timer-1605"                        [_thread_blocked, id=32456, stack(0x000000bf5b200000,0x000000bf5b300000) (1024K)]
  0x000001c3e16a6020 JavaThread "Timer-1606"                        [_thread_blocked, id=32468, stack(0x000000bf5b500000,0x000000bf5b600000) (1024K)]
  0x000001c3e16a3230 JavaThread "Timer-1607"                        [_thread_blocked, id=32492, stack(0x000000bf5b700000,0x000000bf5b800000) (1024K)]
  0x000001c3e16a0ad0 JavaThread "Worker-3033: Initialize workspace"        [_thread_blocked, id=32712, stack(0x000000bf5af00000,0x000000bf5b000000) (1024K)]
  0x000001c3e16938d0 JavaThread "Timer-1608"                        [_thread_blocked, id=18676, stack(0x000000bf54f00000,0x000000bf55000000) (1024K)]
  0x000001c3e16a73d0 JavaThread "Timer-1609"                        [_thread_blocked, id=31196, stack(0x000000bf5ab00000,0x000000bf5ac00000) (1024K)]
  0x000001c3e16a4c70 JavaThread "Timer-1610"                        [_thread_blocked, id=31392, stack(0x000000bf5b900000,0x000000bf5ba00000) (1024K)]
  0x000001c3e16a7a60 JavaThread "Timer-1611"                        [_thread_blocked, id=31336, stack(0x000000bf5b600000,0x000000bf5b700000) (1024K)]
  0x000001c3e16a8780 JavaThread "Timer-1612"                        [_thread_blocked, id=31616, stack(0x000000bf5bb00000,0x000000bf5bc00000) (1024K)]
  0x000001c3e16a5300 JavaThread "Timer-1613"                        [_thread_blocked, id=23884, stack(0x000000bf5ba00000,0x000000bf5bb00000) (1024K)]
  0x000001c3e16a8e10 JavaThread "Timer-1614"                        [_thread_blocked, id=32120, stack(0x000000bf5bd00000,0x000000bf5be00000) (1024K)]
  0x000001c3e16aa1c0 JavaThread "Timer-1615"                        [_thread_blocked, id=32628, stack(0x000000bf5be00000,0x000000bf5bf00000) (1024K)]
  0x000001c3e16aa850 JavaThread "Worker-3055: Initialize workspace"        [_thread_blocked, id=31984, stack(0x000000bf5b800000,0x000000bf5b900000) (1024K)]
  0x000001c3e16a9b30 JavaThread "Timer-1616"                        [_thread_blocked, id=32068, stack(0x000000bf5bc00000,0x000000bf5bd00000) (1024K)]
  0x000001c3e16a80f0 JavaThread "Timer-1617"                        [_thread_blocked, id=29860, stack(0x000000bf5bf00000,0x000000bf5c000000) (1024K)]
  0x000001c3e16a6d40 JavaThread "Timer-1618"                        [_thread_blocked, id=31344, stack(0x000000bf5c100000,0x000000bf5c200000) (1024K)]
  0x000001c3e16c9b10 JavaThread "Timer-1619"                        [_thread_blocked, id=32076, stack(0x000000bf5c200000,0x000000bf5c300000) (1024K)]
  0x000001c3e16d0aa0 JavaThread "Timer-1620"                        [_thread_blocked, id=32000, stack(0x000000bf5c400000,0x000000bf5c500000) (1024K)]
  0x000001c3e131cf50 JavaThread "Timer-1621"                        [_thread_blocked, id=32316, stack(0x000000bf5c300000,0x000000bf5c400000) (1024K)]
  0x000001c3e05bd3e0 JavaThread "Timer-1622"                        [_thread_blocked, id=32296, stack(0x000000bf5c600000,0x000000bf5c700000) (1024K)]
  0x000001c3f40fee90 JavaThread "Timer-1623"                        [_thread_blocked, id=32520, stack(0x000000bf5c900000,0x000000bf5ca00000) (1024K)]
  0x000001c3f40fc0a0 JavaThread "Worker-3079: Initialize workspace"        [_thread_blocked, id=31856, stack(0x000000bf5c000000,0x000000bf5c100000) (1024K)]
  0x000001c3f40fe170 JavaThread "Timer-1624"                        [_thread_blocked, id=22988, stack(0x000000bf5c500000,0x000000bf5c600000) (1024K)]
  0x000001c3f40fd450 JavaThread "Timer-1625"                        [_thread_blocked, id=32632, stack(0x000000bf5c700000,0x000000bf5c800000) (1024K)]
  0x000001c3f40fe800 JavaThread "Timer-1626"                        [_thread_blocked, id=32568, stack(0x000000bf5cb00000,0x000000bf5cc00000) (1024K)]
  0x000001c3f40fc730 JavaThread "Timer-1627"                        [_thread_blocked, id=32588, stack(0x000000bf5ca00000,0x000000bf5cb00000) (1024K)]
  0x000001c3f41008d0 JavaThread "Timer-1628"                        [_thread_blocked, id=32740, stack(0x000000bf5cd00000,0x000000bf5ce00000) (1024K)]
  0x000001c3f40ff520 JavaThread "Timer-1629"                        [_thread_blocked, id=31860, stack(0x000000bf5cc00000,0x000000bf5cd00000) (1024K)]
  0x000001c3f4100240 JavaThread "Timer-1630"                        [_thread_blocked, id=31252, stack(0x000000bf5cf00000,0x000000bf5d000000) (1024K)]
  0x000001c3f4104a70 JavaThread "Timer-1631"                        [_thread_blocked, id=32204, stack(0x000000bf5d100000,0x000000bf5d200000) (1024K)]
  0x000001c3f40ffbb0 JavaThread "Worker-3101: Initialize workspace"        [_thread_blocked, id=25168, stack(0x000000bf5c800000,0x000000bf5c900000) (1024K)]
  0x000001c3f41043e0 JavaThread "Timer-1632"                        [_thread_blocked, id=32196, stack(0x000000bf5d000000,0x000000bf5d100000) (1024K)]
  0x000001c3f4100f60 JavaThread "Timer-1633"                        [_thread_blocked, id=23272, stack(0x000000bf5d200000,0x000000bf5d300000) (1024K)]
  0x000001c3f4103d50 JavaThread "Timer-1634"                        [_thread_blocked, id=32168, stack(0x000000bf5d400000,0x000000bf5d500000) (1024K)]
  0x000001c3f41036c0 JavaThread "Timer-1635"                        [_thread_blocked, id=32532, stack(0x000000bf5d300000,0x000000bf5d400000) (1024K)]
  0x000001c3f4105100 JavaThread "Timer-1636"                        [_thread_blocked, id=32052, stack(0x000000bf5d600000,0x000000bf5d700000) (1024K)]
  0x000001c3f41015f0 JavaThread "Timer-1637"                        [_thread_blocked, id=32640, stack(0x000000bf5d500000,0x000000bf5d600000) (1024K)]
  0x000001c3f4101c80 JavaThread "Timer-1638"                        [_thread_blocked, id=32596, stack(0x000000bf5d800000,0x000000bf5d900000) (1024K)]
  0x000001c3f4102310 JavaThread "Timer-1639"                        [_thread_blocked, id=32688, stack(0x000000bf5d900000,0x000000bf5da00000) (1024K)]
  0x000001c3f40fdae0 JavaThread "Worker-3120: Initialize workspace"        [_thread_blocked, id=18144, stack(0x000000bf5ce00000,0x000000bf5cf00000) (1024K)]
  0x000001c3f41029a0 JavaThread "Timer-1640"                        [_thread_blocked, id=32148, stack(0x000000bf5db00000,0x000000bf5dc00000) (1024K)]
  0x000001c3f41064b0 JavaThread "Timer-1641"                        [_thread_blocked, id=32756, stack(0x000000bf5d700000,0x000000bf5d800000) (1024K)]
  0x000001c3f4103030 JavaThread "Timer-1642"                        [_thread_blocked, id=32604, stack(0x000000bf5dd00000,0x000000bf5de00000) (1024K)]
  0x000001c3f4106b40 JavaThread "Timer-1643"                        [_thread_blocked, id=14236, stack(0x000000bf5dc00000,0x000000bf5dd00000) (1024K)]
  0x000001c3f4105790 JavaThread "Timer-1644"                        [_thread_blocked, id=31324, stack(0x000000bf5df00000,0x000000bf5e000000) (1024K)]
  0x000001c3f41071d0 JavaThread "Timer-1645"                        [_thread_blocked, id=6452, stack(0x000000bf5de00000,0x000000bf5df00000) (1024K)]
  0x000001c3f4107860 JavaThread "Timer-1646"                        [_thread_blocked, id=32116, stack(0x000000bf5e100000,0x000000bf5e200000) (1024K)]
  0x000001c3f40ca000 JavaThread "Timer-1647"                        [_thread_blocked, id=32572, stack(0x000000bf5e200000,0x000000bf5e300000) (1024K)]
  0x000001c3f40fcdc0 JavaThread "Worker-3144: Initialize workspace"        [_thread_blocked, id=32344, stack(0x000000bf5b400000,0x000000bf5b500000) (1024K)]
  0x000001c3f40c85c0 JavaThread "Timer-1648"                        [_thread_blocked, id=32320, stack(0x000000bf5e300000,0x000000bf5e400000) (1024K)]
  0x000001c3f40ca690 JavaThread "Timer-1649"                        [_thread_blocked, id=31424, stack(0x000000bf5e400000,0x000000bf5e500000) (1024K)]
  0x000001c3f40c92e0 JavaThread "Timer-1650"                        [_thread_blocked, id=32700, stack(0x000000bf5e500000,0x000000bf5e600000) (1024K)]
  0x000001c3f40c8c50 JavaThread "Timer-1651"                        [_thread_blocked, id=32380, stack(0x000000bf5e600000,0x000000bf5e700000) (1024K)]
  0x000001c3f40c9970 JavaThread "Timer-1652"                        [_thread_blocked, id=32436, stack(0x000000bf5e900000,0x000000bf5ea00000) (1024K)]
  0x000001c3f40c78a0 JavaThread "Timer-1653"                        [_thread_blocked, id=27568, stack(0x000000bf5e700000,0x000000bf5e800000) (1024K)]
  0x000001c3f40cba40 JavaThread "Timer-1654"                        [_thread_blocked, id=32340, stack(0x000000bf5eb00000,0x000000bf5ec00000) (1024K)]
  0x000001c3f40cc0d0 JavaThread "Timer-1655"                        [_thread_blocked, id=31848, stack(0x000000bf5ec00000,0x000000bf5ed00000) (1024K)]
  0x000001c3f40cad20 JavaThread "Worker-3168: Initialize workspace"        [_thread_blocked, id=30032, stack(0x000000bf5da00000,0x000000bf5db00000) (1024K)]
  0x000001c3f40ce830 JavaThread "Timer-1656"                        [_thread_blocked, id=12408, stack(0x000000bf5e800000,0x000000bf5e900000) (1024K)]
  0x000001c3f40ceec0 JavaThread "Timer-1657"                        [_thread_blocked, id=6052, stack(0x000000bf5ed00000,0x000000bf5ee00000) (1024K)]
  0x000001c3f40cfbe0 JavaThread "Timer-1658"                        [_thread_blocked, id=29284, stack(0x000000bf5ef00000,0x000000bf5f000000) (1024K)]
  0x000001c3f40cc760 JavaThread "Timer-1659"                        [_thread_blocked, id=14200, stack(0x000000bf5ee00000,0x000000bf5ef00000) (1024K)]
  0x000001c3f40ccdf0 JavaThread "Timer-1660"                        [_thread_blocked, id=32744, stack(0x000000bf5f100000,0x000000bf5f200000) (1024K)]
  0x000001c3f40d0270 JavaThread "Timer-1661"                        [_thread_blocked, id=31496, stack(0x000000bf5f000000,0x000000bf5f100000) (1024K)]
  0x000001c3f40d0900 JavaThread "Timer-1662"                        [_thread_blocked, id=32504, stack(0x000000bf5f300000,0x000000bf5f400000) (1024K)]
  0x000001c3f40cd480 JavaThread "Timer-1663"                        [_thread_blocked, id=992, stack(0x000000bf5f400000,0x000000bf5f500000) (1024K)]
  0x000001c3f40d1620 JavaThread "Timer-1664"                        [_thread_blocked, id=30124, stack(0x000000bf5f500000,0x000000bf5f600000) (1024K)]
  0x000001c3f40ce1a0 JavaThread "Timer-1665"                        [_thread_blocked, id=20736, stack(0x000000bf5f600000,0x000000bf5f700000) (1024K)]
  0x000001c3f40d1cb0 JavaThread "Timer-1666"                        [_thread_blocked, id=30848, stack(0x000000bf5f700000,0x000000bf5f800000) (1024K)]
  0x000001c3f40d2340 JavaThread "Timer-1667"                        [_thread_blocked, id=29644, stack(0x000000bf5f800000,0x000000bf5f900000) (1024K)]
  0x000001c3f40d36f0 JavaThread "Timer-1668"                        [_thread_blocked, id=31948, stack(0x000000bf5fa00000,0x000000bf5fb00000) (1024K)]
  0x000001c3f40d29d0 JavaThread "Timer-1669"                        [_thread_blocked, id=32444, stack(0x000000bf5f900000,0x000000bf5fa00000) (1024K)]
  0x000001c3f40cf550 JavaThread "Timer-1670"                        [_thread_blocked, id=32528, stack(0x000000bf5fc00000,0x000000bf5fd00000) (1024K)]
  0x000001c3f40d3d80 JavaThread "Timer-1671"                        [_thread_blocked, id=16672, stack(0x000000bf5fd00000,0x000000bf5fe00000) (1024K)]
  0x000001c3f40d4aa0 JavaThread "Timer-1672"                        [_thread_blocked, id=32432, stack(0x000000bf5fe00000,0x000000bf5ff00000) (1024K)]
  0x000001c3f40d64e0 JavaThread "Timer-1673"                        [_thread_blocked, id=22360, stack(0x000000bf5ff00000,0x000000bf60000000) (1024K)]
  0x000001c3f40d5130 JavaThread "Timer-1674"                        [_thread_blocked, id=11548, stack(0x000000bf60100000,0x000000bf60200000) (1024K)]
  0x000001c3f40d57c0 JavaThread "Timer-1675"                        [_thread_blocked, id=32564, stack(0x000000bf60000000,0x000000bf60100000) (1024K)]
  0x000001c3f40d5e50 JavaThread "Timer-1676"                        [_thread_blocked, id=18184, stack(0x000000bf60300000,0x000000bf60400000) (1024K)]
  0x000001c3f40d3060 JavaThread "Timer-1677"                        [_thread_blocked, id=32392, stack(0x000000bf60200000,0x000000bf60300000) (1024K)]
  0x000001c3f40d85b0 JavaThread "Timer-1678"                        [_thread_blocked, id=32644, stack(0x000000bf60500000,0x000000bf60600000) (1024K)]
  0x000001c3f40d6b70 JavaThread "Timer-1679"                        [_thread_blocked, id=28812, stack(0x000000bf60700000,0x000000bf60800000) (1024K)]
  0x000001c3f40d92d0 JavaThread "Timer-1680"                        [_thread_blocked, id=32472, stack(0x000000bf60800000,0x000000bf60900000) (1024K)]
  0x000001c3f40d0f90 JavaThread "Timer-1681"                        [_thread_blocked, id=31484, stack(0x000000bf5fb00000,0x000000bf5fc00000) (1024K)]
  0x000001c3f40dad10 JavaThread "Timer-1682"                        [_thread_blocked, id=28068, stack(0x000000bf60a00000,0x000000bf60b00000) (1024K)]
  0x000001c3f40d8c40 JavaThread "Timer-1683"                        [_thread_blocked, id=31904, stack(0x000000bf60900000,0x000000bf60a00000) (1024K)]
  0x000001c3f40d9960 JavaThread "Timer-1684"                        [_thread_blocked, id=14576, stack(0x000000bf60c00000,0x000000bf60d00000) (1024K)]
  0x000001c3f40d7890 JavaThread "Timer-1685"                        [_thread_blocked, id=32624, stack(0x000000bf60b00000,0x000000bf60c00000) (1024K)]
  0x000001c3f40dd470 JavaThread "Timer-1686"                        [_thread_blocked, id=440, stack(0x000000bf60e00000,0x000000bf60f00000) (1024K)]
  0x000001c3f40db3a0 JavaThread "Timer-1687"                        [_thread_blocked, id=6756, stack(0x000000bf61000000,0x000000bf61100000) (1024K)]
  0x000001c3f40ddb00 JavaThread "Timer-1688"                        [_thread_blocked, id=31112, stack(0x000000bf61300000,0x000000bf61400000) (1024K)]
  0x000001c3f40da680 JavaThread "Timer-1689"                        [_thread_blocked, id=32476, stack(0x000000bf60600000,0x000000bf60700000) (1024K)]
  0x000001c3f40d7200 JavaThread "Timer-1690"                        [_thread_blocked, id=32404, stack(0x000000bf60f00000,0x000000bf61000000) (1024K)]
  0x000001c3f40de190 JavaThread "Timer-1691"                        [_thread_blocked, id=32500, stack(0x000000bf61200000,0x000000bf61300000) (1024K)]
  0x000001c3f40dba30 JavaThread "Timer-1692"                        [_thread_blocked, id=19140, stack(0x000000bf61500000,0x000000bf61600000) (1024K)]
  0x000001c3f40de820 JavaThread "Timer-1693"                        [_thread_blocked, id=32004, stack(0x000000bf61400000,0x000000bf61500000) (1024K)]
  0x000001c3f40dcde0 JavaThread "Timer-1694"                        [_thread_blocked, id=32736, stack(0x000000bf61700000,0x000000bf61800000) (1024K)]
  0x000001c3f40e1610 JavaThread "Timer-1695"                        [_thread_blocked, id=32488, stack(0x000000bf61900000,0x000000bf61a00000) (1024K)]
  0x000001c3f40dc0c0 JavaThread "Timer-1696"                        [_thread_blocked, id=30172, stack(0x000000bf61800000,0x000000bf61900000) (1024K)]
  0x000001c3f40dfbd0 JavaThread "Timer-1697"                        [_thread_blocked, id=32188, stack(0x000000bf61a00000,0x000000bf61b00000) (1024K)]
  0x000001c3f40dc750 JavaThread "Timer-1698"                        [_thread_blocked, id=32336, stack(0x000000bf61c00000,0x000000bf61d00000) (1024K)]
  0x000001c3f40e0260 JavaThread "Timer-1699"                        [_thread_blocked, id=21380, stack(0x000000bf61b00000,0x000000bf61c00000) (1024K)]
  0x000001c3f40e0f80 JavaThread "Timer-1700"                        [_thread_blocked, id=32012, stack(0x000000bf61e00000,0x000000bf61f00000) (1024K)]
  0x000001c3f40e08f0 JavaThread "Timer-1701"                        [_thread_blocked, id=29524, stack(0x000000bf61d00000,0x000000bf61e00000) (1024K)]
  0x000001c3f40e1ca0 JavaThread "Timer-1702"                        [_thread_blocked, id=29124, stack(0x000000bf62000000,0x000000bf62100000) (1024K)]
  0x000001c3f40e36e0 JavaThread "Timer-1703"                        [_thread_blocked, id=20748, stack(0x000000bf62100000,0x000000bf62200000) (1024K)]
  0x000001c3f40df540 JavaThread "Worker-3296: Initialize workspace"        [_thread_blocked, id=29088, stack(0x000000bf61f00000,0x000000bf62000000) (1024K)]
  0x000001c3f40e4a90 JavaThread "Timer-1704"                        [_thread_blocked, id=31052, stack(0x000000bf60d00000,0x000000bf60e00000) (1024K)]
  0x000001c3f40e5120 JavaThread "Timer-1705"                        [_thread_blocked, id=30448, stack(0x000000bf61600000,0x000000bf61700000) (1024K)]
  0x000001c3f40e4400 JavaThread "Timer-1706"                        [_thread_blocked, id=12728, stack(0x000000bf62500000,0x000000bf62600000) (1024K)]
  0x000001c3f40e57b0 JavaThread "Timer-1707"                        [_thread_blocked, id=32020, stack(0x000000bf62400000,0x000000bf62500000) (1024K)]
  0x000001c3f40e29c0 JavaThread "Timer-1708"                        [_thread_blocked, id=31088, stack(0x000000bf66d00000,0x000000bf66e00000) (1024K)]
  0x000001c3f40e64d0 JavaThread "Timer-1709"                        [_thread_blocked, id=29112, stack(0x000000bf65f00000,0x000000bf66000000) (1024K)]
  0x000001c3f40e3050 JavaThread "Timer-1710"                        [_thread_blocked, id=23828, stack(0x000000bf67300000,0x000000bf67400000) (1024K)]
  0x000001c3f40e71f0 JavaThread "Timer-1711"                        [_thread_blocked, id=32192, stack(0x000000bf67700000,0x000000bf67800000) (1024K)]
  0x000001c3f40e9950 JavaThread "Timer-1712"                        [_thread_blocked, id=8812, stack(0x000000bf67900000,0x000000bf67a00000) (1024K)]
  0x000001c3f40e6b60 JavaThread "Timer-1713"                        [_thread_blocked, id=32216, stack(0x000000bf66f00000,0x000000bf67000000) (1024K)]
  0x000001c3f40e3d70 JavaThread "Timer-1714"                        [_thread_blocked, id=17352, stack(0x000000bf67a00000,0x000000bf67b00000) (1024K)]
  0x000001c3f40e9fe0 JavaThread "Timer-1715"                        [_thread_blocked, id=6680, stack(0x000000bf67400000,0x000000bf67500000) (1024K)]
  0x000001c3f40ead00 JavaThread "Timer-1716"                        [_thread_blocked, id=32084, stack(0x000000bf67b00000,0x000000bf67c00000) (1024K)]
  0x000001c3f40e7880 JavaThread "Timer-1717"                        [_thread_blocked, id=31368, stack(0x000000bf67c00000,0x000000bf67d00000) (1024K)]
  0x000001c3f40e7f10 JavaThread "Timer-1718"                        [_thread_blocked, id=26388, stack(0x000000bf67e00000,0x000000bf67f00000) (1024K)]
  0x000001c3f40eb390 JavaThread "Timer-1719"                        [_thread_blocked, id=30396, stack(0x000000bf67f00000,0x000000bf68000000) (1024K)]
  0x000001c3f40e8c30 JavaThread "Worker-3332: Initialize workspace"        [_thread_blocked, id=29592, stack(0x000000bf68000000,0x000000bf68100000) (1024K)]
  0x000001c3f40e92c0 JavaThread "Timer-1720"                        [_thread_blocked, id=14648, stack(0x000000bf67800000,0x000000bf67900000) (1024K)]
  0x000001c3f40e5e40 JavaThread "Timer-1721"                        [_thread_blocked, id=32648, stack(0x000000bf68100000,0x000000bf68200000) (1024K)]
  0x000001c3f40ec740 JavaThread "Timer-1722"                        [_thread_blocked, id=9080, stack(0x000000bf68300000,0x000000bf68400000) (1024K)]
  0x000001c3f40ed460 JavaThread "Timer-1723"                        [_thread_blocked, id=30508, stack(0x000000bf68200000,0x000000bf68300000) (1024K)]
  0x000001c3f40ecdd0 JavaThread "Timer-1724"                        [_thread_blocked, id=31952, stack(0x000000bf68500000,0x000000bf68600000) (1024K)]
  0x000001c3f40eba20 JavaThread "Timer-1725"                        [_thread_blocked, id=32156, stack(0x000000bf68400000,0x000000bf68500000) (1024K)]
  0x000001c3f40edaf0 JavaThread "Timer-1726"                        [_thread_blocked, id=32652, stack(0x000000bf68700000,0x000000bf68800000) (1024K)]
  0x000001c3f40ee810 JavaThread "Timer-1727"                        [_thread_blocked, id=27344, stack(0x000000bf68900000,0x000000bf68a00000) (1024K)]
  0x000001c3f40e85a0 JavaThread "Worker-3348: Initialize workspace"        [_thread_blocked, id=32164, stack(0x000000bf62300000,0x000000bf62400000) (1024K)]
  0x000001c3f40ea670 JavaThread "Timer-1728"                        [_thread_blocked, id=10952, stack(0x000000bf68600000,0x000000bf68700000) (1024K)]
  0x000001c3f40eeea0 JavaThread "Timer-1729"                        [_thread_blocked, id=31588, stack(0x000000bf68a00000,0x000000bf68b00000) (1024K)]
  0x000001c3f40ee180 JavaThread "Timer-1730"                        [_thread_blocked, id=26344, stack(0x000000bf68d00000,0x000000bf68e00000) (1024K)]
  0x000001c3f40f0f70 JavaThread "Timer-1731"                        [_thread_blocked, id=28876, stack(0x000000bf68c00000,0x000000bf68d00000) (1024K)]
  0x000001c3f40f2320 JavaThread "Timer-1732"                        [_thread_blocked, id=32124, stack(0x000000bf68f00000,0x000000bf69000000) (1024K)]
  0x000001c3f40ef530 JavaThread "Timer-1733"                        [_thread_blocked, id=32220, stack(0x000000bf68e00000,0x000000bf68f00000) (1024K)]
  0x000001c3f40f3040 JavaThread "Timer-1734"                        [_thread_blocked, id=32620, stack(0x000000bf69100000,0x000000bf69200000) (1024K)]
  0x000001c3f40f29b0 JavaThread "Timer-1735"                        [_thread_blocked, id=21252, stack(0x000000bf69200000,0x000000bf69300000) (1024K)]
  0x000001c3f40f08e0 JavaThread "Worker-3373: Initialize workspace"        [_thread_blocked, id=32400, stack(0x000000bf68b00000,0x000000bf68c00000) (1024K)]
  0x000001c3f40f36d0 JavaThread "Timer-1736"                        [_thread_blocked, id=32696, stack(0x000000bf69300000,0x000000bf69400000) (1024K)]
  0x000001c3f40f0250 JavaThread "Timer-1737"                        [_thread_blocked, id=32536, stack(0x000000bf69400000,0x000000bf69500000) (1024K)]
  0x000001c3f40f3d60 JavaThread "Timer-1738"                        [_thread_blocked, id=32324, stack(0x000000bf69500000,0x000000bf69600000) (1024K)]
  0x000001c3f40f43f0 JavaThread "Timer-1739"                        [_thread_blocked, id=32732, stack(0x000000bf69600000,0x000000bf69700000) (1024K)]
  0x000001c3f40f1600 JavaThread "Timer-1740"                        [_thread_blocked, id=14824, stack(0x000000bf69800000,0x000000bf69900000) (1024K)]
  0x000001c3f40f4a80 JavaThread "Timer-1741"                        [_thread_blocked, id=22224, stack(0x000000bf69700000,0x000000bf69800000) (1024K)]
  0x000001c3f40f5110 JavaThread "Timer-1742"                        [_thread_blocked, id=32136, stack(0x000000bf7f000000,0x000000bf7f100000) (1024K)]
  0x000001c3f40f8590 JavaThread "Timer-1743"                        [_thread_blocked, id=29744, stack(0x000000bf80100000,0x000000bf80200000) (1024K)]
  0x000001c3f40f7f00 JavaThread "Worker-3396: Initialize workspace"        [_thread_blocked, id=26552, stack(0x000000bf80000000,0x000000bf80100000) (1024K)]
  0x000001c3f40efbc0 JavaThread "Timer-1744"                        [_thread_blocked, id=29680, stack(0x000000bf69a00000,0x000000bf69b00000) (1024K)]
  0x000001c3f40f8c20 JavaThread "Timer-1745"                        [_thread_blocked, id=32268, stack(0x000000bf80200000,0x000000bf80300000) (1024K)]
  0x000001c3f40f57a0 JavaThread "Timer-1746"                        [_thread_blocked, id=9852, stack(0x000000bf80400000,0x000000bf80500000) (1024K)]
  0x000001c3f40f92b0 JavaThread "Timer-1747"                        [_thread_blocked, id=32284, stack(0x000000bf80300000,0x000000bf80400000) (1024K)]
  0x000001c3f40f5e30 JavaThread "Timer-1748"                        [_thread_blocked, id=22272, stack(0x000000bf80600000,0x000000bf80700000) (1024K)]
  0x000001c3f40f64c0 JavaThread "Timer-1749"                        [_thread_blocked, id=29716, stack(0x000000bf80500000,0x000000bf80600000) (1024K)]
  0x000001c3f40f9940 JavaThread "Timer-1750"                        [_thread_blocked, id=5848, stack(0x000000bf80800000,0x000000bf80900000) (1024K)]
  0x000001c3f40fa660 JavaThread "Timer-1751"                        [_thread_blocked, id=27408, stack(0x000000bf80b00000,0x000000bf80c00000) (1024K)]
  0x000001c3f40f6b50 JavaThread "Timer-1752"                        [_thread_blocked, id=27180, stack(0x000000bf80900000,0x000000bf80a00000) (1024K)]
  0x000001c3f40f71e0 JavaThread "Timer-1753"                        [_thread_blocked, id=30232, stack(0x000000bf80a00000,0x000000bf80b00000) (1024K)]
  0x000001c3f40facf0 JavaThread "Timer-1754"                        [_thread_blocked, id=30080, stack(0x000000bf80d00000,0x000000bf80e00000) (1024K)]
  0x000001c3f40f7870 JavaThread "Timer-1755"                        [_thread_blocked, id=26352, stack(0x000000bf80c00000,0x000000bf80d00000) (1024K)]
  0x000001c3f40fb380 JavaThread "Timer-1756"                        [_thread_blocked, id=30132, stack(0x000000bf81100000,0x000000bf81200000) (1024K)]
  0x000001c3f40fba10 JavaThread "Timer-1757"                        [_thread_blocked, id=31016, stack(0x000000bf81000000,0x000000bf81100000) (1024K)]
  0x000001c3f4105e20 JavaThread "Timer-1758"                        [_thread_blocked, id=28652, stack(0x000000bf81300000,0x000000bf81400000) (1024K)]
  0x000001c3e1318720 JavaThread "Timer-1759"                        [_thread_blocked, id=32428, stack(0x000000bf81400000,0x000000bf81500000) (1024K)]
  0x000001c3f40f1c90 JavaThread "Worker-3438: Initialize workspace"        [_thread_blocked, id=21712, stack(0x000000bf67d00000,0x000000bf67e00000) (1024K)]
  0x000001c3f40d7f20 JavaThread "Timer-1760"                        [_thread_blocked, id=28804, stack(0x000000bf81200000,0x000000bf81300000) (1024K)]
  0x000001c3e16aaee0 JavaThread "Timer-1761"                        [_thread_blocked, id=27448, stack(0x000000bf81600000,0x000000bf81700000) (1024K)]
  0x000001c3e131dc70 JavaThread "Timer-1762"                        [_thread_blocked, id=31228, stack(0x000000bf81700000,0x000000bf81800000) (1024K)]
  0x000001c3ec994490 JavaThread "Timer-1763"                        [_thread_blocked, id=25888, stack(0x000000bf81800000,0x000000bf81900000) (1024K)]
  0x000001c3ec993e00 JavaThread "Timer-1764"                        [_thread_blocked, id=32240, stack(0x000000bf81a00000,0x000000bf81b00000) (1024K)]
  0x000001c3ec9951b0 JavaThread "Timer-1765"                        [_thread_blocked, id=30272, stack(0x000000bf81900000,0x000000bf81a00000) (1024K)]
  0x000001c3ec994b20 JavaThread "Timer-1766"                        [_thread_blocked, id=31132, stack(0x000000bf81c00000,0x000000bf81d00000) (1024K)]
  0x000001c3ec991d30 JavaThread "Timer-1767"                        [_thread_blocked, id=32212, stack(0x000000bf81d00000,0x000000bf81e00000) (1024K)]
  0x000001c3ec995840 JavaThread "Worker-3460: Initialize workspace"        [_thread_blocked, id=14432, stack(0x000000bf69000000,0x000000bf69100000) (1024K)]
  0x000001c3ec9923c0 JavaThread "Timer-1768"                        [_thread_blocked, id=29204, stack(0x000000bf81e00000,0x000000bf81f00000) (1024K)]
  0x000001c3ec992a50 JavaThread "Timer-1769"                        [_thread_blocked, id=30860, stack(0x000000bf81f00000,0x000000bf82000000) (1024K)]
  0x000001c3ec995ed0 JavaThread "Timer-1770"                        [_thread_blocked, id=1816, stack(0x000000bf82000000,0x000000bf82100000) (1024K)]
  0x000001c3ec996560 JavaThread "Timer-1771"                        [_thread_blocked, id=31528, stack(0x000000bf82100000,0x000000bf82200000) (1024K)]
  0x000001c3ec9930e0 JavaThread "Timer-1772"                        [_thread_blocked, id=24896, stack(0x000000bf82300000,0x000000bf82400000) (1024K)]
  0x000001c3ec99a070 JavaThread "Timer-1773"                        [_thread_blocked, id=30348, stack(0x000000bf82200000,0x000000bf82300000) (1024K)]
  0x000001c3ec997280 JavaThread "Timer-1774"                        [_thread_blocked, id=32356, stack(0x000000bf82500000,0x000000bf82600000) (1024K)]
  0x000001c3ec997fa0 JavaThread "Timer-1775"                        [_thread_blocked, id=32440, stack(0x000000bf82600000,0x000000bf82700000) (1024K)]
  0x000001c3ec993770 JavaThread "Timer-1776"                        [_thread_blocked, id=27900, stack(0x000000bf81b00000,0x000000bf81c00000) (1024K)]
  0x000001c3ec999350 JavaThread "Timer-1777"                        [_thread_blocked, id=32616, stack(0x000000bf82800000,0x000000bf82900000) (1024K)]
  0x000001c3ec9999e0 JavaThread "Timer-1778"                        [_thread_blocked, id=31888, stack(0x000000bf82a00000,0x000000bf82b00000) (1024K)]
  0x000001c3ec99a700 JavaThread "Timer-1779"                        [_thread_blocked, id=32716, stack(0x000000bf82900000,0x000000bf82a00000) (1024K)]
  0x000001c3ec997910 JavaThread "Timer-1780"                        [_thread_blocked, id=30012, stack(0x000000bf82c00000,0x000000bf82d00000) (1024K)]
  0x000001c3ec99b420 JavaThread "Timer-1781"                        [_thread_blocked, id=29916, stack(0x000000bf82b00000,0x000000bf82c00000) (1024K)]
  0x000001c3ec99bab0 JavaThread "Timer-1782"                        [_thread_blocked, id=32248, stack(0x000000bf82e00000,0x000000bf82f00000) (1024K)]
  0x000001c3ec99db80 JavaThread "Timer-1783"                        [_thread_blocked, id=30332, stack(0x000000bf83000000,0x000000bf83100000) (1024K)]
  0x000001c3ec998630 JavaThread "Worker-3508: Initialize workspace"        [_thread_blocked, id=12772, stack(0x000000bf82400000,0x000000bf82500000) (1024K)]
  0x000001c3ec998cc0 JavaThread "Timer-1784"                        [_thread_blocked, id=29100, stack(0x000000bf82f00000,0x000000bf83000000) (1024K)]
  0x000001c3ec99c7d0 JavaThread "Timer-1785"                        [_thread_blocked, id=29412, stack(0x000000bf83100000,0x000000bf83200000) (1024K)]
  0x000001c3ec99e210 JavaThread "Timer-1786"                        [_thread_blocked, id=30700, stack(0x000000bf83200000,0x000000bf83300000) (1024K)]
  0x000001c3ec9a02e0 JavaThread "Timer-1787"                        [_thread_blocked, id=14728, stack(0x000000bf83300000,0x000000bf83400000) (1024K)]
  0x000001c3ec99e8a0 JavaThread "Timer-1788"                        [_thread_blocked, id=32704, stack(0x000000bf83500000,0x000000bf83600000) (1024K)]
  0x000001c3ec99ef30 JavaThread "Timer-1789"                        [_thread_blocked, id=32984, stack(0x000000bf83400000,0x000000bf83500000) (1024K)]
  0x000001c3ec99fc50 JavaThread "Timer-1790"                        [_thread_blocked, id=32992, stack(0x000000bf83700000,0x000000bf83800000) (1024K)]
  0x000001c3ec99ce60 JavaThread "Timer-1791"                        [_thread_blocked, id=33020, stack(0x000000bf83800000,0x000000bf83900000) (1024K)]
  0x000001c3ec9a0970 JavaThread "Timer-1792"                        [_thread_blocked, id=33620, stack(0x000000bf83900000,0x000000bf83a00000) (1024K)]
  0x000001c3ec9a2a40 JavaThread "Timer-1793"                        [_thread_blocked, id=33632, stack(0x000000bf83b00000,0x000000bf83c00000) (1024K)]
  0x000001c3ec99d4f0 JavaThread "Timer-1794"                        [_thread_blocked, id=33640, stack(0x000000bf83a00000,0x000000bf83b00000) (1024K)]
  0x000001c3ec9a23b0 JavaThread "Timer-1795"                        [_thread_blocked, id=33656, stack(0x000000bf83c00000,0x000000bf83d00000) (1024K)]
  0x000001c3ec9a4480 JavaThread "Timer-1796"                        [_thread_blocked, id=33664, stack(0x000000bf83e00000,0x000000bf83f00000) (1024K)]
  0x000001c3ec9a4b10 JavaThread "Timer-1797"                        [_thread_blocked, id=3772, stack(0x000000bf83d00000,0x000000bf83e00000) (1024K)]
  0x000001c3ec9a30d0 JavaThread "Timer-1798"                        [_thread_blocked, id=32512, stack(0x000000bf84000000,0x000000bf84100000) (1024K)]
  0x000001c3ec9a3df0 JavaThread "Timer-1799"                        [_thread_blocked, id=32864, stack(0x000000bf84200000,0x000000bf84300000) (1024K)]
  0x000001c3ec99c140 JavaThread "Worker-3550: Initialize workspace"        [_thread_blocked, id=33340, stack(0x000000bf82d00000,0x000000bf82e00000) (1024K)]
  0x000001c3ec99ad90 JavaThread "Timer-1800"                        [_thread_blocked, id=33260, stack(0x000000bf82700000,0x000000bf82800000) (1024K)]
  0x000001c3ec9a51a0 JavaThread "Timer-1801"                        [_thread_blocked, id=33440, stack(0x000000bf84100000,0x000000bf84200000) (1024K)]
  0x000001c3ec9a1d20 JavaThread "Timer-1802"                        [_thread_blocked, id=29472, stack(0x000000bf84500000,0x000000bf84600000) (1024K)]
  0x000001c3ec9a6be0 JavaThread "Timer-1803"                        [_thread_blocked, id=31216, stack(0x000000bf84400000,0x000000bf84500000) (1024K)]
  0x000001c3ec9a7270 JavaThread "Timer-1804"                        [_thread_blocked, id=33484, stack(0x000000bf84700000,0x000000bf84800000) (1024K)]
  0x000001c3ec9a7900 JavaThread "Timer-1805"                        [_thread_blocked, id=32872, stack(0x000000bf84600000,0x000000bf84700000) (1024K)]
  0x000001c3ec9a8620 JavaThread "Timer-1806"                        [_thread_blocked, id=32772, stack(0x000000bf84900000,0x000000bf84a00000) (1024K)]
  0x000001c3ec9a8cb0 JavaThread "Timer-1807"                        [_thread_blocked, id=32776, stack(0x000000bf84a00000,0x000000bf84b00000) (1024K)]
  0x000001c3ec9a1690 JavaThread "Timer-1808"                        [_thread_blocked, id=31224, stack(0x000000bf83f00000,0x000000bf84000000) (1024K)]
  0x000001c3ec9a5ec0 JavaThread "Timer-1809"                        [_thread_blocked, id=32824, stack(0x000000bf84c00000,0x000000bf84d00000) (1024K)]
  0x000001c3ec9a6550 JavaThread "Timer-1810"                        [_thread_blocked, id=32412, stack(0x000000bf84e00000,0x000000bf84f00000) (1024K)]
  0x000001c3ec9a99d0 JavaThread "Timer-1811"                        [_thread_blocked, id=31976, stack(0x000000bf84d00000,0x000000bf84e00000) (1024K)]
  0x000001c3ec9abaa0 JavaThread "Timer-1812"                        [_thread_blocked, id=30156, stack(0x000000bf85000000,0x000000bf85100000) (1024K)]
  0x000001c3ec9a9340 JavaThread "Timer-1813"                        [_thread_blocked, id=33520, stack(0x000000bf84f00000,0x000000bf85000000) (1024K)]
  0x000001c3ec9aa6f0 JavaThread "Timer-1814"                        [_thread_blocked, id=28720, stack(0x000000bf85200000,0x000000bf85300000) (1024K)]
  0x000001c3ec9aad80 JavaThread "Timer-1815"                        [_thread_blocked, id=33224, stack(0x000000bf85300000,0x000000bf85400000) (1024K)]
  0x000001c3ec9a7f90 JavaThread "Timer-1816"                        [_thread_blocked, id=33280, stack(0x000000bf85400000,0x000000bf85500000) (1024K)]
  0x000001c3ec9ac7c0 JavaThread "Timer-1817"                        [_thread_blocked, id=33400, stack(0x000000bf85500000,0x000000bf85600000) (1024K)]
  0x000001c3ec9ae200 JavaThread "Timer-1818"                        [_thread_blocked, id=6132, stack(0x000000bf85700000,0x000000bf85800000) (1024K)]
  0x000001c3ec9ace50 JavaThread "Timer-1819"                        [_thread_blocked, id=32896, stack(0x000000bf85600000,0x000000bf85700000) (1024K)]
  0x000001c3ec9adb70 JavaThread "Timer-1820"                        [_thread_blocked, id=32236, stack(0x000000bf85900000,0x000000bf85a00000) (1024K)]
  0x000001c3ec9ae890 JavaThread "Timer-1821"                        [_thread_blocked, id=33532, stack(0x000000bf85800000,0x000000bf85900000) (1024K)]
  0x000001c3ec9ad4e0 JavaThread "Timer-1822"                        [_thread_blocked, id=33328, stack(0x000000bf85b00000,0x000000bf85c00000) (1024K)]
  0x000001c3ec9af5b0 JavaThread "Timer-1823"                        [_thread_blocked, id=33444, stack(0x000000bf85c00000,0x000000bf85d00000) (1024K)]
  0x000001c3ec9a5830 JavaThread "Worker-3608: Initialize workspace"        [_thread_blocked, id=33268, stack(0x000000bf84800000,0x000000bf84900000) (1024K)]
  0x000001c3ec9b1d10 JavaThread "Timer-1824"                        [_thread_blocked, id=33232, stack(0x000000bf85d00000,0x000000bf85e00000) (1024K)]
  0x000001c3ec9b23a0 JavaThread "Timer-1825"                        [_thread_blocked, id=30764, stack(0x000000bf85e00000,0x000000bf85f00000) (1024K)]
  0x000001c3ec9b0ff0 JavaThread "Timer-1826"                        [_thread_blocked, id=33028, stack(0x000000bf85f00000,0x000000bf86000000) (1024K)]
  0x000001c3ec9b2a30 JavaThread "Timer-1827"                        [_thread_blocked, id=33076, stack(0x000000bf86000000,0x000000bf86100000) (1024K)]
  0x000001c3ec9b30c0 JavaThread "Timer-1828"                        [_thread_blocked, id=33688, stack(0x000000bf86200000,0x000000bf86300000) (1024K)]
  0x000001c3ec9b0960 JavaThread "Timer-1829"                        [_thread_blocked, id=33644, stack(0x000000bf86100000,0x000000bf86200000) (1024K)]
  0x000001c3ec9afc40 JavaThread "Timer-1830"                        [_thread_blocked, id=32544, stack(0x000000bf86300000,0x000000bf86400000) (1024K)]
  0x000001c3ec9b02d0 JavaThread "Timer-1831"                        [_thread_blocked, id=12604, stack(0x000000bf86500000,0x000000bf86600000) (1024K)]
  0x000001c3ec9ac130 JavaThread "Worker-3630: Initialize workspace"        [_thread_blocked, id=33528, stack(0x000000bf85a00000,0x000000bf85b00000) (1024K)]
  0x000001c3ec9b3de0 JavaThread "Timer-1832"                        [_thread_blocked, id=33088, stack(0x000000bf86600000,0x000000bf86700000) (1024K)]
  0x000001c3ec9b4470 JavaThread "Timer-1833"                        [_thread_blocked, id=33420, stack(0x000000bf86700000,0x000000bf86800000) (1024K)]
  0x000001c3ec9b4b00 JavaThread "Timer-1834"                        [_thread_blocked, id=31144, stack(0x000000bf86900000,0x000000bf86a00000) (1024K)]
  0x000001c3ec9b1680 JavaThread "Timer-1835"                        [_thread_blocked, id=33160, stack(0x000000bf86800000,0x000000bf86900000) (1024K)]
  0x000001c3ec9b7260 JavaThread "Timer-1836"                        [_thread_blocked, id=33672, stack(0x000000bf86b00000,0x000000bf86c00000) (1024K)]
  0x000001c3ec9b5eb0 JavaThread "Timer-1837"                        [_thread_blocked, id=26284, stack(0x000000bf86a00000,0x000000bf86b00000) (1024K)]
  0x000001c3ec9b6540 JavaThread "Timer-1838"                        [_thread_blocked, id=18876, stack(0x000000bf86d00000,0x000000bf86e00000) (1024K)]
  0x000001c3ec9b5820 JavaThread "Timer-1839"                        [_thread_blocked, id=33732, stack(0x000000bf86f00000,0x000000bf87000000) (1024K)]
  0x000001c3ec979370 JavaThread "Timer-1840"                        [_thread_blocked, id=32948, stack(0x000000bf87300000,0x000000bf87400000) (1024K)]
  0x000001c3ec97a720 JavaThread "Timer-1841"                        [_thread_blocked, id=33496, stack(0x000000bf86c00000,0x000000bf86d00000) (1024K)]
  0x000001c3ec979a00 JavaThread "Timer-1842"                        [_thread_blocked, id=30400, stack(0x000000bf85100000,0x000000bf85200000) (1024K)]
  0x000001c3ec97a090 JavaThread "Timer-1843"                        [_thread_blocked, id=33200, stack(0x000000bf86e00000,0x000000bf86f00000) (1024K)]
  0x000001c3ec97adb0 JavaThread "Timer-1844"                        [_thread_blocked, id=33116, stack(0x000000bf87400000,0x000000bf87500000) (1024K)]
  0x000001c3ec97b440 JavaThread "Timer-1845"                        [_thread_blocked, id=33616, stack(0x000000bf87100000,0x000000bf87200000) (1024K)]
  0x000001c3ec978650 JavaThread "Timer-1846"                        [_thread_blocked, id=33112, stack(0x000000bf87600000,0x000000bf87700000) (1024K)]
  0x000001c3ec97c160 JavaThread "Timer-1847"                        [_thread_blocked, id=7988, stack(0x000000bf87700000,0x000000bf87800000) (1024K)]
  0x000001c3ec9aef20 JavaThread "Worker-3674: Initialize workspace"        [_thread_blocked, id=33156, stack(0x000000bf87000000,0x000000bf87100000) (1024K)]
  0x000001c3ec9b78f0 JavaThread "Timer-1848"                        [_thread_blocked, id=33780, stack(0x000000bf87500000,0x000000bf87600000) (1024K)]
  0x000001c3ec9b5190 JavaThread "Timer-1849"                        [_thread_blocked, id=30328, stack(0x000000bf87800000,0x000000bf87900000) (1024K)]
  0x000001c3ec977930 JavaThread "Timer-1850"                        [_thread_blocked, id=32228, stack(0x000000bf87b00000,0x000000bf87c00000) (1024K)]
  0x000001c3ec977fc0 JavaThread "Timer-1851"                        [_thread_blocked, id=33624, stack(0x000000bf87900000,0x000000bf87a00000) (1024K)]
  0x000001c3ec97c7f0 JavaThread "Timer-1852"                        [_thread_blocked, id=13704, stack(0x000000bf87d00000,0x000000bf87e00000) (1024K)]
  0x000001c3ec97ce80 JavaThread "Timer-1853"                        [_thread_blocked, id=31468, stack(0x000000bf87c00000,0x000000bf87d00000) (1024K)]
  0x000001c3ec97e8c0 JavaThread "Timer-1854"                        [_thread_blocked, id=33720, stack(0x000000bf87f00000,0x000000bf88000000) (1024K)]
  0x000001c3ec97dba0 JavaThread "Timer-1855"                        [_thread_blocked, id=33228, stack(0x000000bf88100000,0x000000bf88200000) (1024K)]
  0x000001c3ec97ef50 JavaThread "Timer-1856"                        [_thread_blocked, id=30020, stack(0x000000bf88000000,0x000000bf88100000) (1024K)]
  0x000001c3ec97bad0 JavaThread "Timer-1857"                        [_thread_blocked, id=33560, stack(0x000000bf88200000,0x000000bf88300000) (1024K)]
  0x000001c3ec980300 JavaThread "Timer-1858"                        [_thread_blocked, id=27400, stack(0x000000bf88400000,0x000000bf88500000) (1024K)]
  0x000001c3ec981d40 JavaThread "Timer-1859"                        [_thread_blocked, id=33136, stack(0x000000bf88300000,0x000000bf88400000) (1024K)]
  0x000001c3ec97fc70 JavaThread "Timer-1860"                        [_thread_blocked, id=33572, stack(0x000000bf88600000,0x000000bf88700000) (1024K)]
  0x000001c3ec97f5e0 JavaThread "Timer-1861"                        [_thread_blocked, id=33244, stack(0x000000bf88500000,0x000000bf88600000) (1024K)]
  0x000001c3ec9816b0 JavaThread "Timer-1862"                        [_thread_blocked, id=33236, stack(0x000000bf88800000,0x000000bf88900000) (1024K)]
  0x000001c3ec981020 JavaThread "Timer-1863"                        [_thread_blocked, id=31640, stack(0x000000bf88a00000,0x000000bf88b00000) (1024K)]
  0x000001c3ec9851c0 JavaThread "Timer-1864"                        [_thread_blocked, id=30280, stack(0x000000bf88b00000,0x000000bf88c00000) (1024K)]
  0x000001c3ec980990 JavaThread "Timer-1865"                        [_thread_blocked, id=32792, stack(0x000000bf87200000,0x000000bf87300000) (1024K)]
  0x000001c3ec9823d0 JavaThread "Timer-1866"                        [_thread_blocked, id=33556, stack(0x000000bf88d00000,0x000000bf88e00000) (1024K)]
  0x000001c3ec984b30 JavaThread "Timer-1867"                        [_thread_blocked, id=33072, stack(0x000000bf88c00000,0x000000bf88d00000) (1024K)]
  0x000001c3ec982a60 JavaThread "Timer-1868"                        [_thread_blocked, id=30968, stack(0x000000bf88f00000,0x000000bf89000000) (1024K)]
  0x000001c3ec983780 JavaThread "Timer-1869"                        [_thread_blocked, id=16176, stack(0x000000bf88e00000,0x000000bf88f00000) (1024K)]
  0x000001c3ec983e10 JavaThread "Timer-1870"                        [_thread_blocked, id=3516, stack(0x000000bf89100000,0x000000bf89200000) (1024K)]
  0x000001c3ec986570 JavaThread "Timer-1871"                        [_thread_blocked, id=26760, stack(0x000000bf89300000,0x000000bf89400000) (1024K)]
  0x000001c3ec985850 JavaThread "Worker-3736: Initialize workspace"        [_thread_blocked, id=31928, stack(0x000000bf89000000,0x000000bf89100000) (1024K)]
  0x000001c3ec9830f0 JavaThread "Timer-1872"                        [_thread_blocked, id=31024, stack(0x000000bf89200000,0x000000bf89300000) (1024K)]
  0x000001c3ec987290 JavaThread "Timer-1873"                        [_thread_blocked, id=29944, stack(0x000000bf89400000,0x000000bf89500000) (1024K)]
  0x000001c3ec986c00 JavaThread "Timer-1874"                        [_thread_blocked, id=33584, stack(0x000000bf89600000,0x000000bf89700000) (1024K)]
  0x000001c3ec987920 JavaThread "Timer-1875"                        [_thread_blocked, id=32516, stack(0x000000bf89500000,0x000000bf89600000) (1024K)]
  0x000001c3ec9844a0 JavaThread "Timer-1876"                        [_thread_blocked, id=33588, stack(0x000000bf89800000,0x000000bf89900000) (1024K)]
  0x000001c3ec9899f0 JavaThread "Timer-1877"                        [_thread_blocked, id=33728, stack(0x000000bf89700000,0x000000bf89800000) (1024K)]
  0x000001c3ec988640 JavaThread "Timer-1878"                        [_thread_blocked, id=31596, stack(0x000000bf89a00000,0x000000bf89b00000) (1024K)]
  0x000001c3ec987fb0 JavaThread "Timer-1879"                        [_thread_blocked, id=27224, stack(0x000000bf89c00000,0x000000bf89d00000) (1024K)]
  0x000001c3ec988cd0 JavaThread "Worker-3761: Initialize workspace"        [_thread_blocked, id=21536, stack(0x000000bf88900000,0x000000bf88a00000) (1024K)]
  0x000001c3ec98bac0 JavaThread "Timer-1880"                        [_thread_blocked, id=32224, stack(0x000000bf89d00000,0x000000bf89e00000) (1024K)]
  0x000001c3ec98c150 JavaThread "Timer-1881"                        [_thread_blocked, id=29756, stack(0x000000bf89e00000,0x000000bf89f00000) (1024K)]
  0x000001c3ec98ada0 JavaThread "Timer-1882"                        [_thread_blocked, id=32880, stack(0x000000bf89900000,0x000000bf89a00000) (1024K)]
  0x000001c3ec98c7e0 JavaThread "Timer-1883"                        [_thread_blocked, id=10784, stack(0x000000bf89f00000,0x000000bf8a000000) (1024K)]
  0x000001c3ec989360 JavaThread "Timer-1884"                        [_thread_blocked, id=32932, stack(0x000000bf8a100000,0x000000bf8a200000) (1024K)]
  0x000001c3ec98b430 JavaThread "Timer-1885"                        [_thread_blocked, id=31168, stack(0x000000bf8a000000,0x000000bf8a100000) (1024K)]
  0x000001c3ec98d500 JavaThread "Timer-1886"                        [_thread_blocked, id=29468, stack(0x000000bf8a300000,0x000000bf8a400000) (1024K)]
  0x000001c3ec98db90 JavaThread "Timer-1887"                        [_thread_blocked, id=33176, stack(0x000000bf8a500000,0x000000bf8a600000) (1024K)]
  0x000001c3ec98ce70 JavaThread "Timer-1888"                        [_thread_blocked, id=30224, stack(0x000000bf8a200000,0x000000bf8a300000) (1024K)]
  0x000001c3ec98a710 JavaThread "Timer-1889"                        [_thread_blocked, id=9692, stack(0x000000bf8a600000,0x000000bf8a700000) (1024K)]
  0x000001c3ec98f5d0 JavaThread "Timer-1890"                        [_thread_blocked, id=33516, stack(0x000000bf8a700000,0x000000bf8a800000) (1024K)]
  0x000001c3ec9902f0 JavaThread "Timer-1891"                        [_thread_blocked, id=10132, stack(0x000000bf8a800000,0x000000bf8a900000) (1024K)]
  0x000001c3ec98fc60 JavaThread "Timer-1892"                        [_thread_blocked, id=33424, stack(0x000000bf8aa00000,0x000000bf8ab00000) (1024K)]
  0x000001c3ec990980 JavaThread "Timer-1893"                        [_thread_blocked, id=21104, stack(0x000000bf5a900000,0x000000bf5aa00000) (1024K)]
  0x000001c3ec9916a0 JavaThread "Timer-1894"                        [_thread_blocked, id=33416, stack(0x000000bf8ab00000,0x000000bf8ac00000) (1024K)]
  0x000001c3ec98e8b0 JavaThread "Timer-1895"                        [_thread_blocked, id=20020, stack(0x000000bf8ad00000,0x000000bf8ae00000) (1024K)]
  0x000001c3ec98a080 JavaThread "Timer-1896"                        [_thread_blocked, id=21168, stack(0x000000bf8a900000,0x000000bf8aa00000) (1024K)]
  0x000001c3ec991010 JavaThread "Timer-1897"                        [_thread_blocked, id=2784, stack(0x000000bf8ac00000,0x000000bf8ad00000) (1024K)]
  0x000001c3ec98ef40 JavaThread "Timer-1898"                        [_thread_blocked, id=31460, stack(0x000000bf8b000000,0x000000bf8b100000) (1024K)]
  0x000001c3ec9b3750 JavaThread "Timer-1899"                        [_thread_blocked, id=17564, stack(0x000000bf8af00000,0x000000bf8b000000) (1024K)]
  0x000001c3f40ec0b0 JavaThread "Timer-1900"                        [_thread_blocked, id=18348, stack(0x000000bf8b200000,0x000000bf8b300000) (1024K)]
  0x000001c3e16a94a0 JavaThread "Timer-1901"                        [_thread_blocked, id=29688, stack(0x000000bf8b100000,0x000000bf8b200000) (1024K)]
  0x000001c3f0a9c360 JavaThread "Timer-1902"                        [_thread_blocked, id=27404, stack(0x000000bf8b400000,0x000000bf8b500000) (1024K)]
  0x000001c3f0a9d080 JavaThread "Timer-1903"                        [_thread_blocked, id=23324, stack(0x000000bf8b500000,0x000000bf8b600000) (1024K)]
  0x000001c3f0a9d710 JavaThread "Worker-3827: Initialize workspace"        [_thread_blocked, id=33604, stack(0x000000bf8ae00000,0x000000bf8af00000) (1024K)]
  0x000001c3f0a9e430 JavaThread "Timer-1904"                        [_thread_blocked, id=29380, stack(0x000000bf8b600000,0x000000bf8b700000) (1024K)]
  0x000001c3f0a9afb0 JavaThread "Timer-1905"                        [_thread_blocked, id=19052, stack(0x000000bf8b700000,0x000000bf8b800000) (1024K)]
  0x000001c3f0a9eac0 JavaThread "Timer-1906"                        [_thread_blocked, id=5536, stack(0x000000bf8b800000,0x000000bf8b900000) (1024K)]
  0x000001c3f0a9b640 JavaThread "Timer-1907"                        [_thread_blocked, id=22196, stack(0x000000bf8b900000,0x000000bf8ba00000) (1024K)]
  0x000001c3f0a9f150 JavaThread "Timer-1908"                        [_thread_blocked, id=31084, stack(0x000000bf8bb00000,0x000000bf8bc00000) (1024K)]
  0x000001c3f0a9bcd0 JavaThread "Timer-1909"                        [_thread_blocked, id=33368, stack(0x000000bf8ba00000,0x000000bf8bb00000) (1024K)]
  0x000001c3f0aa0b90 JavaThread "Timer-1910"                        [_thread_blocked, id=31828, stack(0x000000bf8bd00000,0x000000bf8be00000) (1024K)]
  0x000001c3f0aa2c60 JavaThread "Timer-1911"                        [_thread_blocked, id=25904, stack(0x000000bf8bc00000,0x000000bf8bd00000) (1024K)]
  0x000001c3f0a9dda0 JavaThread "Worker-3851: Initialize workspace"        [_thread_blocked, id=18208, stack(0x000000bf67000000,0x000000bf67100000) (1024K)]
  0x000001c3f0a9fe70 JavaThread "Timer-1912"                        [_thread_blocked, id=5720, stack(0x000000bf8be00000,0x000000bf8bf00000) (1024K)]
  0x000001c3f0a9c9f0 JavaThread "Timer-1913"                        [_thread_blocked, id=33064, stack(0x000000bf8bf00000,0x000000bf8c000000) (1024K)]
  0x000001c3f0aa3980 JavaThread "Timer-1914"                        [_thread_blocked, id=33212, stack(0x000000bf8c000000,0x000000bf8c100000) (1024K)]
  0x000001c3f0aa0500 JavaThread "Timer-1915"                        [_thread_blocked, id=33104, stack(0x000000bf8c100000,0x000000bf8c200000) (1024K)]
  0x000001c3f0aa4010 JavaThread "Timer-1916"                        [_thread_blocked, id=32720, stack(0x000000bf8c300000,0x000000bf8c400000) (1024K)]
  0x000001c3f0aa46a0 JavaThread "Timer-1917"                        [_thread_blocked, id=32892, stack(0x000000bf8c200000,0x000000bf8c300000) (1024K)]
  0x000001c3f0aa1220 JavaThread "Timer-1918"                        [_thread_blocked, id=10740, stack(0x000000bf8c500000,0x000000bf8c600000) (1024K)]
  0x000001c3f0aa18b0 JavaThread "Timer-1919"                        [_thread_blocked, id=33488, stack(0x000000bf8c700000,0x000000bf8c800000) (1024K)]
  0x000001c3f0aa53c0 JavaThread "Timer-1920"                        [_thread_blocked, id=31792, stack(0x000000bf8c600000,0x000000bf8c700000) (1024K)]
  0x000001c3f0aa4d30 JavaThread "Timer-1921"                        [_thread_blocked, id=19136, stack(0x000000bf8c400000,0x000000bf8c500000) (1024K)]
  0x000001c3f0aa5a50 JavaThread "Timer-1922"                        [_thread_blocked, id=30800, stack(0x000000bf8ca00000,0x000000bf8cb00000) (1024K)]
  0x000001c3f0aa25d0 JavaThread "Timer-1923"                        [_thread_blocked, id=21820, stack(0x000000bf8c800000,0x000000bf8c900000) (1024K)]
  0x000001c3f0aa60e0 JavaThread "Timer-1924"                        [_thread_blocked, id=30304, stack(0x000000bf8cc00000,0x000000bf8cd00000) (1024K)]
  0x000001c3f0aa6770 JavaThread "Timer-1925"                        [_thread_blocked, id=31540, stack(0x000000bf8cb00000,0x000000bf8cc00000) (1024K)]
  0x000001c3f0a681f0 JavaThread "Timer-1926"                        [_thread_blocked, id=26404, stack(0x000000bf8ce00000,0x000000bf8cf00000) (1024K)]
  0x000001c3f0a695a0 JavaThread "Timer-1927"                        [_thread_blocked, id=30824, stack(0x000000bf8cf00000,0x000000bf8d000000) (1024K)]
  0x000001c3f0a6a2c0 JavaThread "Timer-1928"                        [_thread_blocked, id=25340, stack(0x000000bf8d200000,0x000000bf8d300000) (1024K)]
  0x000001c3f0a67b60 JavaThread "Timer-1929"                        [_thread_blocked, id=32100, stack(0x000000bf8d000000,0x000000bf8d100000) (1024K)]
  0x000001c3f0a69c30 JavaThread "Timer-1930"                        [_thread_blocked, id=33564, stack(0x000000bf8cd00000,0x000000bf8ce00000) (1024K)]
  0x000001c3f0a674d0 JavaThread "Timer-1931"                        [_thread_blocked, id=32496, stack(0x000000bf8d300000,0x000000bf8d400000) (1024K)]
  0x000001c3f0a68880 JavaThread "Timer-1932"                        [_thread_blocked, id=30876, stack(0x000000bf8d500000,0x000000bf8d600000) (1024K)]
  0x000001c3f0a68f10 JavaThread "Timer-1933"                        [_thread_blocked, id=29532, stack(0x000000bf8d400000,0x000000bf8d500000) (1024K)]
  0x000001c3f0a66e40 JavaThread "Timer-1934"                        [_thread_blocked, id=26012, stack(0x000000bf8d700000,0x000000bf8d800000) (1024K)]
  0x000001c3f0a6b670 JavaThread "Timer-1935"                        [_thread_blocked, id=10764, stack(0x000000bf8d900000,0x000000bf8da00000) (1024K)]
  0x000001c3f0a6bd00 JavaThread "Worker-3917: Initialize workspace"        [_thread_blocked, id=24864, stack(0x000000bf8d100000,0x000000bf8d200000) (1024K)]
  0x000001c3f0a6afe0 JavaThread "Timer-1936"                        [_thread_blocked, id=30264, stack(0x000000bf8d800000,0x000000bf8d900000) (1024K)]
  0x000001c3f0a6ddd0 JavaThread "Timer-1937"                        [_thread_blocked, id=28488, stack(0x000000bf8da00000,0x000000bf8db00000) (1024K)]
  0x000001c3f0a6c390 JavaThread "Timer-1938"                        [_thread_blocked, id=23144, stack(0x000000bf8dc00000,0x000000bf8dd00000) (1024K)]
  0x000001c3f0a6ca20 JavaThread "Timer-1939"                        [_thread_blocked, id=33600, stack(0x000000bf8db00000,0x000000bf8dc00000) (1024K)]
  0x000001c3f0a6e460 JavaThread "Timer-1940"                        [_thread_blocked, id=33696, stack(0x000000bf8de00000,0x000000bf8df00000) (1024K)]
  0x000001c3f0a6d0b0 JavaThread "Timer-1941"                        [_thread_blocked, id=31308, stack(0x000000bf8dd00000,0x000000bf8de00000) (1024K)]
  0x000001c3f0a6eaf0 JavaThread "Timer-1942"                        [_thread_blocked, id=29212, stack(0x000000bf8e000000,0x000000bf8e100000) (1024K)]
  0x000001c3f0a70bc0 JavaThread "Timer-1943"                        [_thread_blocked, id=30984, stack(0x000000bf8e100000,0x000000bf8e200000) (1024K)]
  0x000001c3f0a718e0 JavaThread "Timer-1944"                        [_thread_blocked, id=32384, stack(0x000000bf8e300000,0x000000bf8e400000) (1024K)]
  0x000001c3f0a71250 JavaThread "Timer-1945"                        [_thread_blocked, id=12824, stack(0x000000bf8e200000,0x000000bf8e300000) (1024K)]
  0x000001c3f0a70530 JavaThread "Timer-1946"                        [_thread_blocked, id=1184, stack(0x000000bf8e500000,0x000000bf8e600000) (1024K)]
  0x000001c3f0a71f70 JavaThread "Timer-1947"                        [_thread_blocked, id=1192, stack(0x000000bf8e400000,0x000000bf8e500000) (1024K)]
  0x000001c3f0a72600 JavaThread "Timer-1948"                        [_thread_blocked, id=344, stack(0x000000bf8e700000,0x000000bf8e800000) (1024K)]
  0x000001c3f0a6f180 JavaThread "Timer-1949"                        [_thread_blocked, id=31360, stack(0x000000bf8e600000,0x000000bf8e700000) (1024K)]
  0x000001c3f0a72c90 JavaThread "Timer-1950"                        [_thread_blocked, id=29900, stack(0x000000bf8e900000,0x000000bf8ea00000) (1024K)]
  0x000001c3f0a73320 JavaThread "Timer-1951"                        [_thread_blocked, id=6060, stack(0x000000bf8ea00000,0x000000bf8eb00000) (1024K)]
  0x000001c3f0a6f810 JavaThread "Timer-1952"                        [_thread_blocked, id=32092, stack(0x000000bf8d600000,0x000000bf8d700000) (1024K)]
  0x000001c3f0a739b0 JavaThread "Timer-1953"                        [_thread_blocked, id=26252, stack(0x000000bf8ec00000,0x000000bf8ed00000) (1024K)]
  0x000001c3f0a76110 JavaThread "Timer-1954"                        [_thread_blocked, id=28960, stack(0x000000bf8ee00000,0x000000bf8ef00000) (1024K)]
  0x000001c3f0a74d60 JavaThread "Timer-1955"                        [_thread_blocked, id=16516, stack(0x000000bf8ed00000,0x000000bf8ee00000) (1024K)]
  0x000001c3f0a753f0 JavaThread "Timer-1956"                        [_thread_blocked, id=26264, stack(0x000000bf8f000000,0x000000bf8f100000) (1024K)]
  0x000001c3f0a75a80 JavaThread "Timer-1957"                        [_thread_blocked, id=29708, stack(0x000000bf8ef00000,0x000000bf8f000000) (1024K)]
  0x000001c3f0a746d0 JavaThread "Timer-1958"                        [_thread_blocked, id=31796, stack(0x000000bf8f200000,0x000000bf8f300000) (1024K)]
  0x000001c3f0a78870 JavaThread "Timer-1959"                        [_thread_blocked, id=33284, stack(0x000000bf8f300000,0x000000bf8f400000) (1024K)]
  0x000001c3f0a767a0 JavaThread "Worker-3980: Initialize workspace"        [_thread_blocked, id=33540, stack(0x000000bf8f400000,0x000000bf8f500000) (1024K)]
  0x000001c3f0a6fea0 JavaThread "Timer-1960"                        [_thread_blocked, id=29064, stack(0x000000bf8e800000,0x000000bf8e900000) (1024K)]
  0x000001c3f0a74040 JavaThread "Timer-1961"                        [_thread_blocked, id=31448, stack(0x000000bf8f100000,0x000000bf8f200000) (1024K)]
  0x000001c3f0a77b50 JavaThread "Timer-1962"                        [_thread_blocked, id=33568, stack(0x000000bf8f700000,0x000000bf8f800000) (1024K)]
  0x000001c3f0a781e0 JavaThread "Timer-1963"                        [_thread_blocked, id=20068, stack(0x000000bf8f600000,0x000000bf8f700000) (1024K)]
  0x000001c3f0a78f00 JavaThread "Timer-1964"                        [_thread_blocked, id=15100, stack(0x000000bf8f900000,0x000000bf8fa00000) (1024K)]
  0x000001c3f0a79590 JavaThread "Timer-1965"                        [_thread_blocked, id=30952, stack(0x000000bf8f800000,0x000000bf8f900000) (1024K)]
  0x000001c3f0a79c20 JavaThread "Timer-1966"                        [_thread_blocked, id=23980, stack(0x000000bf8fb00000,0x000000bf8fc00000) (1024K)]
  0x000001c3f0a76e30 JavaThread "Timer-1967"                        [_thread_blocked, id=31532, stack(0x000000bf8fc00000,0x000000bf8fd00000) (1024K)]
  0x000001c3f0a7a2b0 JavaThread "Worker-3996: Initialize workspace"        [_thread_blocked, id=18600, stack(0x000000bf8fa00000,0x000000bf8fb00000) (1024K)]
  0x000001c3f0a667b0 JavaThread "Worker-4000: Initialize workspace"        [_thread_blocked, id=32292, stack(0x000000bf8b300000,0x000000bf8b400000) (1024K)]
  0x000001c3f0a774c0 JavaThread "Timer-1968"                        [_thread_blocked, id=16708, stack(0x000000bf8fd00000,0x000000bf8fe00000) (1024K)]
  0x000001c3f0a7ddc0 JavaThread "Timer-1969"                        [_thread_blocked, id=17896, stack(0x000000bf8fe00000,0x000000bf8ff00000) (1024K)]
  0x000001c3f0a7d730 JavaThread "Timer-1970"                        [_thread_blocked, id=32484, stack(0x000000bf90000000,0x000000bf90100000) (1024K)]
  0x000001c3f0a7d0a0 JavaThread "Timer-1971"                        [_thread_blocked, id=31560, stack(0x000000bf8ff00000,0x000000bf90000000) (1024K)]
  0x000001c3f0a7c380 JavaThread "Timer-1972"                        [_thread_blocked, id=30816, stack(0x000000bf90200000,0x000000bf90300000) (1024K)]
  0x000001c3f0a7ca10 JavaThread "Timer-1973"                        [_thread_blocked, id=31924, stack(0x000000bf90100000,0x000000bf90200000) (1024K)]
  0x000001c3f0a7afd0 JavaThread "Timer-1974"                        [_thread_blocked, id=30696, stack(0x000000bf90400000,0x000000bf90500000) (1024K)]
  0x000001c3f0a7e450 JavaThread "Timer-1975"                        [_thread_blocked, id=29580, stack(0x000000bf90500000,0x000000bf90600000) (1024K)]
  0x000001c3f0a7b660 JavaThread "Timer-1976"                        [_thread_blocked, id=29180, stack(0x000000bf90600000,0x000000bf90700000) (1024K)]
  0x000001c3f0a7f170 JavaThread "Timer-1977"                        [_thread_blocked, id=23700, stack(0x000000bf90700000,0x000000bf90800000) (1024K)]
  0x000001c3f0a7bcf0 JavaThread "Timer-1978"                        [_thread_blocked, id=23800, stack(0x000000bf90800000,0x000000bf90900000) (1024K)]
  0x000001c3f0a7f800 JavaThread "Timer-1979"                        [_thread_blocked, id=9304, stack(0x000000bf90900000,0x000000bf90a00000) (1024K)]
  0x000001c3f0a7fe90 JavaThread "Timer-1980"                        [_thread_blocked, id=33480, stack(0x000000bf90b00000,0x000000bf90c00000) (1024K)]
  0x000001c3f0a80520 JavaThread "Timer-1981"                        [_thread_blocked, id=28752, stack(0x000000bf90a00000,0x000000bf90b00000) (1024K)]
  0x000001c3f0a80bb0 JavaThread "Timer-1982"                        [_thread_blocked, id=30704, stack(0x000000bf90d00000,0x000000bf90e00000) (1024K)]
  0x000001c3f0a846c0 JavaThread "Timer-1983"                        [_thread_blocked, id=33344, stack(0x000000bf90e00000,0x000000bf90f00000) (1024K)]
  0x000001c3f0a81f60 JavaThread "Timer-1984"                        [_thread_blocked, id=29772, stack(0x000000bf90f00000,0x000000bf91000000) (1024K)]
  0x000001c3f0a839a0 JavaThread "Timer-1985"                        [_thread_blocked, id=29244, stack(0x000000bf91200000,0x000000bf91300000) (1024K)]
  0x000001c3f0a825f0 JavaThread "Timer-1986"                        [_thread_blocked, id=30236, stack(0x000000bf91300000,0x000000bf91400000) (1024K)]
  0x000001c3f0a82c80 JavaThread "Timer-1987"                        [_thread_blocked, id=33512, stack(0x000000bf91400000,0x000000bf91500000) (1024K)]
  0x000001c3f0a84030 JavaThread "Timer-1988"                        [_thread_blocked, id=30048, stack(0x000000bf91600000,0x000000bf91700000) (1024K)]
  0x000001c3f0a81240 JavaThread "Timer-1989"                        [_thread_blocked, id=28052, stack(0x000000bf91500000,0x000000bf91600000) (1024K)]
  0x000001c3f0a84d50 JavaThread "Timer-1990"                        [_thread_blocked, id=31520, stack(0x000000bf91800000,0x000000bf91900000) (1024K)]
  0x000001c3f0a86790 JavaThread "Timer-1991"                        [_thread_blocked, id=33704, stack(0x000000bf91900000,0x000000bf91a00000) (1024K)]
  0x000001c3f0a818d0 JavaThread "Worker-4058: Initialize workspace"        [_thread_blocked, id=31160, stack(0x000000bf90c00000,0x000000bf90d00000) (1024K)]
  0x000001c3f0a83310 JavaThread "Timer-1992"                        [_thread_blocked, id=3768, stack(0x000000bf91700000,0x000000bf91800000) (1024K)]
  0x000001c3f0a86e20 JavaThread "Timer-1993"                        [_thread_blocked, id=20656, stack(0x000000bf91c00000,0x000000bf91d00000) (1024K)]
  0x000001c3f0a853e0 JavaThread "Timer-1994"                        [_thread_blocked, id=16580, stack(0x000000bf91b00000,0x000000bf91c00000) (1024K)]
  0x000001c3f0a8a2a0 JavaThread "Timer-1995"                        [_thread_blocked, id=33724, stack(0x000000bf91d00000,0x000000bf91e00000) (1024K)]
  0x000001c3f0a874b0 JavaThread "Timer-1996"                        [_thread_blocked, id=28816, stack(0x000000bf91f00000,0x000000bf92000000) (1024K)]
  0x000001c3f0a87b40 JavaThread "Timer-1997"                        [_thread_blocked, id=31192, stack(0x000000bf91e00000,0x000000bf91f00000) (1024K)]
  0x000001c3f0a8b650 JavaThread "Timer-1998"                        [_thread_blocked, id=32260, stack(0x000000bf92100000,0x000000bf92200000) (1024K)]
  0x000001c3f0a881d0 JavaThread "Timer-1999"                        [_thread_blocked, id=32900, stack(0x000000bf92300000,0x000000bf92400000) (1024K)]
  0x000001c3f0a8a930 JavaThread "Timer-2000"                        [_thread_blocked, id=19216, stack(0x000000bf92200000,0x000000bf92300000) (1024K)]
  0x000001c3f0a8afc0 JavaThread "Timer-2001"                        [_thread_blocked, id=15276, stack(0x000000bf92400000,0x000000bf92500000) (1024K)]
  0x000001c3f0a8bce0 JavaThread "Timer-2002"                        [_thread_blocked, id=30620, stack(0x000000bf92500000,0x000000bf92600000) (1024K)]
  0x000001c3f0a8c370 JavaThread "Timer-2003"                        [_thread_blocked, id=33592, stack(0x000000bf92600000,0x000000bf92700000) (1024K)]
  0x000001c3f0a89c10 JavaThread "Timer-2004"                        [_thread_blocked, id=32760, stack(0x000000bf92800000,0x000000bf92900000) (1024K)]
  0x000001c3f0a88ef0 JavaThread "Timer-2005"                        [_thread_blocked, id=30736, stack(0x000000bf92700000,0x000000bf92800000) (1024K)]
  0x000001c3f0a89580 JavaThread "Timer-2006"                        [_thread_blocked, id=29428, stack(0x000000bf92a00000,0x000000bf92b00000) (1024K)]
  0x000001c3f0a8d720 JavaThread "Timer-2007"                        [_thread_blocked, id=32836, stack(0x000000bf92c00000,0x000000bf92d00000) (1024K)]
  0x000001c3f0a86100 JavaThread "Worker-4101: Initialize workspace"        [_thread_blocked, id=31624, stack(0x000000bf92000000,0x000000bf92100000) (1024K)]
  0x000001c3f0a8e440 JavaThread "Timer-2008"                        [_thread_blocked, id=9824, stack(0x000000bf92900000,0x000000bf92a00000) (1024K)]
  0x000001c3f0a8ca00 JavaThread "Timer-2009"                        [_thread_blocked, id=33324, stack(0x000000bf92d00000,0x000000bf92e00000) (1024K)]
  0x000001c3f0a8ead0 JavaThread "Timer-2010"                        [_thread_blocked, id=31808, stack(0x000000bf92e00000,0x000000bf92f00000) (1024K)]
  0x000001c3f0a8fe80 JavaThread "Timer-2011"                        [_thread_blocked, id=33184, stack(0x000000bf92f00000,0x000000bf93000000) (1024K)]
  0x000001c3f0a8f160 JavaThread "Timer-2012"                        [_thread_blocked, id=30828, stack(0x000000bf93100000,0x000000bf93200000) (1024K)]
  0x000001c3f0a8f7f0 JavaThread "Timer-2013"                        [_thread_blocked, id=29732, stack(0x000000bf93000000,0x000000bf93100000) (1024K)]
  0x000001c3f0a90510 JavaThread "Timer-2014"                        [_thread_blocked, id=33524, stack(0x000000bf93300000,0x000000bf93400000) (1024K)]
  0x000001c3f0a918c0 JavaThread "Timer-2015"                        [_thread_blocked, id=30108, stack(0x000000bf93500000,0x000000bf93600000) (1024K)]
  0x000001c3f0a8d090 JavaThread "Timer-2016"                        [_thread_blocked, id=28760, stack(0x000000bf93200000,0x000000bf93300000) (1024K)]
  0x000001c3f0a925e0 JavaThread "Timer-2017"                        [_thread_blocked, id=31756, stack(0x000000bf93600000,0x000000bf93700000) (1024K)]
  0x000001c3f0a94020 JavaThread "Timer-2018"                        [_thread_blocked, id=3052, stack(0x000000bf93800000,0x000000bf93900000) (1024K)]
  0x000001c3f0a91f50 JavaThread "Timer-2019"                        [_thread_blocked, id=30044, stack(0x000000bf93700000,0x000000bf93800000) (1024K)]
  0x000001c3f0a93300 JavaThread "Timer-2020"                        [_thread_blocked, id=21640, stack(0x000000bf93a00000,0x000000bf93b00000) (1024K)]
  0x000001c3f0a90ba0 JavaThread "Timer-2021"                        [_thread_blocked, id=4788, stack(0x000000bf93900000,0x000000bf93a00000) (1024K)]
  0x000001c3f0a946b0 JavaThread "Timer-2022"                        [_thread_blocked, id=28308, stack(0x000000bf93c00000,0x000000bf93d00000) (1024K)]
  0x000001c3f0a91230 JavaThread "Timer-2023"                        [_thread_blocked, id=32368, stack(0x000000bf93d00000,0x000000bf93e00000) (1024K)]
  0x000001c3f0a95a60 JavaThread "Timer-2024"                        [_thread_blocked, id=3964, stack(0x000000bf93b00000,0x000000bf93c00000) (1024K)]
  0x000001c3f0a93990 JavaThread "Timer-2025"                        [_thread_blocked, id=30176, stack(0x000000bf93f00000,0x000000bf94000000) (1024K)]
  0x000001c3f0a953d0 JavaThread "Timer-2026"                        [_thread_blocked, id=32816, stack(0x000000bf94000000,0x000000bf94100000) (1024K)]
  0x000001c3f0a92c70 JavaThread "Timer-2027"                        [_thread_blocked, id=31100, stack(0x000000bf94100000,0x000000bf94200000) (1024K)]
  0x000001c3f0a98ee0 JavaThread "Timer-2028"                        [_thread_blocked, id=32848, stack(0x000000bf94300000,0x000000bf94400000) (1024K)]
  0x000001c3f0a99c00 JavaThread "Timer-2029"                        [_thread_blocked, id=14008, stack(0x000000bf94200000,0x000000bf94300000) (1024K)]
  0x000001c3f0a96780 JavaThread "Timer-2030"                        [_thread_blocked, id=29300, stack(0x000000bf94500000,0x000000bf94600000) (1024K)]
  0x000001c3f0a9a290 JavaThread "Timer-2031"                        [_thread_blocked, id=32832, stack(0x000000bf94700000,0x000000bf94800000) (1024K)]
  0x000001c3f0a96e10 JavaThread "Timer-2032"                        [_thread_blocked, id=16576, stack(0x000000bf94400000,0x000000bf94500000) (1024K)]
  0x000001c3f0a974a0 JavaThread "Timer-2033"                        [_thread_blocked, id=31832, stack(0x000000bf94800000,0x000000bf94900000) (1024K)]
  0x000001c3f0a981c0 JavaThread "Timer-2034"                        [_thread_blocked, id=23116, stack(0x000000bf94a00000,0x000000bf94b00000) (1024K)]
  0x000001c3f0a99570 JavaThread "Timer-2035"                        [_thread_blocked, id=32796, stack(0x000000bf94900000,0x000000bf94a00000) (1024K)]
  0x000001c3f0a9a920 JavaThread "Timer-2036"                        [_thread_blocked, id=33744, stack(0x000000bf94c00000,0x000000bf94d00000) (1024K)]
  0x000001c3ec98e220 JavaThread "Timer-2037"                        [_thread_blocked, id=31816, stack(0x000000bf94b00000,0x000000bf94c00000) (1024K)]
  0x000001c3ec9aa060 JavaThread "Timer-2038"                        [_thread_blocked, id=29268, stack(0x000000bf94e00000,0x000000bf94f00000) (1024K)]
  0x000001c3f0aa1f40 JavaThread "Timer-2039"                        [_thread_blocked, id=33336, stack(0x000000bf94f00000,0x000000bf95000000) (1024K)]
  0x000001c3f0a98850 JavaThread "Worker-4178: Initialize workspace"        [_thread_blocked, id=32008, stack(0x000000bf94600000,0x000000bf94700000) (1024K)]
  0x000001c3e131a7f0 JavaThread "Timer-2040"                        [_thread_blocked, id=17356, stack(0x000000bf94d00000,0x000000bf94e00000) (1024K)]
  0x000001c3f0a960f0 JavaThread "Timer-2041"                        [_thread_blocked, id=31080, stack(0x000000bf95100000,0x000000bf95200000) (1024K)]
  0x000001c3f0a97b30 JavaThread "Timer-2042"                        [_thread_blocked, id=25756, stack(0x000000bf95300000,0x000000bf95400000) (1024K)]
  0x000001c3e0350cc0 JavaThread "Timer-2043"                        [_thread_blocked, id=4124, stack(0x000000bf95200000,0x000000bf95300000) (1024K)]
  0x000001c3ef2088a0 JavaThread "Timer-2044"                        [_thread_blocked, id=2976, stack(0x000000bf95400000,0x000000bf95500000) (1024K)]
  0x000001c3f7872d50 JavaThread "Timer-2045"                        [_thread_blocked, id=33504, stack(0x000000bf95500000,0x000000bf95600000) (1024K)]
  0x000001c3e2ea2120 JavaThread "Timer-2046"                        [_thread_blocked, id=32176, stack(0x000000bf95800000,0x000000bf95900000) (1024K)]
  0x000001c3e2a35e80 JavaThread "Timer-2047"                        [_thread_blocked, id=30740, stack(0x000000bf95a00000,0x000000bf95b00000) (1024K)]
  0x000001c3e2a36510 JavaThread "Timer-2048"                        [_thread_blocked, id=30756, stack(0x000000bf93e00000,0x000000bf93f00000) (1024K)]
  0x000001c3e2a33db0 JavaThread "Timer-2049"                        [_thread_blocked, id=33012, stack(0x000000bf95900000,0x000000bf95a00000) (1024K)]
  0x000001c3e2a34440 JavaThread "Timer-2050"                        [_thread_blocked, id=33096, stack(0x000000bf95d00000,0x000000bf95e00000) (1024K)]
  0x000001c3e2a36ba0 JavaThread "Timer-2051"                        [_thread_blocked, id=26776, stack(0x000000bf95e00000,0x000000bf95f00000) (1024K)]
  0x000001c3e2a37f50 JavaThread "Timer-2052"                        [_thread_blocked, id=33716, stack(0x000000bf96000000,0x000000bf96100000) (1024K)]
  0x000001c3e2a385e0 JavaThread "Timer-2053"                        [_thread_blocked, id=33264, stack(0x000000bf95700000,0x000000bf95800000) (1024K)]
  0x000001c3e2a35160 JavaThread "Timer-2054"                        [_thread_blocked, id=30748, stack(0x000000bf95f00000,0x000000bf96000000) (1024K)]
  0x000001c3e2a357f0 JavaThread "Timer-2055"                        [_thread_blocked, id=28700, stack(0x000000bf96200000,0x000000bf96300000) (1024K)]
  0x000001c3e2a39990 JavaThread "Timer-2056"                        [_thread_blocked, id=10264, stack(0x000000bf96300000,0x000000bf96400000) (1024K)]
  0x000001c3e2a3ad40 JavaThread "Timer-2057"                        [_thread_blocked, id=6464, stack(0x000000bf96400000,0x000000bf96500000) (1024K)]
  0x000001c3e2a3b3d0 JavaThread "Timer-2058"                        [_thread_blocked, id=31404, stack(0x000000bf96600000,0x000000bf96700000) (1024K)]
  0x000001c3e2a3ba60 JavaThread "Timer-2059"                        [_thread_blocked, id=31104, stack(0x000000bf96500000,0x000000bf96600000) (1024K)]
  0x000001c3e2a38c70 JavaThread "Timer-2060"                        [_thread_blocked, id=33376, stack(0x000000bf96800000,0x000000bf96900000) (1024K)]
  0x000001c3e2a3c0f0 JavaThread "Timer-2061"                        [_thread_blocked, id=33304, stack(0x000000bf96700000,0x000000bf96800000) (1024K)]
  0x000001c3e2a39300 JavaThread "Timer-2062"                        [_thread_blocked, id=31120, stack(0x000000bf96a00000,0x000000bf96b00000) (1024K)]
  0x000001c3e2a3c780 JavaThread "Timer-2063"                        [_thread_blocked, id=8340, stack(0x000000bf96900000,0x000000bf96a00000) (1024K)]
  0x000001c3e2a3eee0 JavaThread "Timer-2064"                        [_thread_blocked, id=28900, stack(0x000000bf96b00000,0x000000bf96c00000) (1024K)]
  0x000001c3e2a3db30 JavaThread "Timer-2065"                        [_thread_blocked, id=31884, stack(0x000000bf96c00000,0x000000bf96d00000) (1024K)]
  0x000001c3e2a3f570 JavaThread "Timer-2066"                        [_thread_blocked, id=31876, stack(0x000000bf96e00000,0x000000bf96f00000) (1024K)]
  0x000001c3e2a3fc00 JavaThread "Timer-2067"                        [_thread_blocked, id=7668, stack(0x000000bf96d00000,0x000000bf96e00000) (1024K)]
  0x000001c3e2a40290 JavaThread "Timer-2068"                        [_thread_blocked, id=30688, stack(0x000000bf97000000,0x000000bf97100000) (1024K)]
  0x000001c3e2a3e1c0 JavaThread "Timer-2069"                        [_thread_blocked, id=31164, stack(0x000000bf96f00000,0x000000bf97000000) (1024K)]
  0x000001c3e2a3ce10 JavaThread "Timer-2070"                        [_thread_blocked, id=29152, stack(0x000000bf97200000,0x000000bf97300000) (1024K)]
  0x000001c3e2a3d4a0 JavaThread "Timer-2071"                        [_thread_blocked, id=20144, stack(0x000000bf97300000,0x000000bf97400000) (1024K)]
  0x000001c3e2a40920 JavaThread "Timer-2072"                        [_thread_blocked, id=4756, stack(0x000000bf97100000,0x000000bf97200000) (1024K)]
  0x000001c3e2a43da0 JavaThread "Timer-2073"                        [_thread_blocked, id=30680, stack(0x000000bf97500000,0x000000bf97600000) (1024K)]
  0x000001c3e2a41640 JavaThread "Timer-2074"                        [_thread_blocked, id=32272, stack(0x000000bf97600000,0x000000bf97700000) (1024K)]
  0x000001c3e2a41cd0 JavaThread "Timer-2075"                        [_thread_blocked, id=33536, stack(0x000000bf97700000,0x000000bf97800000) (1024K)]
  0x000001c3e2a42360 JavaThread "Timer-2076"                        [_thread_blocked, id=32976, stack(0x000000bf97900000,0x000000bf97a00000) (1024K)]
  0x000001c3e2a3e850 JavaThread "Timer-2077"                        [_thread_blocked, id=27352, stack(0x000000bf97800000,0x000000bf97900000) (1024K)]
  0x000001c3e2a44ac0 JavaThread "Timer-2078"                        [_thread_blocked, id=33248, stack(0x000000bf97a00000,0x000000bf97b00000) (1024K)]
  0x000001c3e2a45150 JavaThread "Timer-2079"                        [_thread_blocked, id=1144, stack(0x000000bf97c00000,0x000000bf97d00000) (1024K)]
  0x000001c3e2a429f0 JavaThread "Worker-4284: Initialize workspace"        [_thread_blocked, id=32276, stack(0x000000bf97400000,0x000000bf97500000) (1024K)]
  0x000001c3e2a457e0 JavaThread "Timer-2080"                        [_thread_blocked, id=32876, stack(0x000000bf97b00000,0x000000bf97c00000) (1024K)]
  0x000001c3e2a44430 JavaThread "Timer-2081"                        [_thread_blocked, id=33188, stack(0x000000bf97d00000,0x000000bf97e00000) (1024K)]
  0x000001c3e2a43080 JavaThread "Timer-2082"                        [_thread_blocked, id=31412, stack(0x000000bf98000000,0x000000bf98100000) (1024K)]
  0x000001c3e2a45e70 JavaThread "Timer-2083"                        [_thread_blocked, id=30840, stack(0x000000bf97e00000,0x000000bf97f00000) (1024K)]
  0x000001c3e2a43710 JavaThread "Timer-2084"                        [_thread_blocked, id=26456, stack(0x000000bf98200000,0x000000bf98300000) (1024K)]
  0x000001c3e2a48c60 JavaThread "Timer-2085"                        [_thread_blocked, id=31844, stack(0x000000bf98100000,0x000000bf98200000) (1024K)]
  0x000001c3e2a49980 JavaThread "Timer-2086"                        [_thread_blocked, id=20368, stack(0x000000bf98400000,0x000000bf98500000) (1024K)]
  0x000001c3e2a46500 JavaThread "Timer-2087"                        [_thread_blocked, id=532, stack(0x000000bf98600000,0x000000bf98700000) (1024K)]
  0x000001c3e2a3a020 JavaThread "Worker-4306: Initialize workspace"        [_thread_blocked, id=29176, stack(0x000000bf95600000,0x000000bf95700000) (1024K)]
  0x000001c3e2a40fb0 JavaThread "Timer-2088"                        [_thread_blocked, id=32584, stack(0x000000bf98700000,0x000000bf98800000) (1024K)]
  0x000001c3e2a492f0 JavaThread "Timer-2089"                        [_thread_blocked, id=31724, stack(0x000000bf97f00000,0x000000bf98000000) (1024K)]
  0x000001c3e2a46b90 JavaThread "Timer-2090"                        [_thread_blocked, id=33388, stack(0x000000bf98900000,0x000000bf98a00000) (1024K)]
  0x000001c3e2a4a6a0 JavaThread "Timer-2091"                        [_thread_blocked, id=32036, stack(0x000000bf98800000,0x000000bf98900000) (1024K)]
  0x000001c3e2a47220 JavaThread "Timer-2092"                        [_thread_blocked, id=29964, stack(0x000000bf98b00000,0x000000bf98c00000) (1024K)]
  0x000001c3e2a4ad30 JavaThread "Timer-2093"                        [_thread_blocked, id=24068, stack(0x000000bf98a00000,0x000000bf98b00000) (1024K)]
  0x000001c3e2a478b0 JavaThread "Timer-2094"                        [_thread_blocked, id=31732, stack(0x000000bf98d00000,0x000000bf98e00000) (1024K)]
  0x000001c3e2a47f40 JavaThread "Timer-2095"                        [_thread_blocked, id=14640, stack(0x000000bf98e00000,0x000000bf98f00000) (1024K)]
  0x000001c3e2a4b3c0 JavaThread "Timer-2096"                        [_thread_blocked, id=32304, stack(0x000000bf98c00000,0x000000bf98d00000) (1024K)]
  0x000001c3e2a4d490 JavaThread "Timer-2097"                        [_thread_blocked, id=2940, stack(0x000000bf99000000,0x000000bf99100000) (1024K)]
  0x000001c3e2a4db20 JavaThread "Timer-2098"                        [_thread_blocked, id=26260, stack(0x000000bf99200000,0x000000bf99300000) (1024K)]
  0x000001c3e2a4c0e0 JavaThread "Timer-2099"                        [_thread_blocked, id=5132, stack(0x000000bf99100000,0x000000bf99200000) (1024K)]
  0x000001c3e2a4ba50 JavaThread "Timer-2100"                        [_thread_blocked, id=29248, stack(0x000000bf99400000,0x000000bf99500000) (1024K)]
  0x000001c3e2a4c770 JavaThread "Timer-2101"                        [_thread_blocked, id=31600, stack(0x000000bf99300000,0x000000bf99400000) (1024K)]
  0x000001c3e2a4e1b0 JavaThread "Timer-2102"                        [_thread_blocked, id=31680, stack(0x000000bf99600000,0x000000bf99700000) (1024K)]
  0x000001c3e2a4fbf0 JavaThread "Timer-2103"                        [_thread_blocked, id=8580, stack(0x000000bf99700000,0x000000bf99800000) (1024K)]
  0x000001c3e2a4ce00 JavaThread "Worker-4357: Initialize workspace"        [_thread_blocked, id=32912, stack(0x000000bf98300000,0x000000bf98400000) (1024K)]
  0x000001c3e2a50fa0 JavaThread "Timer-2104"                        [_thread_blocked, id=30624, stack(0x000000bf98500000,0x000000bf98600000) (1024K)]
  0x000001c3e2a51630 JavaThread "Timer-2105"                        [_thread_blocked, id=18056, stack(0x000000bf99500000,0x000000bf99600000) (1024K)]
  0x000001c3e2a51cc0 JavaThread "Timer-2106"                        [_thread_blocked, id=30552, stack(0x000000bf99b00000,0x000000bf99c00000) (1024K)]
  0x000001c3e2a4f560 JavaThread "Timer-2107"                        [_thread_blocked, id=14160, stack(0x000000bf99a00000,0x000000bf99b00000) (1024K)]
  0x000001c3e2a4e840 JavaThread "Timer-2108"                        [_thread_blocked, id=13052, stack(0x000000bf99d00000,0x000000bf99e00000) (1024K)]
  0x000001c3e2a53700 JavaThread "Timer-2109"                        [_thread_blocked, id=33596, stack(0x000000bf99c00000,0x000000bf99d00000) (1024K)]
  0x000001c3e2a50280 JavaThread "Timer-2110"                        [_thread_blocked, id=24920, stack(0x000000bf99f00000,0x000000bf9a000000) (1024K)]
  0x000001c3e2a54ab0 JavaThread "Timer-2111"                        [_thread_blocked, id=31824, stack(0x000000bf9a000000,0x000000bf9a100000) (1024K)]
  0x000001c3e2a52350 JavaThread "Worker-4376: Initialize workspace"        [_thread_blocked, id=30084, stack(0x000000bf99900000,0x000000bf99a00000) (1024K)]
  0x000001c3e2a50910 JavaThread "Timer-2112"                        [_thread_blocked, id=31772, stack(0x000000bf99800000,0x000000bf99900000) (1024K)]
  0x000001c3e2a55140 JavaThread "Timer-2113"                        [_thread_blocked, id=33636, stack(0x000000bf9a100000,0x000000bf9a200000) (1024K)]
  0x000001c3e2a53d90 JavaThread "Timer-2114"                        [_thread_blocked, id=18636, stack(0x000000bf9a400000,0x000000bf9a500000) (1024K)]
  0x000001c3e2a54420 JavaThread "Timer-2115"                        [_thread_blocked, id=30468, stack(0x000000bf9a200000,0x000000bf9a300000) (1024K)]
  0x000001c3e2a55e60 JavaThread "Timer-2116"                        [_thread_blocked, id=26336, stack(0x000000bf9a600000,0x000000bf9a700000) (1024K)]
  0x000001c3e2a557d0 JavaThread "Timer-2117"                        [_thread_blocked, id=11592, stack(0x000000bf9a500000,0x000000bf9a600000) (1024K)]
  0x000001c3e2a564f0 JavaThread "Timer-2118"                        [_thread_blocked, id=30884, stack(0x000000bf9a800000,0x000000bf9a900000) (1024K)]
  0x000001c3e2a58c50 JavaThread "Timer-2119"                        [_thread_blocked, id=31996, stack(0x000000bf9a900000,0x000000bf9aa00000) (1024K)]
  0x000001c3e2a53070 JavaThread "Timer-2120"                        [_thread_blocked, id=29216, stack(0x000000bf9ab00000,0x000000bf9ac00000) (1024K)]
  0x000001c3e2a56b80 JavaThread "Timer-2121"                        [_thread_blocked, id=33292, stack(0x000000bf9ad00000,0x000000bf9ae00000) (1024K)]
  0x000001c3e2a585c0 JavaThread "Timer-2122"                        [_thread_blocked, id=25712, stack(0x000000bf9af00000,0x000000bf9b000000) (1024K)]
  0x000001c3e2a592e0 JavaThread "Timer-2123"                        [_thread_blocked, id=32852, stack(0x000000bf9ae00000,0x000000bf9af00000) (1024K)]
  0x000001c3e2a59970 JavaThread "Timer-2124"                        [_thread_blocked, id=25272, stack(0x000000bf9b100000,0x000000bf9b200000) (1024K)]
  0x000001c3e2a57210 JavaThread "Timer-2125"                        [_thread_blocked, id=28732, stack(0x000000bf9b000000,0x000000bf9b100000) (1024K)]
  0x000001c3e2a1c110 JavaThread "Timer-2126"                        [_thread_blocked, id=26984, stack(0x000000bf9b300000,0x000000bf9b400000) (1024K)]
  0x000001c3e2a1ba80 JavaThread "Timer-2127"                        [_thread_blocked, id=32556, stack(0x000000bf9b400000,0x000000bf9b500000) (1024K)]
  0x000001c3e2a578a0 JavaThread "Worker-4415: Initialize workspace"        [_thread_blocked, id=32112, stack(0x000000bf99e00000,0x000000bf99f00000) (1024K)]
  0x000001c3e2a1c7a0 JavaThread "Timer-2128"                        [_thread_blocked, id=31152, stack(0x000000bf9ac00000,0x000000bf9ad00000) (1024K)]
  0x000001c3e2a1b3f0 JavaThread "Timer-2129"                        [_thread_blocked, id=31500, stack(0x000000bf9b200000,0x000000bf9b300000) (1024K)]
  0x000001c3e2a1a6d0 JavaThread "Timer-2130"                        [_thread_blocked, id=28916, stack(0x000000bf9b700000,0x000000bf9b800000) (1024K)]
  0x000001c3e2a1ce30 JavaThread "Timer-2131"                        [_thread_blocked, id=22868, stack(0x000000bf9b500000,0x000000bf9b600000) (1024K)]
  0x000001c3e2a199b0 JavaThread "Timer-2132"                        [_thread_blocked, id=18004, stack(0x000000bf9b900000,0x000000bf9ba00000) (1024K)]
  0x000001c3e2a1d4c0 JavaThread "Timer-2133"                        [_thread_blocked, id=32264, stack(0x000000bf9b800000,0x000000bf9b900000) (1024K)]
  0x000001c3e2a1a040 JavaThread "Timer-2134"                        [_thread_blocked, id=30168, stack(0x000000bf9bb00000,0x000000bf9bc00000) (1024K)]
  0x000001c3e2a20fd0 JavaThread "Timer-2135"                        [_thread_blocked, id=16476, stack(0x000000bf9bc00000,0x000000bf9bd00000) (1024K)]
  0x000001c3e2a1db50 JavaThread "Timer-2136"                        [_thread_blocked, id=28920, stack(0x000000bf9bd00000,0x000000bf9be00000) (1024K)]
  0x000001c3e2a1ad60 JavaThread "Timer-2137"                        [_thread_blocked, id=29224, stack(0x000000bf9be00000,0x000000bf9bf00000) (1024K)]
  0x000001c3e2a202b0 JavaThread "Timer-2138"                        [_thread_blocked, id=30780, stack(0x000000bf9bf00000,0x000000bf9c000000) (1024K)]
  0x000001c3e2a20940 JavaThread "Timer-2139"                        [_thread_blocked, id=32728, stack(0x000000bf9c000000,0x000000bf9c100000) (1024K)]
  0x000001c3e2a21cf0 JavaThread "Timer-2140"                        [_thread_blocked, id=30324, stack(0x000000bf9c200000,0x000000bf9c300000) (1024K)]
  0x000001c3e2a1e870 JavaThread "Timer-2141"                        [_thread_blocked, id=29972, stack(0x000000bf9c100000,0x000000bf9c200000) (1024K)]
  0x000001c3e2a22380 JavaThread "Timer-2142"                        [_thread_blocked, id=32332, stack(0x000000bf9c400000,0x000000bf9c500000) (1024K)]
  0x000001c3e2a1fc20 JavaThread "Timer-2143"                        [_thread_blocked, id=33128, stack(0x000000bf9c500000,0x000000bf9c600000) (1024K)]
  0x000001c3e2a1e1e0 JavaThread "Worker-4458: Initialize workspace"        [_thread_blocked, id=2316, stack(0x000000bf9ba00000,0x000000bf9bb00000) (1024K)]
  0x000001c3e2a1f590 JavaThread "Timer-2144"                        [_thread_blocked, id=31504, stack(0x000000bf9c700000,0x000000bf9c800000) (1024K)]
  0x000001c3e2a1ef00 JavaThread "Timer-2145"                        [_thread_blocked, id=26292, stack(0x000000bf9c300000,0x000000bf9c400000) (1024K)]
  0x000001c3e2a23730 JavaThread "Timer-2146"                        [_thread_blocked, id=14680, stack(0x000000bf9c900000,0x000000bf9ca00000) (1024K)]
  0x000001c3e2a24ae0 JavaThread "Timer-2147"                        [_thread_blocked, id=27964, stack(0x000000bf9c800000,0x000000bf9c900000) (1024K)]
  0x000001c3e2a25170 JavaThread "Timer-2148"                        [_thread_blocked, id=21244, stack(0x000000bf9cb00000,0x000000bf9cc00000) (1024K)]
  0x000001c3e2a25e90 JavaThread "Timer-2149"                        [_thread_blocked, id=33428, stack(0x000000bf9ca00000,0x000000bf9cb00000) (1024K)]
  0x000001c3e2a25800 JavaThread "Timer-2150"                        [_thread_blocked, id=32420, stack(0x000000bf9cd00000,0x000000bf9ce00000) (1024K)]
  0x000001c3e2a24450 JavaThread "Timer-2151"                        [_thread_blocked, id=28948, stack(0x000000bf9ce00000,0x000000bf9cf00000) (1024K)]
  0x000001c3e2a22a10 JavaThread "Worker-4477: Initialize workspace"        [_thread_blocked, id=33052, stack(0x000000bf66a00000,0x000000bf66b00000) (1024K)]
  0x000001c3e2a26520 JavaThread "Timer-2152"                        [_thread_blocked, id=33608, stack(0x000000bf9cf00000,0x000000bf9d000000) (1024K)]
  0x000001c3e2a230a0 JavaThread "Timer-2153"                        [_thread_blocked, id=33676, stack(0x000000bf9d000000,0x000000bf9d100000) (1024K)]
  0x000001c3e2a29310 JavaThread "Timer-2154"                        [_thread_blocked, id=31936, stack(0x000000bf9d200000,0x000000bf9d300000) (1024K)]
  0x000001c3e2a278d0 JavaThread "Timer-2155"                        [_thread_blocked, id=26036, stack(0x000000bf9d100000,0x000000bf9d200000) (1024K)]
  0x000001c3e2a2a030 JavaThread "Timer-2156"                        [_thread_blocked, id=2260, stack(0x000000bf9d400000,0x000000bf9d500000) (1024K)]
  0x000001c3e2a299a0 JavaThread "Timer-2157"                        [_thread_blocked, id=31456, stack(0x000000bf9d300000,0x000000bf9d400000) (1024K)]
  0x000001c3e2a27240 JavaThread "Timer-2158"                        [_thread_blocked, id=33412, stack(0x000000bf9d600000,0x000000bf9d700000) (1024K)]
  0x000001c3e2a26bb0 JavaThread "Timer-2159"                        [_thread_blocked, id=32908, stack(0x000000bf9d700000,0x000000bf9d800000) (1024K)]
  0x000001c3e2a28c80 JavaThread "Timer-2160"                        [_thread_blocked, id=30920, stack(0x000000bf9d800000,0x000000bf9d900000) (1024K)]
  0x000001c3e2a27f60 JavaThread "Timer-2161"                        [_thread_blocked, id=28104, stack(0x000000bf9d900000,0x000000bf9da00000) (1024K)]
  0x000001c3e2a2ad50 JavaThread "Timer-2162"                        [_thread_blocked, id=33628, stack(0x000000bf9db00000,0x000000bf9dc00000) (1024K)]
  0x000001c3e2a2b3e0 JavaThread "Timer-2163"                        [_thread_blocked, id=32924, stack(0x000000bf9da00000,0x000000bf9db00000) (1024K)]
  0x000001c3e2a2ba70 JavaThread "Timer-2164"                        [_thread_blocked, id=30752, stack(0x000000bf9dd00000,0x000000bf9de00000) (1024K)]
  0x000001c3e2a285f0 JavaThread "Timer-2165"                        [_thread_blocked, id=33392, stack(0x000000bf9dc00000,0x000000bf9dd00000) (1024K)]
  0x000001c3e2a2c100 JavaThread "Timer-2166"                        [_thread_blocked, id=28832, stack(0x000000bf9df00000,0x000000bf9e000000) (1024K)]
  0x000001c3e2a2eef0 JavaThread "Timer-2167"                        [_thread_blocked, id=32856, stack(0x000000bf9e000000,0x000000bf9e100000) (1024K)]
  0x000001c3e2a21660 JavaThread "Worker-4523: Initialize workspace"        [_thread_blocked, id=30796, stack(0x000000bf9c600000,0x000000bf9c700000) (1024K)]
  0x000001c3e2a2fc10 JavaThread "Timer-2168"                        [_thread_blocked, id=23668, stack(0x000000bf9e100000,0x000000bf9e200000) (1024K)]
  0x000001c3e2a2ce20 JavaThread "Timer-2169"                        [_thread_blocked, id=25116, stack(0x000000bf9e200000,0x000000bf9e300000) (1024K)]
  0x000001c3e2a2c790 JavaThread "Timer-2170"                        [_thread_blocked, id=23316, stack(0x000000bf9e400000,0x000000bf9e500000) (1024K)]
  0x000001c3e2a2e1d0 JavaThread "Timer-2171"                        [_thread_blocked, id=25208, stack(0x000000bf9e300000,0x000000bf9e400000) (1024K)]
  0x000001c3e2a31650 JavaThread "Timer-2172"                        [_thread_blocked, id=3316, stack(0x000000bf9e600000,0x000000bf9e700000) (1024K)]
  0x000001c3e2a2d4b0 JavaThread "Timer-2173"                        [_thread_blocked, id=21412, stack(0x000000bf9e500000,0x000000bf9e600000) (1024K)]
  0x000001c3e2a2f580 JavaThread "Timer-2174"                        [_thread_blocked, id=32288, stack(0x000000bf9e800000,0x000000bf9e900000) (1024K)]
  0x000001c3e2a30930 JavaThread "Timer-2175"                        [_thread_blocked, id=3784, stack(0x000000bf9e900000,0x000000bf9ea00000) (1024K)]
  0x000001c3e2a23dc0 JavaThread "Worker-4542: Initialize workspace"        [_thread_blocked, id=32088, stack(0x000000bf9cc00000,0x000000bf9cd00000) (1024K)]
  0x000001c3e2a2e860 JavaThread "Timer-2176"                        [_thread_blocked, id=17084, stack(0x000000bf9de00000,0x000000bf9df00000) (1024K)]
  0x000001c3e2a30fc0 JavaThread "Timer-2177"                        [_thread_blocked, id=31244, stack(0x000000bf9ea00000,0x000000bf9eb00000) (1024K)]
  0x000001c3e2a2db40 JavaThread "Timer-2178"                        [_thread_blocked, id=32312, stack(0x000000bf9ed00000,0x000000bf9ee00000) (1024K)]
  0x000001c3e2a31ce0 JavaThread "Timer-2179"                        [_thread_blocked, id=32576, stack(0x000000bf9eb00000,0x000000bf9ec00000) (1024K)]
  0x000001c3e2a32370 JavaThread "Timer-2180"                        [_thread_blocked, id=32416, stack(0x000000bf9ef00000,0x000000bf9f000000) (1024K)]
  0x000001c3e2a33090 JavaThread "Timer-2181"                        [_thread_blocked, id=32592, stack(0x000000bf9ee00000,0x000000bf9ef00000) (1024K)]
  0x000001c3e2a4a010 JavaThread "Timer-2182"                        [_thread_blocked, id=33748, stack(0x000000bf9f100000,0x000000bf9f200000) (1024K)]
  0x000001c3e2a4eed0 JavaThread "Timer-2183"                        [_thread_blocked, id=23564, stack(0x000000bf9f200000,0x000000bf9f300000) (1024K)]
  0x000001c3e2a33720 JavaThread "Worker-4561: Initialize workspace"        [_thread_blocked, id=20264, stack(0x000000bf9ec00000,0x000000bf9ed00000) (1024K)]
  0x000001c3f0a7a940 JavaThread "Timer-2184"                        [_thread_blocked, id=25572, stack(0x000000bf9f300000,0x000000bf9f400000) (1024K)]
  0x000001c3e03554f0 JavaThread "Timer-2185"                        [_thread_blocked, id=33256, stack(0x000000bf9f400000,0x000000bf9f500000) (1024K)]
  0x000001c3dfcc8030 JavaThread "Timer-2186"                        [_thread_blocked, id=29208, stack(0x000000bf9f600000,0x000000bf9f700000) (1024K)]
  0x000001c3e2a302a0 JavaThread "Timer-2187"                        [_thread_blocked, id=5356, stack(0x000000bf9f500000,0x000000bf9f600000) (1024K)]
  0x000001c3f528b160 JavaThread "Timer-2188"                        [_thread_blocked, id=25628, stack(0x000000bf9f800000,0x000000bf9f900000) (1024K)]
  0x000001c3f528b7f0 JavaThread "Timer-2189"                        [_thread_blocked, id=31536, stack(0x000000bf9f700000,0x000000bf9f800000) (1024K)]
  0x000001c3f528cba0 JavaThread "Timer-2190"                        [_thread_blocked, id=33100, stack(0x000000bf9fa00000,0x000000bf9fb00000) (1024K)]
  0x000001c3f528be80 JavaThread "Timer-2191"                        [_thread_blocked, id=32280, stack(0x000000bf9fc00000,0x000000bf9fd00000) (1024K)]
  0x000001c3f528f300 JavaThread "Worker-4585: Initialize workspace"        [_thread_blocked, id=32820, stack(0x000000bf9f000000,0x000000bf9f100000) (1024K)]
  0x000001c3f528df50 JavaThread "Timer-2192"                        [_thread_blocked, id=2332, stack(0x000000bf9f900000,0x000000bf9fa00000) (1024K)]
  0x000001c3f528e5e0 JavaThread "Timer-2193"                        [_thread_blocked, id=33752, stack(0x000000bf9fd00000,0x000000bf9fe00000) (1024K)]
  0x000001c3f528f990 JavaThread "Timer-2194"                        [_thread_blocked, id=28964, stack(0x000000bf9ff00000,0x000000bfa0000000) (1024K)]
  0x000001c3f528d230 JavaThread "Timer-2195"                        [_thread_blocked, id=30772, stack(0x000000bf9fe00000,0x000000bf9ff00000) (1024K)]
  0x000001c3f52906b0 JavaThread "Timer-2196"                        [_thread_blocked, id=2964, stack(0x000000bfa0100000,0x000000bfa0200000) (1024K)]
  0x000001c3f5290020 JavaThread "Timer-2197"                        [_thread_blocked, id=30852, stack(0x000000bfa0000000,0x000000bfa0100000) (1024K)]
  0x000001c3f528d8c0 JavaThread "Timer-2198"                        [_thread_blocked, id=25424, stack(0x000000bfa0300000,0x000000bfa0400000) (1024K)]
  0x000001c3f5291a60 JavaThread "Timer-2199"                        [_thread_blocked, id=29484, stack(0x000000bfa0400000,0x000000bfa0500000) (1024K)]
  0x000001c3f52920f0 JavaThread "Worker-4605: Initialize workspace"        [_thread_blocked, id=27832, stack(0x000000bf9fb00000,0x000000bf9fc00000) (1024K)]
  0x000001c3f528ec70 JavaThread "Timer-2200"                        [_thread_blocked, id=33300, stack(0x000000bfa0200000,0x000000bfa0300000) (1024K)]
  0x000001c3f5290d40 JavaThread "Timer-2201"                        [_thread_blocked, id=33080, stack(0x000000bfa0700000,0x000000bfa0800000) (1024K)]
  0x000001c3f5294ee0 JavaThread "Timer-2202"                        [_thread_blocked, id=33772, stack(0x000000bfa0600000,0x000000bfa0700000) (1024K)]
  0x000001c3f52941c0 JavaThread "Timer-2203"                        [_thread_blocked, id=30684, stack(0x000000bfa0800000,0x000000bfa0900000) (1024K)]
  0x000001c3f5293b30 JavaThread "Timer-2204"                        [_thread_blocked, id=25596, stack(0x000000bfa0a00000,0x000000bfa0b00000) (1024K)]
  0x000001c3f5294850 JavaThread "Timer-2205"                        [_thread_blocked, id=9644, stack(0x000000bf6a700000,0x000000bf6a800000) (1024K)]
  0x000001c3f5295c00 JavaThread "Timer-2206"                        [_thread_blocked, id=32408, stack(0x000000bfa0b00000,0x000000bfa0c00000) (1024K)]
  0x000001c3f5295570 JavaThread "Timer-2207"                        [_thread_blocked, id=31648, stack(0x000000bfa0c00000,0x000000bfa0d00000) (1024K)]
  0x000001c3f528c510 JavaThread "Worker-4625: Initialize workspace"        [_thread_blocked, id=8568, stack(0x000000bf9e700000,0x000000bf9e800000) (1024K)]
  0x000001c3f5292780 JavaThread "Timer-2208"                        [_thread_blocked, id=33468, stack(0x000000bfa0500000,0x000000bfa0600000) (1024K)]
  0x000001c3f52913d0 JavaThread "Timer-2209"                        [_thread_blocked, id=1128, stack(0x000000bfa0e00000,0x000000bfa0f00000) (1024K)]
  0x000001c3f5297640 JavaThread "Timer-2210"                        [_thread_blocked, id=28992, stack(0x000000bfa1000000,0x000000bfa1100000) (1024K)]
  0x000001c3f5297cd0 JavaThread "Timer-2211"                        [_thread_blocked, id=31000, stack(0x000000bfa0f00000,0x000000bfa1000000) (1024K)]
  0x000001c3f5298360 JavaThread "Timer-2212"                        [_thread_blocked, id=6096, stack(0x000000bfa1400000,0x000000bfa1500000) (1024K)]
  0x000001c3f5296fb0 JavaThread "Timer-2213"                        [_thread_blocked, id=30596, stack(0x000000bfa1100000,0x000000bfa1200000) (1024K)]
  0x000001c3f5299080 JavaThread "Timer-2214"                        [_thread_blocked, id=33068, stack(0x000000bfa1600000,0x000000bfa1700000) (1024K)]
  0x000001c3f5299710 JavaThread "Timer-2215"                        [_thread_blocked, id=29516, stack(0x000000bfa1700000,0x000000bfa1800000) (1024K)]
  0x000001c3f52934a0 JavaThread "Timer-2216"                        [_thread_blocked, id=24556, stack(0x000000bfa1800000,0x000000bfa1900000) (1024K)]
  0x000001c3f529be70 JavaThread "Timer-2217"                        [_thread_blocked, id=6956, stack(0x000000bfa1a00000,0x000000bfa1b00000) (1024K)]
  0x000001c3f5299da0 JavaThread "Timer-2218"                        [_thread_blocked, id=30560, stack(0x000000bfa1900000,0x000000bfa1a00000) (1024K)]
  0x000001c3f52989f0 JavaThread "Timer-2219"                        [_thread_blocked, id=30500, stack(0x000000bfa1b00000,0x000000bfa1c00000) (1024K)]
  0x000001c3f529c500 JavaThread "Timer-2220"                        [_thread_blocked, id=31932, stack(0x000000bfa1d00000,0x000000bfa1e00000) (1024K)]
  0x000001c3f529cb90 JavaThread "Timer-2221"                        [_thread_blocked, id=29600, stack(0x000000bfa1c00000,0x000000bfa1d00000) (1024K)]
  0x000001c3f529b7e0 JavaThread "Timer-2222"                        [_thread_blocked, id=28684, stack(0x000000bfa1f00000,0x000000bfa2000000) (1024K)]
  0x000001c3f529d8b0 JavaThread "Timer-2223"                        [_thread_blocked, id=33084, stack(0x000000bfa2000000,0x000000bfa2100000) (1024K)]
  0x000001c3f529a430 JavaThread "Timer-2224"                        [_thread_blocked, id=30864, stack(0x000000bfa2100000,0x000000bfa2200000) (1024K)]
  0x000001c3f529df40 JavaThread "Timer-2225"                        [_thread_blocked, id=31380, stack(0x000000bfa2200000,0x000000bfa2300000) (1024K)]
  0x000001c3f529aac0 JavaThread "Timer-2226"                        [_thread_blocked, id=14280, stack(0x000000bfa2400000,0x000000bfa2500000) (1024K)]
  0x000001c3f529e5d0 JavaThread "Timer-2227"                        [_thread_blocked, id=32936, stack(0x000000bfa2300000,0x000000bfa2400000) (1024K)]
  0x000001c3f529b150 JavaThread "Timer-2228"                        [_thread_blocked, id=29024, stack(0x000000bfa2600000,0x000000bfa2700000) (1024K)]
  0x000001c3f52a0d30 JavaThread "Timer-2229"                        [_thread_blocked, id=21324, stack(0x000000bfa2500000,0x000000bfa2600000) (1024K)]
  0x000001c3f529ec60 JavaThread "Timer-2230"                        [_thread_blocked, id=18572, stack(0x000000bfa2800000,0x000000bfa2900000) (1024K)]
  0x000001c3f529f2f0 JavaThread "Timer-2231"                        [_thread_blocked, id=31352, stack(0x000000bfa2900000,0x000000bfa2a00000) (1024K)]
  0x000001c3f529d220 JavaThread "Worker-4687: Initialize workspace"        [_thread_blocked, id=21280, stack(0x000000bfa1e00000,0x000000bfa1f00000) (1024K)]
  0x000001c3f52a2e00 JavaThread "Timer-2232"                        [_thread_blocked, id=32980, stack(0x000000bfa2700000,0x000000bfa2800000) (1024K)]
  0x000001c3f52a0010 JavaThread "Timer-2233"                        [_thread_blocked, id=32884, stack(0x000000bfa2b00000,0x000000bfa2c00000) (1024K)]
  0x000001c3f529f980 JavaThread "Timer-2234"                        [_thread_blocked, id=32752, stack(0x000000bfa2d00000,0x000000bfa2e00000) (1024K)]
  0x000001c3f52a3b20 JavaThread "Timer-2235"                        [_thread_blocked, id=33460, stack(0x000000bfa2c00000,0x000000bfa2d00000) (1024K)]
  0x000001c3f52a3490 JavaThread "Timer-2236"                        [_thread_blocked, id=32524, stack(0x000000bfa2f00000,0x000000bfa3000000) (1024K)]
  0x000001c3f52a13c0 JavaThread "Timer-2237"                        [_thread_blocked, id=31852, stack(0x000000bfa2e00000,0x000000bfa2f00000) (1024K)]
  0x000001c3f52a1a50 JavaThread "Timer-2238"                        [_thread_blocked, id=32612, stack(0x000000bfa3100000,0x000000bfa3200000) (1024K)]
  0x000001c3f52a41b0 JavaThread "Timer-2239"                        [_thread_blocked, id=9040, stack(0x000000bfa3200000,0x000000bfa3300000) (1024K)]
  0x000001c3f52a4840 JavaThread "Worker-4703: Initialize workspace"        [_thread_blocked, id=33204, stack(0x000000bfa3300000,0x000000bfa3400000) (1024K)]
  0x000001c3f52a06a0 JavaThread "Timer-2240"                        [_thread_blocked, id=5360, stack(0x000000bfa2a00000,0x000000bfa2b00000) (1024K)]
  0x000001c3f52a4ed0 JavaThread "Timer-2241"                        [_thread_blocked, id=25492, stack(0x000000bfa3400000,0x000000bfa3500000) (1024K)]
  0x000001c3f52a20e0 JavaThread "Timer-2242"                        [_thread_blocked, id=32244, stack(0x000000bfa3600000,0x000000bfa3700000) (1024K)]
  0x000001c3f52a7630 JavaThread "Timer-2243"                        [_thread_blocked, id=33220, stack(0x000000bfa3500000,0x000000bfa3600000) (1024K)]
  0x000001c3f52a89e0 JavaThread "Timer-2244"                        [_thread_blocked, id=32812, stack(0x000000bfa3800000,0x000000bfa3900000) (1024K)]
  0x000001c3f52a8350 JavaThread "Timer-2245"                        [_thread_blocked, id=33140, stack(0x000000bfa3700000,0x000000bfa3800000) (1024K)]
  0x000001c3f52a7cc0 JavaThread "Timer-2246"                        [_thread_blocked, id=31320, stack(0x000000bfa3a00000,0x000000bfa3b00000) (1024K)]
  0x000001c3f52a9070 JavaThread "Timer-2247"                        [_thread_blocked, id=32508, stack(0x000000bfa3b00000,0x000000bfa3c00000) (1024K)]
  0x000001c3f52a9700 JavaThread "Timer-2248"                        [_thread_blocked, id=28892, stack(0x000000bfa3e00000,0x000000bfa3f00000) (1024K)]
  0x000001c3f52a6280 JavaThread "Timer-2249"                        [_thread_blocked, id=5680, stack(0x000000bfa3900000,0x000000bfa3a00000) (1024K)]
  0x000001c3f52a6fa0 JavaThread "Timer-2250"                        [_thread_blocked, id=32200, stack(0x000000bfa3f00000,0x000000bfa4000000) (1024K)]
  0x000001c3f52a9d90 JavaThread "Timer-2251"                        [_thread_blocked, id=30900, stack(0x000000bfa3c00000,0x000000bfa3d00000) (1024K)]
  0x000001c3f52a6910 JavaThread "Timer-2252"                        [_thread_blocked, id=27392, stack(0x000000bfa4100000,0x000000bfa4200000) (1024K)]
  0x000001c3f52aaab0 JavaThread "Timer-2253"                        [_thread_blocked, id=27644, stack(0x000000bfa4000000,0x000000bfa4100000) (1024K)]
  0x000001c3f52acb80 JavaThread "Timer-2254"                        [_thread_blocked, id=22592, stack(0x000000bfa4300000,0x000000bfa4400000) (1024K)]
  0x000001c3f52ad8a0 JavaThread "Timer-2255"                        [_thread_blocked, id=31752, stack(0x000000bfa4500000,0x000000bfa4600000) (1024K)]
  0x000001c3f52a5560 JavaThread "Worker-4746: Initialize workspace"        [_thread_blocked, id=29940, stack(0x000000bfa3000000,0x000000bfa3100000) (1024K)]
  0x000001c3f52ab140 JavaThread "Timer-2256"                        [_thread_blocked, id=31372, stack(0x000000bfa4900000,0x000000bfa4a00000) (1024K)]
  0x000001c3f52ae5c0 JavaThread "Timer-2257"                        [_thread_blocked, id=33776, stack(0x000000bfa4200000,0x000000bfa4300000) (1024K)]
  0x000001c3f52ad210 JavaThread "Timer-2258"                        [_thread_blocked, id=11632, stack(0x000000bfa4700000,0x000000bfa4800000) (1024K)]
  0x000001c3f52a5bf0 JavaThread "Timer-2259"                        [_thread_blocked, id=26348, stack(0x000000bfa3d00000,0x000000bfa3e00000) (1024K)]
  0x000001c3f52abe60 JavaThread "Timer-2260"                        [_thread_blocked, id=30856, stack(0x000000bfa4a00000,0x000000bfa4b00000) (1024K)]
  0x000001c3f52aa420 JavaThread "Timer-2261"                        [_thread_blocked, id=31592, stack(0x000000bfa4800000,0x000000bfa4900000) (1024K)]
  0x000001c3f52ab7d0 JavaThread "Timer-2262"                        [_thread_blocked, id=20592, stack(0x000000bfa4c00000,0x000000bfa4d00000) (1024K)]
  0x000001c3f52af2e0 JavaThread "Timer-2263"                        [_thread_blocked, id=26024, stack(0x000000bfa4d00000,0x000000bfa4e00000) (1024K)]
  0x000001c3f52af970 JavaThread "Worker-4770: Initialize workspace"        [_thread_blocked, id=31720, stack(0x000000bfa4600000,0x000000bfa4700000) (1024K)]
  0x000001c3f52ac4f0 JavaThread "Timer-2264"                        [_thread_blocked, id=27164, stack(0x000000bfa4b00000,0x000000bfa4c00000) (1024K)]
  0x000001c3f52adf30 JavaThread "Timer-2265"                        [_thread_blocked, id=31556, stack(0x000000bfa4e00000,0x000000bfa4f00000) (1024K)]
  0x000001c3f52b0690 JavaThread "Timer-2266"                        [_thread_blocked, id=15604, stack(0x000000bfa5000000,0x000000bfa5100000) (1024K)]
  0x000001c3f5270d60 JavaThread "Timer-2267"                        [_thread_blocked, id=33692, stack(0x000000bfa5100000,0x000000bfa5200000) (1024K)]
  0x000001c3f5274870 JavaThread "Timer-2268"                        [_thread_blocked, id=31236, stack(0x000000bfa5300000,0x000000bfa5400000) (1024K)]
  0x000001c3f5273b50 JavaThread "Timer-2269"                        [_thread_blocked, id=15892, stack(0x000000bfa5200000,0x000000bfa5300000) (1024K)]
  0x000001c3f5272110 JavaThread "Timer-2270"                        [_thread_blocked, id=28032, stack(0x000000bfa5500000,0x000000bfa5600000) (1024K)]
  0x000001c3f52713f0 JavaThread "Timer-2271"                        [_thread_blocked, id=21320, stack(0x000000bfa5600000,0x000000bfa5700000) (1024K)]
  0x000001c3f52734c0 JavaThread "Timer-2272"                        [_thread_blocked, id=29760, stack(0x000000bfa5700000,0x000000bfa5800000) (1024K)]
  0x000001c3f5271a80 JavaThread "Timer-2273"                        [_thread_blocked, id=31992, stack(0x000000bfa5800000,0x000000bfa5900000) (1024K)]
  0x000001c3f52762b0 JavaThread "Timer-2274"                        [_thread_blocked, id=28924, stack(0x000000bfa5900000,0x000000bfa5a00000) (1024K)]
  0x000001c3f5276fd0 JavaThread "Timer-2275"                        [_thread_blocked, id=29792, stack(0x000000bfa5a00000,0x000000bfa5b00000) (1024K)]
  0x000001c3f5275590 JavaThread "Timer-2276"                        [_thread_blocked, id=31516, stack(0x000000bfa5c00000,0x000000bfa5d00000) (1024K)]
  0x000001c3f5275c20 JavaThread "Timer-2277"                        [_thread_blocked, id=32636, stack(0x000000bfa5b00000,0x000000bfa5c00000) (1024K)]
  0x000001c3f5277660 JavaThread "Timer-2278"                        [_thread_blocked, id=33464, stack(0x000000bfa5e00000,0x000000bfa5f00000) (1024K)]
  0x000001c3f52741e0 JavaThread "Timer-2279"                        [_thread_blocked, id=25176, stack(0x000000bfa5f00000,0x000000bfa6000000) (1024K)]
  0x000001c3f5277cf0 JavaThread "Worker-4808: Initialize workspace"        [_thread_blocked, id=29652, stack(0x000000bfa5d00000,0x000000bfa5e00000) (1024K)]
  0x000001c3f52727a0 JavaThread "Timer-2280"                        [_thread_blocked, id=26444, stack(0x000000bfa6000000,0x000000bfa6100000) (1024K)]
  0x000001c3f52790a0 JavaThread "Timer-2281"                        [_thread_blocked, id=23496, stack(0x000000bfa6200000,0x000000bfa6300000) (1024K)]
  0x000001c3f527a450 JavaThread "Timer-2282"                        [_thread_blocked, id=30464, stack(0x000000bfa6100000,0x000000bfa6200000) (1024K)]
  0x000001c3f527b170 JavaThread "Timer-2283"                        [_thread_blocked, id=29568, stack(0x000000bfa6300000,0x000000bfa6400000) (1024K)]
  0x000001c3f527aae0 JavaThread "Timer-2284"                        [_thread_blocked, id=30040, stack(0x000000bfa6500000,0x000000bfa6600000) (1024K)]
  0x000001c3f5279730 JavaThread "Timer-2285"                        [_thread_blocked, id=14204, stack(0x000000bfa6400000,0x000000bfa6500000) (1024K)]
  0x000001c3f5279dc0 JavaThread "Timer-2286"                        [_thread_blocked, id=30152, stack(0x000000bfa6700000,0x000000bfa6800000) (1024K)]
  0x000001c3f5278a10 JavaThread "Timer-2287"                        [_thread_blocked, id=28808, stack(0x000000bfa6a00000,0x000000bfa6b00000) (1024K)]
  0x000001c3f5276940 JavaThread "Worker-4831: Initialize workspace"        [_thread_blocked, id=32108, stack(0x000000bfa5400000,0x000000bfa5500000) (1024K)]
  0x000001c3f527b800 JavaThread "Timer-2288"                        [_thread_blocked, id=21992, stack(0x000000bfa6600000,0x000000bfa6700000) (1024K)]
  0x000001c3f5278380 JavaThread "Timer-2289"                        [_thread_blocked, id=32172, stack(0x000000bfa6800000,0x000000bfa6900000) (1024K)]
  0x000001c3f527e5f0 JavaThread "Timer-2290"                        [_thread_blocked, id=24052, stack(0x000000bfa6c00000,0x000000bfa6d00000) (1024K)]
  0x000001c3f527c520 JavaThread "Timer-2291"                        [_thread_blocked, id=29596, stack(0x000000bfa6b00000,0x000000bfa6c00000) (1024K)]
  0x000001c3f527cbb0 JavaThread "Timer-2292"                        [_thread_blocked, id=22164, stack(0x000000bfa6e00000,0x000000bfa6f00000) (1024K)]
  0x000001c3f527d240 JavaThread "Timer-2293"                        [_thread_blocked, id=33216, stack(0x000000bfa6d00000,0x000000bfa6e00000) (1024K)]
  0x000001c3f527df60 JavaThread "Timer-2294"                        [_thread_blocked, id=31580, stack(0x000000bfa7000000,0x000000bfa7100000) (1024K)]
  0x000001c3f527f310 JavaThread "Timer-2295"                        [_thread_blocked, id=22268, stack(0x000000bfa7100000,0x000000bfa7200000) (1024K)]
  0x000001c3f527be90 JavaThread "Timer-2296"                        [_thread_blocked, id=2952, stack(0x000000bfa6f00000,0x000000bfa7000000) (1024K)]
  0x000001c3f5280030 JavaThread "Timer-2297"                        [_thread_blocked, id=19240, stack(0x000000bfa7200000,0x000000bfa7300000) (1024K)]
  0x000001c3f5282100 JavaThread "Timer-2298"                        [_thread_blocked, id=29128, stack(0x000000bfa7400000,0x000000bfa7500000) (1024K)]
  0x000001c3f52806c0 JavaThread "Timer-2299"                        [_thread_blocked, id=31880, stack(0x000000bfa7500000,0x000000bfa7600000) (1024K)]
  0x000001c3f5280d50 JavaThread "Timer-2300"                        [_thread_blocked, id=12872, stack(0x000000bfa7700000,0x000000bfa7800000) (1024K)]
  0x000001c3f52813e0 JavaThread "Timer-2301"                        [_thread_blocked, id=30888, stack(0x000000bfa7600000,0x000000bfa7700000) (1024K)]
  0x000001c3f5281a70 JavaThread "Timer-2302"                        [_thread_blocked, id=29736, stack(0x000000bfa7900000,0x000000bfa7a00000) (1024K)]
  0x000001c3f527f9a0 JavaThread "Timer-2303"                        [_thread_blocked, id=29276, stack(0x000000bfa7a00000,0x000000bfa7b00000) (1024K)]
  0x000001c3f5285580 JavaThread "Timer-2304"                        [_thread_blocked, id=32256, stack(0x000000bfa7800000,0x000000bfa7900000) (1024K)]
  0x000001c3f5285c10 JavaThread "Timer-2305"                        [_thread_blocked, id=25296, stack(0x000000bfa7c00000,0x000000bfa7d00000) (1024K)]
  0x000001c3f5283b40 JavaThread "Timer-2306"                        [_thread_blocked, id=30528, stack(0x000000bfa7e00000,0x000000bfa7f00000) (1024K)]
  0x000001c3f52834b0 JavaThread "Timer-2307"                        [_thread_blocked, id=3332, stack(0x000000bfa7d00000,0x000000bfa7e00000) (1024K)]
  0x000001c3f52862a0 JavaThread "Timer-2308"                        [_thread_blocked, id=31464, stack(0x000000bfa8000000,0x000000bfa8100000) (1024K)]
  0x000001c3f5284ef0 JavaThread "Timer-2309"                        [_thread_blocked, id=16456, stack(0x000000bfa7f00000,0x000000bfa8000000) (1024K)]
  0x000001c3f5286930 JavaThread "Timer-2310"                        [_thread_blocked, id=10760, stack(0x000000bfa8200000,0x000000bfa8300000) (1024K)]
  0x000001c3f5284860 JavaThread "Timer-2311"                        [_thread_blocked, id=20500, stack(0x000000bfa8400000,0x000000bfa8500000) (1024K)]
  0x000001c3f5282e20 JavaThread "Worker-4894: Initialize workspace"        [_thread_blocked, id=29632, stack(0x000000bfa8100000,0x000000bfa8200000) (1024K)]
  0x000001c3f5286fc0 JavaThread "Timer-2312"                        [_thread_blocked, id=30956, stack(0x000000bfa8300000,0x000000bfa8400000) (1024K)]
  0x000001c3f5287650 JavaThread "Timer-2313"                        [_thread_blocked, id=30016, stack(0x000000bfa8500000,0x000000bfa8600000) (1024K)]
  0x000001c3f52841d0 JavaThread "Timer-2314"                        [_thread_blocked, id=29740, stack(0x000000bfa8700000,0x000000bfa8800000) (1024K)]
  0x000001c3f5288370 JavaThread "Timer-2315"                        [_thread_blocked, id=33708, stack(0x000000bfa8600000,0x000000bfa8700000) (1024K)]
  0x000001c3f5289db0 JavaThread "Timer-2316"                        [_thread_blocked, id=27440, stack(0x000000bfa8900000,0x000000bfa8a00000) (1024K)]
  0x000001c3f5288a00 JavaThread "Timer-2317"                        [_thread_blocked, id=21876, stack(0x000000bfa8800000,0x000000bfa8900000) (1024K)]
  0x000001c3f528a440 JavaThread "Timer-2318"                        [_thread_blocked, id=32944, stack(0x000000bfa8b00000,0x000000bfa8c00000) (1024K)]
  0x000001c3f528aad0 JavaThread "Timer-2319"                        [_thread_blocked, id=29824, stack(0x000000bfa8c00000,0x000000bfa8d00000) (1024K)]
  0x000001c3f5287ce0 JavaThread "Timer-2320"                        [_thread_blocked, id=30788, stack(0x000000bfa8d00000,0x000000bfa8e00000) (1024K)]
  0x000001c3f52a2770 JavaThread "Timer-2321"                        [_thread_blocked, id=32308, stack(0x000000bfa8f00000,0x000000bfa9000000) (1024K)]
  0x000001c3f52aec50 JavaThread "Timer-2322"                        [_thread_blocked, id=32480, stack(0x000000bfa8e00000,0x000000bfa8f00000) (1024K)]
  0x000001c3f52b0000 JavaThread "Timer-2323"                        [_thread_blocked, id=32540, stack(0x000000bfa9000000,0x000000bfa9100000) (1024K)]
  0x000001c3f5289720 JavaThread "Timer-2324"                        [_thread_blocked, id=8572, stack(0x000000bfa9200000,0x000000bfa9300000) (1024K)]
  0x000001c3e1743480 JavaThread "Timer-2325"                        [_thread_blocked, id=30540, stack(0x000000bfa9100000,0x000000bfa9200000) (1024K)]
  0x000001c3e2a32a00 JavaThread "Timer-2326"                        [_thread_blocked, id=31840, stack(0x000000bfa9400000,0x000000bfa9500000) (1024K)]
  0x000001c3e30fe470 JavaThread "Timer-2327"                        [_thread_blocked, id=29576, stack(0x000000bfa9500000,0x000000bfa9600000) (1024K)]
  0x000001c3e3101260 JavaThread "Worker-4935: Initialize workspace"        [_thread_blocked, id=26704, stack(0x000000bfa6900000,0x000000bfa6a00000) (1024K)]
  0x000001c3e30ff190 JavaThread "Timer-2328"                        [_thread_blocked, id=28928, stack(0x000000bfa9300000,0x000000bfa9400000) (1024K)]
  0x000001c3e3100bd0 JavaThread "Timer-2329"                        [_thread_blocked, id=30616, stack(0x000000bfa8a00000,0x000000bfa8b00000) (1024K)]
  0x000001c3e30ffeb0 JavaThread "Timer-2330"                        [_thread_blocked, id=19784, stack(0x000000bfa9900000,0x000000bfa9a00000) (1024K)]
  0x000001c3e3101f80 JavaThread "Timer-2331"                        [_thread_blocked, id=27160, stack(0x000000bfa9600000,0x000000bfa9700000) (1024K)]
  0x000001c3e3102610 JavaThread "Timer-2332"                        [_thread_blocked, id=32560, stack(0x000000bfa9b00000,0x000000bfa9c00000) (1024K)]
  0x000001c3e30feb00 JavaThread "Timer-2333"                        [_thread_blocked, id=31940, stack(0x000000bfa9a00000,0x000000bfa9b00000) (1024K)]
  0x000001c3e3102ca0 JavaThread "Timer-2334"                        [_thread_blocked, id=31544, stack(0x000000bfa9d00000,0x000000bfa9e00000) (1024K)]
  0x000001c3e3104050 JavaThread "Timer-2335"                        [_thread_blocked, id=33548, stack(0x000000bfa9e00000,0x000000bfa9f00000) (1024K)]
  0x000001c3e31067b0 JavaThread "Timer-2336"                        [_thread_blocked, id=32180, stack(0x000000bfa9f00000,0x000000bfaa000000) (1024K)]
  0x000001c3e3106120 JavaThread "Timer-2337"                        [_thread_blocked, id=33544, stack(0x000000bfa9c00000,0x000000bfa9d00000) (1024K)]
  0x000001c3e31039c0 JavaThread "Timer-2338"                        [_thread_blocked, id=31788, stack(0x000000bfaa200000,0x000000bfaa300000) (1024K)]
  0x000001c3e3103330 JavaThread "Timer-2339"                        [_thread_blocked, id=31384, stack(0x000000bf67600000,0x000000bf67700000) (1024K)]
  0x000001c3e3106e40 JavaThread "Timer-2340"                        [_thread_blocked, id=19656, stack(0x000000bfaa300000,0x000000bfaa400000) (1024K)]
  0x000001c3e3107b60 JavaThread "Timer-2341"                        [_thread_blocked, id=28424, stack(0x000000bfaa100000,0x000000bfaa200000) (1024K)]
  0x000001c3e3104d70 JavaThread "Timer-2342"                        [_thread_blocked, id=16728, stack(0x000000bfaa500000,0x000000bfaa600000) (1024K)]
  0x000001c3e31046e0 JavaThread "Timer-2343"                        [_thread_blocked, id=2464, stack(0x000000bfaa600000,0x000000bfaa700000) (1024K)]
  0x000001c3e3105400 JavaThread "Worker-4980: Initialize workspace"        [_thread_blocked, id=29672, stack(0x000000bfaa900000,0x000000bfaaa00000) (1024K)]
  0x000001c3e3108880 JavaThread "Timer-2344"                        [_thread_blocked, id=29028, stack(0x000000bfaa800000,0x000000bfaa900000) (1024K)]
  0x000001c3e31081f0 JavaThread "Timer-2345"                        [_thread_blocked, id=32208, stack(0x000000bfaa700000,0x000000bfaa800000) (1024K)]
  0x000001c3e31018f0 JavaThread "Timer-2346"                        [_thread_blocked, id=17076, stack(0x000000bfaaa00000,0x000000bfaab00000) (1024K)]
  0x000001c3e3105a90 JavaThread "Timer-2347"                        [_thread_blocked, id=33172, stack(0x000000bfaa000000,0x000000bfaa100000) (1024K)]
  0x000001c3e310a950 JavaThread "Timer-2348"                        [_thread_blocked, id=29348, stack(0x000000bfaab00000,0x000000bfaac00000) (1024K)]
  0x000001c3e31095a0 JavaThread "Timer-2349"                        [_thread_blocked, id=31672, stack(0x000000bfaac00000,0x000000bfaad00000) (1024K)]
  0x000001c3e310a2c0 JavaThread "Timer-2350"                        [_thread_blocked, id=25884, stack(0x000000bfaae00000,0x000000bfaaf00000) (1024K)]
  0x000001c3e3108f10 JavaThread "Timer-2351"                        [_thread_blocked, id=22032, stack(0x000000bfab000000,0x000000bfab100000) (1024K)]
  0x000001c3e3109c30 JavaThread "Worker-4999: Initialize workspace"        [_thread_blocked, id=31060, stack(0x000000bfaa400000,0x000000bfaa500000) (1024K)]
  0x000001c3e31074d0 JavaThread "Timer-2352"                        [_thread_blocked, id=28288, stack(0x000000bfaad00000,0x000000bfaae00000) (1024K)]
  0x000001c3e310afe0 JavaThread "Timer-2353"                        [_thread_blocked, id=32460, stack(0x000000bfab100000,0x000000bfab200000) (1024K)]
  0x000001c3e310d740 JavaThread "Timer-2354"                        [_thread_blocked, id=3276, stack(0x000000bfab300000,0x000000bfab400000) (1024K)]
  0x000001c3e310ddd0 JavaThread "Timer-2355"                        [_thread_blocked, id=13684, stack(0x000000bfab200000,0x000000bfab300000) (1024K)]
  0x000001c3e310c390 JavaThread "Timer-2356"                        [_thread_blocked, id=25680, stack(0x000000bfab500000,0x000000bfab600000) (1024K)]
  0x000001c3e310e460 JavaThread "Timer-2357"                        [_thread_blocked, id=34256, stack(0x000000bfab400000,0x000000bfab500000) (1024K)]
  0x000001c3e310eaf0 JavaThread "Timer-2358"                        [_thread_blocked, id=34268, stack(0x000000bfab600000,0x000000bfab700000) (1024K)]
  0x000001c3e310b670 JavaThread "Timer-2359"                        [_thread_blocked, id=34296, stack(0x000000bfab800000,0x000000bfab900000) (1024K)]
  0x000001c3e310fea0 JavaThread "Timer-2360"                        [_thread_blocked, id=34520, stack(0x000000bfabb00000,0x000000bfabc00000) (1024K)]
  0x000001c3e310bd00 JavaThread "Timer-2361"                        [_thread_blocked, id=34536, stack(0x000000bfab700000,0x000000bfab800000) (1024K)]
  0x000001c3e310ca20 JavaThread "Timer-2362"                        [_thread_blocked, id=34544, stack(0x000000bfaaf00000,0x000000bfab000000) (1024K)]
  0x000001c3e3111f70 JavaThread "Timer-2363"                        [_thread_blocked, id=34548, stack(0x000000bf9a700000,0x000000bf9a800000) (1024K)]
  0x000001c3e3111250 JavaThread "Timer-2364"                        [_thread_blocked, id=34556, stack(0x000000bfabc00000,0x000000bfabd00000) (1024K)]
  0x000001c3e3110530 JavaThread "Timer-2365"                        [_thread_blocked, id=34768, stack(0x000000bf9aa00000,0x000000bf9ab00000) (1024K)]
  0x000001c3e3112600 JavaThread "Timer-2366"                        [_thread_blocked, id=34776, stack(0x000000bfabe00000,0x000000bfabf00000) (1024K)]
  0x000001c3e3113320 JavaThread "Timer-2367"                        [_thread_blocked, id=8160, stack(0x000000bfac000000,0x000000bfac100000) (1024K)]
  0x000001c3e3112c90 JavaThread "Worker-5045: Initialize workspace"        [_thread_blocked, id=33968, stack(0x000000bfabf00000,0x000000bfac000000) (1024K)]
  0x000001c3e310f180 JavaThread "Timer-2368"                        [_thread_blocked, id=33828, stack(0x000000bfab900000,0x000000bfaba00000) (1024K)]
  0x000001c3e31167a0 JavaThread "Timer-2369"                        [_thread_blocked, id=33824, stack(0x000000bfac100000,0x000000bfac200000) (1024K)]
  0x000001c3e310d0b0 JavaThread "Timer-2370"                        [_thread_blocked, id=34020, stack(0x000000bfabd00000,0x000000bfabe00000) (1024K)]
  0x000001c3e31139b0 JavaThread "Timer-2371"                        [_thread_blocked, id=34236, stack(0x000000bfac200000,0x000000bfac300000) (1024K)]
  0x000001c3e3116110 JavaThread "Timer-2372"                        [_thread_blocked, id=34176, stack(0x000000bfac500000,0x000000bfac600000) (1024K)]
  0x000001c3e3116e30 JavaThread "Timer-2373"                        [_thread_blocked, id=34604, stack(0x000000bfac400000,0x000000bfac500000) (1024K)]
  0x000001c3e3115a80 JavaThread "Timer-2374"                        [_thread_blocked, id=34748, stack(0x000000bfac700000,0x000000bfac800000) (1024K)]
  0x000001c3e3114040 JavaThread "Timer-2375"                        [_thread_blocked, id=34728, stack(0x000000bfac900000,0x000000bfaca00000) (1024K)]
  0x000001c3e310f810 JavaThread "Worker-5066: Initialize workspace"        [_thread_blocked, id=34780, stack(0x000000bfaba00000,0x000000bfabb00000) (1024K)]
  0x000001c3e31181e0 JavaThread "Timer-2376"                        [_thread_blocked, id=33456, stack(0x000000bfacc00000,0x000000bfacd00000) (1024K)]
  0x000001c3e31174c0 JavaThread "Timer-2377"                        [_thread_blocked, id=30252, stack(0x000000bfac600000,0x000000bfac700000) (1024K)]
  0x000001c3e3117b50 JavaThread "Timer-2378"                        [_thread_blocked, id=33916, stack(0x000000bfacd00000,0x000000bface00000) (1024K)]
  0x000001c3e3114d60 JavaThread "Timer-2379"                        [_thread_blocked, id=33936, stack(0x000000bfac800000,0x000000bfac900000) (1024K)]
  0x000001c3e31153f0 JavaThread "Timer-2380"                        [_thread_blocked, id=25796, stack(0x000000bface00000,0x000000bfacf00000) (1024K)]
  0x000001c3e3119c20 JavaThread "Timer-2381"                        [_thread_blocked, id=33180, stack(0x000000bfaca00000,0x000000bfacb00000) (1024K)]
  0x000001c3e311a940 JavaThread "Timer-2382"                        [_thread_blocked, id=34040, stack(0x000000bfad000000,0x000000bfad100000) (1024K)]
  0x000001c3e311afd0 JavaThread "Timer-2383"                        [_thread_blocked, id=33988, stack(0x000000bfad200000,0x000000bfad300000) (1024K)]
  0x000001c3e311b660 JavaThread "Timer-2384"                        [_thread_blocked, id=34740, stack(0x000000bfacf00000,0x000000bfad000000) (1024K)]
  0x000001c3e311a2b0 JavaThread "Timer-2385"                        [_thread_blocked, id=34620, stack(0x000000bfad300000,0x000000bfad400000) (1024K)]
  0x000001c3e3118870 JavaThread "Timer-2386"                        [_thread_blocked, id=34636, stack(0x000000bfad500000,0x000000bfad600000) (1024K)]
  0x000001c3e311eae0 JavaThread "Timer-2387"                        [_thread_blocked, id=34564, stack(0x000000bfad400000,0x000000bfad500000) (1024K)]
  0x000001c3e311f170 JavaThread "Timer-2388"                        [_thread_blocked, id=33500, stack(0x000000bfad700000,0x000000bfad800000) (1024K)]
  0x000001c3e311c380 JavaThread "Timer-2389"                        [_thread_blocked, id=3972, stack(0x000000bfad600000,0x000000bfad700000) (1024K)]
  0x000001c3e311f800 JavaThread "Timer-2390"                        [_thread_blocked, id=34516, stack(0x000000bfad900000,0x000000bfada00000) (1024K)]
  0x000001c3e311fe90 JavaThread "Timer-2391"                        [_thread_blocked, id=30820, stack(0x000000bfada00000,0x000000bfadb00000) (1024K)]
  0x000001c3e311bcf0 JavaThread "Worker-5110: Initialize workspace"        [_thread_blocked, id=34084, stack(0x000000bfad800000,0x000000bfad900000) (1024K)]
  0x000001c3e3120bb0 JavaThread "Timer-2392"                        [_thread_blocked, id=34480, stack(0x000000bfadd00000,0x000000bfade00000) (1024K)]
  0x000001c3e3118f00 JavaThread "Timer-2393"                        [_thread_blocked, id=34488, stack(0x000000bfacb00000,0x000000bfacc00000) (1024K)]
  0x000001c3e311ddc0 JavaThread "Timer-2394"                        [_thread_blocked, id=34388, stack(0x000000bfadb00000,0x000000bfadc00000) (1024K)]
  0x000001c3e31218d0 JavaThread "Timer-2395"                        [_thread_blocked, id=34328, stack(0x000000bfade00000,0x000000bfadf00000) (1024K)]
  0x000001c3e3120520 JavaThread "Timer-2396"                        [_thread_blocked, id=16324, stack(0x000000bfae000000,0x000000bfae100000) (1024K)]
  0x000001c3e3121240 JavaThread "Timer-2397"                        [_thread_blocked, id=34560, stack(0x000000bfadf00000,0x000000bfae000000) (1024K)]
  0x000001c3e3124030 JavaThread "Timer-2398"                        [_thread_blocked, id=34412, stack(0x000000bfae200000,0x000000bfae300000) (1024K)]
  0x000001c3e31246c0 JavaThread "Timer-2399"                        [_thread_blocked, id=34248, stack(0x000000bfae300000,0x000000bfae400000) (1024K)]
  0x000001c3e311d730 JavaThread "Worker-5129: Initialize workspace"        [_thread_blocked, id=34144, stack(0x000000bfadc00000,0x000000bfadd00000) (1024K)]
  0x000001c3e3123310 JavaThread "Timer-2400"                        [_thread_blocked, id=33924, stack(0x000000bfae700000,0x000000bfae800000) (1024K)]
  0x000001c3e311e450 JavaThread "Timer-2401"                        [_thread_blocked, id=34736, stack(0x000000bfae100000,0x000000bfae200000) (1024K)]
  0x000001c3e3121f60 JavaThread "Timer-2402"                        [_thread_blocked, id=34704, stack(0x000000bfae400000,0x000000bfae500000) (1024K)]
  0x000001c3e31239a0 JavaThread "Timer-2403"                        [_thread_blocked, id=34716, stack(0x000000bfae500000,0x000000bfae600000) (1024K)]
  0x000001c3e31225f0 JavaThread "Timer-2404"                        [_thread_blocked, id=34552, stack(0x000000bfae900000,0x000000bfaea00000) (1024K)]
  0x000001c3e30e5420 JavaThread "Timer-2405"                        [_thread_blocked, id=34420, stack(0x000000bfae800000,0x000000bfae900000) (1024K)]
  0x000001c3e30e67d0 JavaThread "Timer-2406"                        [_thread_blocked, id=33168, stack(0x000000bfaeb00000,0x000000bfaec00000) (1024K)]
  0x000001c3e30e4d90 JavaThread "Timer-2407"                        [_thread_blocked, id=29640, stack(0x000000bfaed00000,0x000000bfaee00000) (1024K)]
  0x000001c3e30e6e60 JavaThread "Timer-2408"                        [_thread_blocked, id=34772, stack(0x000000bfaec00000,0x000000bfaed00000) (1024K)]
  0x000001c3e30e6140 JavaThread "Timer-2409"                        [_thread_blocked, id=34756, stack(0x000000bfaee00000,0x000000bfaef00000) (1024K)]
  0x000001c3e30e5ab0 JavaThread "Timer-2410"                        [_thread_blocked, id=3464, stack(0x000000bfaf000000,0x000000bfaf100000) (1024K)]
  0x000001c3e30e4070 JavaThread "Timer-2411"                        [_thread_blocked, id=33880, stack(0x000000bfaef00000,0x000000bfaf000000) (1024K)]
  0x000001c3e30e4700 JavaThread "Timer-2412"                        [_thread_blocked, id=33872, stack(0x000000bfaf200000,0x000000bfaf300000) (1024K)]
  0x000001c3e30ea970 JavaThread "Timer-2413"                        [_thread_blocked, id=34332, stack(0x000000bfaf100000,0x000000bfaf200000) (1024K)]
  0x000001c3e30ea2e0 JavaThread "Timer-2414"                        [_thread_blocked, id=28932, stack(0x000000bfaf400000,0x000000bfaf500000) (1024K)]
  0x000001c3e30e9c50 JavaThread "Timer-2415"                        [_thread_blocked, id=33956, stack(0x000000bfaf500000,0x000000bfaf600000) (1024K)]
  0x000001c3e30e74f0 JavaThread "Timer-2416"                        [_thread_blocked, id=8148, stack(0x000000bfaf600000,0x000000bfaf700000) (1024K)]
  0x000001c3e30eb000 JavaThread "Timer-2417"                        [_thread_blocked, id=34064, stack(0x000000bfaf700000,0x000000bfaf800000) (1024K)]
  0x000001c3e30e7b80 JavaThread "Timer-2418"                        [_thread_blocked, id=30004, stack(0x000000bfaf900000,0x000000bfafa00000) (1024K)]
  0x000001c3e30e8210 JavaThread "Timer-2419"                        [_thread_blocked, id=31960, stack(0x000000bfafa00000,0x000000bfafb00000) (1024K)]
  0x000001c3e30ec3b0 JavaThread "Timer-2420"                        [_thread_blocked, id=34048, stack(0x000000bfaf800000,0x000000bfaf900000) (1024K)]
  0x000001c3e30eca40 JavaThread "Timer-2421"                        [_thread_blocked, id=33840, stack(0x000000bfafb00000,0x000000bfafc00000) (1024K)]
  0x000001c3e30eeb10 JavaThread "Timer-2422"                        [_thread_blocked, id=31892, stack(0x000000bfafd00000,0x000000bfafe00000) (1024K)]
  0x000001c3e30eb690 JavaThread "Timer-2423"                        [_thread_blocked, id=3152, stack(0x000000bfafe00000,0x000000bfaff00000) (1024K)]
  0x000001c3e30ef1a0 JavaThread "Worker-5197: Initialize workspace"        [_thread_blocked, id=30088, stack(0x000000bfafc00000,0x000000bfafd00000) (1024K)]
  0x000001c3e30e88a0 JavaThread "Timer-2424"                        [_thread_blocked, id=17944, stack(0x000000bfaff00000,0x000000bfb0000000) (1024K)]
  0x000001c3e30ef830 JavaThread "Timer-2425"                        [_thread_blocked, id=34104, stack(0x000000bfb0000000,0x000000bfb0100000) (1024K)]
  0x000001c3e30efec0 JavaThread "Timer-2426"                        [_thread_blocked, id=34108, stack(0x000000bfb0200000,0x000000bfb0300000) (1024K)]
  0x000001c3e30f0550 JavaThread "Timer-2427"                        [_thread_blocked, id=27836, stack(0x000000bfb0100000,0x000000bfb0200000) (1024K)]
  0x000001c3e30ed0d0 JavaThread "Timer-2428"                        [_thread_blocked, id=34156, stack(0x000000bfb0400000,0x000000bfb0500000) (1024K)]
  0x000001c3e30f0be0 JavaThread "Timer-2429"                        [_thread_blocked, id=34484, stack(0x000000bfb0300000,0x000000bfb0400000) (1024K)]
  0x000001c3e30eddf0 JavaThread "Timer-2430"                        [_thread_blocked, id=31608, stack(0x000000bfb0600000,0x000000bfb0700000) (1024K)]
  0x000001c3e30ed760 JavaThread "Timer-2431"                        [_thread_blocked, id=34316, stack(0x000000bfb0700000,0x000000bfb0800000) (1024K)]
  0x000001c3e30e95c0 JavaThread "Worker-5216: Initialize workspace"        [_thread_blocked, id=34164, stack(0x000000bfb0500000,0x000000bfb0600000) (1024K)]
  0x000001c3e30f1270 JavaThread "Timer-2432"                        [_thread_blocked, id=33972, stack(0x000000bfaf300000,0x000000bfaf400000) (1024K)]
  0x000001c3e30f39d0 JavaThread "Timer-2433"                        [_thread_blocked, id=33944, stack(0x000000bfb0800000,0x000000bfb0900000) (1024K)]
  0x000001c3e30f1900 JavaThread "Timer-2434"                        [_thread_blocked, id=34168, stack(0x000000bfb0b00000,0x000000bfb0c00000) (1024K)]
  0x000001c3e30f4060 JavaThread "Timer-2435"                        [_thread_blocked, id=33832, stack(0x000000bfb0a00000,0x000000bfb0b00000) (1024K)]
  0x000001c3e30f46f0 JavaThread "Timer-2436"                        [_thread_blocked, id=33928, stack(0x000000bfb0d00000,0x000000bfb0e00000) (1024K)]
  0x000001c3e30f2cb0 JavaThread "Timer-2437"                        [_thread_blocked, id=29220, stack(0x000000bfb0c00000,0x000000bfb0d00000) (1024K)]
  0x000001c3e30f4d80 JavaThread "Timer-2438"                        [_thread_blocked, id=33756, stack(0x000000bfb0f00000,0x000000bfb1000000) (1024K)]
  0x000001c3e30f5410 JavaThread "Timer-2439"                        [_thread_blocked, id=29228, stack(0x000000bfb1000000,0x000000bfb1100000) (1024K)]
  0x000001c3e30ee480 JavaThread "Worker-5233: Initialize workspace"        [_thread_blocked, id=34016, stack(0x000000bfb0900000,0x000000bfb0a00000) (1024K)]
  0x000001c3e30f1f90 JavaThread "Worker-5239: Initialize workspace"        [_thread_blocked, id=32800, stack(0x000000bfb0e00000,0x000000bfb0f00000) (1024K)]
  0x000001c3e30ebd20 JavaThread "Timer-2440"                        [_thread_blocked, id=20516, stack(0x000000bfaea00000,0x000000bfaeb00000) (1024K)]
  0x000001c3e30f2620 JavaThread "Timer-2441"                        [_thread_blocked, id=34324, stack(0x000000bfb1400000,0x000000bfb1500000) (1024K)]
  0x000001c3e30f6130 JavaThread "Timer-2442"                        [_thread_blocked, id=32396, stack(0x000000bfb1600000,0x000000bfb1700000) (1024K)]
  0x000001c3e30f67c0 JavaThread "Timer-2443"                        [_thread_blocked, id=31780, stack(0x000000bfb1500000,0x000000bfb1600000) (1024K)]
  0x000001c3e30f3340 JavaThread "Timer-2444"                        [_thread_blocked, id=33856, stack(0x000000bfb1800000,0x000000bfb1900000) (1024K)]
  0x000001c3e30f7b70 JavaThread "Timer-2445"                        [_thread_blocked, id=6760, stack(0x000000bfb1700000,0x000000bfb1800000) (1024K)]
  0x000001c3e30f74e0 JavaThread "Timer-2446"                        [_thread_blocked, id=25576, stack(0x000000bfb1a00000,0x000000bfb1b00000) (1024K)]
  0x000001c3e30f8890 JavaThread "Timer-2447"                        [_thread_blocked, id=31064, stack(0x000000bfb1b00000,0x000000bfb1c00000) (1024K)]
  0x000001c3e30fb680 JavaThread "Timer-2448"                        [_thread_blocked, id=34352, stack(0x000000bfb1e00000,0x000000bfb1f00000) (1024K)]
  0x000001c3e30f8f20 JavaThread "Timer-2449"                        [_thread_blocked, id=34596, stack(0x000000bfb1f00000,0x000000bfb2000000) (1024K)]
  0x000001c3e30f8200 JavaThread "Timer-2450"                        [_thread_blocked, id=34364, stack(0x000000bfb1100000,0x000000bfb1200000) (1024K)]
  0x000001c3e30fa960 JavaThread "Timer-2451"                        [_thread_blocked, id=34624, stack(0x000000bfb1c00000,0x000000bfb1d00000) (1024K)]
  0x000001c3e30f9c40 JavaThread "Timer-2452"                        [_thread_blocked, id=34184, stack(0x000000bfb2100000,0x000000bfb2200000) (1024K)]
  0x000001c3e30fbd10 JavaThread "Timer-2453"                        [_thread_blocked, id=11740, stack(0x000000bfb2000000,0x000000bfb2100000) (1024K)]
  0x000001c3e30faff0 JavaThread "Timer-2454"                        [_thread_blocked, id=28044, stack(0x000000bfb2300000,0x000000bfb2400000) (1024K)]
  0x000001c3e30fca30 JavaThread "Timer-2455"                        [_thread_blocked, id=33296, stack(0x000000bfb2400000,0x000000bfb2500000) (1024K)]
  0x000001c3e30fc3a0 JavaThread "Timer-2456"                        [_thread_blocked, id=33800, stack(0x000000bfb2200000,0x000000bfb2300000) (1024K)]
  0x000001c3e30fd0c0 JavaThread "Timer-2457"                        [_thread_blocked, id=13672, stack(0x000000bfb2600000,0x000000bfb2700000) (1024K)]
  0x000001c3e30fa2d0 JavaThread "Timer-2458"                        [_thread_blocked, id=31184, stack(0x000000bfb2800000,0x000000bfb2900000) (1024K)]
  0x000001c3e30fd750 JavaThread "Timer-2459"                        [_thread_blocked, id=23452, stack(0x000000bfb2700000,0x000000bfb2800000) (1024K)]
  0x000001c3e3110bc0 JavaThread "Timer-2460"                        [_thread_blocked, id=33036, stack(0x000000bfb2a00000,0x000000bfb2b00000) (1024K)]
  0x000001c3e30fdde0 JavaThread "Timer-2461"                        [_thread_blocked, id=31212, stack(0x000000bfb2900000,0x000000bfb2a00000) (1024K)]
  0x000001c3e3122c80 JavaThread "Timer-2462"                        [_thread_blocked, id=34292, stack(0x000000bfb2c00000,0x000000bfb2d00000) (1024K)]
  0x000001c3f527ec80 JavaThread "Timer-2463"                        [_thread_blocked, id=24252, stack(0x000000bfb2d00000,0x000000bfb2e00000) (1024K)]
  0x000001c3e1319ad0 JavaThread "Timer-2464"                        [_thread_blocked, id=33808, stack(0x000000bfb2500000,0x000000bfb2600000) (1024K)]
  0x000001c3f5289090 JavaThread "Timer-2465"                        [_thread_blocked, id=33288, stack(0x000000bfb3000000,0x000000bfb3100000) (1024K)]
  0x000001c3e31146d0 JavaThread "Timer-2466"                        [_thread_blocked, id=30648, stack(0x000000bfb2f00000,0x000000bfb3000000) (1024K)]
  0x000001c3f4efc8c0 JavaThread "Timer-2467"                        [_thread_blocked, id=33952, stack(0x000000bfb3100000,0x000000bfb3200000) (1024K)]
  0x000001c3f4efcf50 JavaThread "Timer-2468"                        [_thread_blocked, id=34200, stack(0x000000bfb3300000,0x000000bfb3400000) (1024K)]
  0x000001c3f4effd40 JavaThread "Timer-2469"                        [_thread_blocked, id=34360, stack(0x000000bfb3200000,0x000000bfb3300000) (1024K)]
  0x000001c3f4efd5e0 JavaThread "Timer-2470"                        [_thread_blocked, id=2188, stack(0x000000bfb3500000,0x000000bfb3600000) (1024K)]
  0x000001c3f4f003d0 JavaThread "Timer-2471"                        [_thread_blocked, id=22012, stack(0x000000bfb3700000,0x000000bfb3800000) (1024K)]
  0x000001c3f4f01780 JavaThread "Timer-2472"                        [_thread_blocked, id=34528, stack(0x000000bfb3900000,0x000000bfb3a00000) (1024K)]
  0x000001c3f4f010f0 JavaThread "Timer-2473"                        [_thread_blocked, id=34272, stack(0x000000bfb2e00000,0x000000bfb2f00000) (1024K)]
  0x000001c3f4eff6b0 JavaThread "Timer-2474"                        [_thread_blocked, id=34008, stack(0x000000bfb3a00000,0x000000bfb3b00000) (1024K)]
  0x000001c3f4efe300 JavaThread "Timer-2475"                        [_thread_blocked, id=31740, stack(0x000000bfb3400000,0x000000bfb3500000) (1024K)]
  0x000001c3f4f01e10 JavaThread "Timer-2476"                        [_thread_blocked, id=34764, stack(0x000000bfb3c00000,0x000000bfb3d00000) (1024K)]
  0x000001c3f4efe990 JavaThread "Timer-2477"                        [_thread_blocked, id=5452, stack(0x000000bfb3b00000,0x000000bfb3c00000) (1024K)]
  0x000001c3f4f03850 JavaThread "Timer-2478"                        [_thread_blocked, id=31480, stack(0x000000bfb3e00000,0x000000bfb3f00000) (1024K)]
  0x000001c3f4f03ee0 JavaThread "Timer-2479"                        [_thread_blocked, id=34752, stack(0x000000bfb4000000,0x000000bfb4100000) (1024K)]
  0x000001c3f4efdc70 JavaThread "Worker-5344: Initialize workspace"        [_thread_blocked, id=34708, stack(0x000000bfb3600000,0x000000bfb3700000) (1024K)]
  0x000001c3f4f031c0 JavaThread "Timer-2480"                        [_thread_blocked, id=34612, stack(0x000000bfb4100000,0x000000bfb4200000) (1024K)]
  0x000001c3f4f024a0 JavaThread "Timer-2481"                        [_thread_blocked, id=33432, stack(0x000000bfb3800000,0x000000bfb3900000) (1024K)]
  0x000001c3f4f05fb0 JavaThread "Timer-2482"                        [_thread_blocked, id=34804, stack(0x000000bfb4300000,0x000000bfb4400000) (1024K)]
  0x000001c3f4eff020 JavaThread "Timer-2483"                        [_thread_blocked, id=28380, stack(0x000000bfb4200000,0x000000bfb4300000) (1024K)]
  0x000001c3f4f05920 JavaThread "Timer-2484"                        [_thread_blocked, id=34392, stack(0x000000bfb4500000,0x000000bfb4600000) (1024K)]
  0x000001c3f4f02b30 JavaThread "Timer-2485"                        [_thread_blocked, id=34592, stack(0x000000bfb4400000,0x000000bfb4500000) (1024K)]
  0x000001c3f4f06cd0 JavaThread "Timer-2486"                        [_thread_blocked, id=29420, stack(0x000000bfb4700000,0x000000bfb4800000) (1024K)]
  0x000001c3f4f08710 JavaThread "Timer-2487"                        [_thread_blocked, id=14448, stack(0x000000bfb4900000,0x000000bfb4a00000) (1024K)]
  0x000001c3f4f08080 JavaThread "Timer-2488"                        [_thread_blocked, id=32548, stack(0x000000bfb4600000,0x000000bfb4700000) (1024K)]
  0x000001c3f4f07360 JavaThread "Timer-2489"                        [_thread_blocked, id=29812, stack(0x000000bfb3d00000,0x000000bfb3e00000) (1024K)]
  0x000001c3f4f04570 JavaThread "Timer-2490"                        [_thread_blocked, id=34616, stack(0x000000bfb4b00000,0x000000bfb4c00000) (1024K)]
  0x000001c3f4f04c00 JavaThread "Timer-2491"                        [_thread_blocked, id=32724, stack(0x000000bfb4a00000,0x000000bfb4b00000) (1024K)]
  0x000001c3f4f05290 JavaThread "Timer-2492"                        [_thread_blocked, id=19604, stack(0x000000bfb4d00000,0x000000bfb4e00000) (1024K)]
  0x000001c3f4f09430 JavaThread "Timer-2493"                        [_thread_blocked, id=34284, stack(0x000000bfb4c00000,0x000000bfb4d00000) (1024K)]
  0x000001c3f4f0bb90 JavaThread "Timer-2494"                        [_thread_blocked, id=31912, stack(0x000000bfb5000000,0x000000bfb5100000) (1024K)]
  0x000001c3f4f0c8b0 JavaThread "Timer-2495"                        [_thread_blocked, id=33964, stack(0x000000bfb5100000,0x000000bfb5200000) (1024K)]
  0x000001c3f4f08da0 JavaThread "Timer-2496"                        [_thread_blocked, id=34160, stack(0x000000bfb5200000,0x000000bfb5300000) (1024K)]
  0x000001c3f4f0ae70 JavaThread "Timer-2497"                        [_thread_blocked, id=34464, stack(0x000000bfb5400000,0x000000bfb5500000) (1024K)]
  0x000001c3f4f09ac0 JavaThread "Timer-2498"                        [_thread_blocked, id=31276, stack(0x000000bfb4800000,0x000000bfb4900000) (1024K)]
  0x000001c3f4f0a150 JavaThread "Timer-2499"                        [_thread_blocked, id=16884, stack(0x000000bfb5500000,0x000000bfb5600000) (1024K)]
  0x000001c3f4f0f6a0 JavaThread "Timer-2500"                        [_thread_blocked, id=9776, stack(0x000000bfb5700000,0x000000bfb5800000) (1024K)]
  0x000001c3f4f079f0 JavaThread "Timer-2501"                        [_thread_blocked, id=34304, stack(0x000000bfb5600000,0x000000bfb5700000) (1024K)]
  0x000001c3f4f103c0 JavaThread "Timer-2502"                        [_thread_blocked, id=34204, stack(0x000000bfb5900000,0x000000bfb5a00000) (1024K)]
  0x000001c3f4f0e980 JavaThread "Timer-2503"                        [_thread_blocked, id=34072, stack(0x000000bfb5a00000,0x000000bfb5b00000) (1024K)]
  0x000001c3f4f0cf40 JavaThread "Worker-5407: Initialize workspace"        [_thread_blocked, id=34508, stack(0x000000bfb4e00000,0x000000bfb4f00000) (1024K)]
  0x000001c3f4f0dc60 JavaThread "Timer-2504"                        [_thread_blocked, id=11140, stack(0x000000bfb5800000,0x000000bfb5900000) (1024K)]
  0x000001c3f4f0e2f0 JavaThread "Timer-2505"                        [_thread_blocked, id=7960, stack(0x000000bfb5b00000,0x000000bfb5c00000) (1024K)]
  0x000001c3f4f0c220 JavaThread "Timer-2506"                        [_thread_blocked, id=34148, stack(0x000000bfb5e00000,0x000000bfb5f00000) (1024K)]
  0x000001c3f4f0b500 JavaThread "Timer-2507"                        [_thread_blocked, id=34580, stack(0x000000bfb5d00000,0x000000bfb5e00000) (1024K)]
  0x000001c3f4f10a50 JavaThread "Timer-2508"                        [_thread_blocked, id=34732, stack(0x000000bfb6000000,0x000000bfb6100000) (1024K)]
  0x000001c3f4f11e00 JavaThread "Timer-2509"                        [_thread_blocked, id=33740, stack(0x000000bfb5f00000,0x000000bfb6000000) (1024K)]
  0x000001c3f4f0f010 JavaThread "Timer-2510"                        [_thread_blocked, id=34372, stack(0x000000bfb6200000,0x000000bfb6300000) (1024K)]
  0x000001c3f4f13840 JavaThread "Timer-2511"                        [_thread_blocked, id=28080, stack(0x000000bfb6300000,0x000000bfb6400000) (1024K)]
  0x000001c3f4f131b0 JavaThread "Worker-5427: Initialize workspace"        [_thread_blocked, id=11392, stack(0x000000bfb6100000,0x000000bfb6200000) (1024K)]
  0x000001c3f4f110e0 JavaThread "Timer-2512"                        [_thread_blocked, id=31328, stack(0x000000bfb6400000,0x000000bfb6500000) (1024K)]
  0x000001c3f4f13ed0 JavaThread "Timer-2513"                        [_thread_blocked, id=29068, stack(0x000000bfb6500000,0x000000bfb6600000) (1024K)]
  0x000001c3f4f12b20 JavaThread "Timer-2514"                        [_thread_blocked, id=34044, stack(0x000000bfb6700000,0x000000bfb6800000) (1024K)]
  0x000001c3f4f14560 JavaThread "Timer-2515"                        [_thread_blocked, id=29400, stack(0x000000bfb6600000,0x000000bfb6700000) (1024K)]
  0x000001c3f4f12490 JavaThread "Timer-2516"                        [_thread_blocked, id=34448, stack(0x000000bfb6900000,0x000000bfb6a00000) (1024K)]
  0x000001c3f4f14bf0 JavaThread "Timer-2517"                        [_thread_blocked, id=31172, stack(0x000000bfb6800000,0x000000bfb6900000) (1024K)]
  0x000001c3f4f11770 JavaThread "Timer-2518"                        [_thread_blocked, id=11308, stack(0x000000bfb6b00000,0x000000bfb6c00000) (1024K)]
  0x000001c3f4f15fa0 JavaThread "Timer-2519"                        [_thread_blocked, id=29092, stack(0x000000bfb6d00000,0x000000bfb6e00000) (1024K)]
  0x000001c3f4f0d5d0 JavaThread "Timer-2520"                        [_thread_blocked, id=33996, stack(0x000000bfb4f00000,0x000000bfb5000000) (1024K)]
  0x000001c3f4f16630 JavaThread "Timer-2521"                        [_thread_blocked, id=14520, stack(0x000000bfb6e00000,0x000000bfb6f00000) (1024K)]
  0x000001c3f4f18d90 JavaThread "Timer-2522"                        [_thread_blocked, id=29584, stack(0x000000bfb6a00000,0x000000bfb6b00000) (1024K)]
  0x000001c3f4f19ab0 JavaThread "Timer-2523"                        [_thread_blocked, id=32448, stack(0x000000bfb7000000,0x000000bfb7100000) (1024K)]
  0x000001c3f4f18700 JavaThread "Timer-2524"                        [_thread_blocked, id=33976, stack(0x000000bfb7200000,0x000000bfb7300000) (1024K)]
  0x000001c3f4f1a140 JavaThread "Timer-2525"                        [_thread_blocked, id=33768, stack(0x000000bfb7100000,0x000000bfb7200000) (1024K)]
  0x000001c3f4f17350 JavaThread "Timer-2526"                        [_thread_blocked, id=34668, stack(0x000000bfb7400000,0x000000bfb7500000) (1024K)]
  0x000001c3f4f179e0 JavaThread "Timer-2527"                        [_thread_blocked, id=32152, stack(0x000000bfb7500000,0x000000bfb7600000) (1024K)]
  0x000001c3f4f1b4f0 JavaThread "Timer-2528"                        [_thread_blocked, id=3372, stack(0x000000bfb7600000,0x000000bfb7700000) (1024K)]
  0x000001c3f4f18070 JavaThread "Timer-2529"                        [_thread_blocked, id=31900, stack(0x000000bfb7700000,0x000000bfb7800000) (1024K)]
  0x000001c3f4f1d5c0 JavaThread "Timer-2530"                        [_thread_blocked, id=34504, stack(0x000000bfb7800000,0x000000bfb7900000) (1024K)]
  0x000001c3f4f16cc0 JavaThread "Timer-2531"                        [_thread_blocked, id=34672, stack(0x000000bf66700000,0x000000bf66800000) (1024K)]
  0x000001c3f4f1e970 JavaThread "Timer-2532"                        [_thread_blocked, id=33364, stack(0x000000bfb7a00000,0x000000bfb7b00000) (1024K)]
  0x000001c3f4f1dc50 JavaThread "Timer-2533"                        [_thread_blocked, id=32968, stack(0x000000bfb7900000,0x000000bfb7a00000) (1024K)]
  0x000001c3f4f1f000 JavaThread "Timer-2534"                        [_thread_blocked, id=18820, stack(0x000000bfb7c00000,0x000000bfb7d00000) (1024K)]
  0x000001c3f4f1f690 JavaThread "Timer-2535"                        [_thread_blocked, id=29056, stack(0x000000bfb7d00000,0x000000bfb7e00000) (1024K)]
  0x000001c3f4f1c8a0 JavaThread "Timer-2536"                        [_thread_blocked, id=22308, stack(0x000000bfb7e00000,0x000000bfb7f00000) (1024K)]
  0x000001c3f4f19420 JavaThread "Timer-2537"                        [_thread_blocked, id=22736, stack(0x000000bfb7f00000,0x000000bfb8000000) (1024K)]
  0x000001c3f4f1cf30 JavaThread "Timer-2538"                        [_thread_blocked, id=33736, stack(0x000000bfb7b00000,0x000000bfb7c00000) (1024K)]
  0x000001c3f4f1e2e0 JavaThread "Timer-2539"                        [_thread_blocked, id=33884, stack(0x000000bfb8000000,0x000000bfb8100000) (1024K)]
  0x000001c3f4f203b0 JavaThread "Timer-2540"                        [_thread_blocked, id=23888, stack(0x000000bfb8300000,0x000000bfb8400000) (1024K)]
  0x000001c3f4f1c210 JavaThread "Timer-2541"                        [_thread_blocked, id=32680, stack(0x000000bfb8200000,0x000000bfb8300000) (1024K)]
  0x000001c3f4f20a40 JavaThread "Timer-2542"                        [_thread_blocked, id=29136, stack(0x000000bfb8500000,0x000000bfb8600000) (1024K)]
  0x000001c3f4f21760 JavaThread "Timer-2543"                        [_thread_blocked, id=33668, stack(0x000000bfb8600000,0x000000bfb8700000) (1024K)]
  0x000001c3f4f1fd20 JavaThread "Worker-5513: Initialize workspace"        [_thread_blocked, id=31208, stack(0x000000bfb8100000,0x000000bfb8200000) (1024K)]
  0x000001c3f4f21df0 JavaThread "Timer-2544"                        [_thread_blocked, id=22600, stack(0x000000bfb8400000,0x000000bfb8500000) (1024K)]
  0x000001c3f4f210d0 JavaThread "Timer-2545"                        [_thread_blocked, id=34644, stack(0x000000bfb8900000,0x000000bfb8a00000) (1024K)]
  0x000001c3f4ee31e0 JavaThread "Timer-2546"                        [_thread_blocked, id=34052, stack(0x000000bfb8a00000,0x000000bfb8b00000) (1024K)]
  0x000001c3f4ee3870 JavaThread "Timer-2547"                        [_thread_blocked, id=34584, stack(0x000000bfb8700000,0x000000bfb8800000) (1024K)]
  0x000001c3f4ee52b0 JavaThread "Timer-2548"                        [_thread_blocked, id=34700, stack(0x000000bfb8c00000,0x000000bfb8d00000) (1024K)]
  0x000001c3f4ee5940 JavaThread "Timer-2549"                        [_thread_blocked, id=32580, stack(0x000000bfb8b00000,0x000000bfb8c00000) (1024K)]
  0x000001c3f4ee2b50 JavaThread "Timer-2550"                        [_thread_blocked, id=6068, stack(0x000000bfb8e00000,0x000000bfb8f00000) (1024K)]
  0x000001c3f4ee3f00 JavaThread "Timer-2551"                        [_thread_blocked, id=2356, stack(0x000000bfb8f00000,0x000000bfb9000000) (1024K)]
  0x000001c3f4ee5fd0 JavaThread "Timer-2552"                        [_thread_blocked, id=30936, stack(0x000000bfb8800000,0x000000bfb8900000) (1024K)]
  0x000001c3f4ee6660 JavaThread "Timer-2553"                        [_thread_blocked, id=4748, stack(0x000000bfb9100000,0x000000bfb9200000) (1024K)]
  0x000001c3f4ee6cf0 JavaThread "Timer-2554"                        [_thread_blocked, id=33868, stack(0x000000bfb9300000,0x000000bfb9400000) (1024K)]
  0x000001c3f4ee4c20 JavaThread "Timer-2555"                        [_thread_blocked, id=29932, stack(0x000000bfb9200000,0x000000bfb9300000) (1024K)]
  0x000001c3f4ee9450 JavaThread "Timer-2556"                        [_thread_blocked, id=21872, stack(0x000000bfb9400000,0x000000bfb9500000) (1024K)]
  0x000001c3f4ee8730 JavaThread "Timer-2557"                        [_thread_blocked, id=21788, stack(0x000000bfb9500000,0x000000bfb9600000) (1024K)]
  0x000001c3f4ee80a0 JavaThread "Timer-2558"                        [_thread_blocked, id=31896, stack(0x000000bfb9600000,0x000000bfb9700000) (1024K)]
  0x000001c3f4eeae90 JavaThread "Timer-2559"                        [_thread_blocked, id=34076, stack(0x000000bfb9800000,0x000000bfb9900000) (1024K)]
  0x000001c3f4ee4590 JavaThread "Worker-5559: Initialize workspace"        [_thread_blocked, id=29616, stack(0x000000bfb6f00000,0x000000bfb7000000) (1024K)]
  0x000001c3f4ee9ae0 JavaThread "Timer-2560"                        [_thread_blocked, id=12308, stack(0x000000bfb9700000,0x000000bfb9800000) (1024K)]
  0x000001c3f4eea170 JavaThread "Timer-2561"                        [_thread_blocked, id=25696, stack(0x000000bfb9a00000,0x000000bfb9b00000) (1024K)]
  0x000001c3f4eea800 JavaThread "Timer-2562"                        [_thread_blocked, id=33920, stack(0x000000bfb9c00000,0x000000bfb9d00000) (1024K)]
  0x000001c3f4ee7380 JavaThread "Timer-2563"                        [_thread_blocked, id=21808, stack(0x000000bfb9b00000,0x000000bfb9c00000) (1024K)]
  0x000001c3f4eedc80 JavaThread "Timer-2564"                        [_thread_blocked, id=29920, stack(0x000000bfb9e00000,0x000000bfb9f00000) (1024K)]
  0x000001c3f4eee310 JavaThread "Timer-2565"                        [_thread_blocked, id=35152, stack(0x000000bfb9d00000,0x000000bfb9e00000) (1024K)]
  0x000001c3f4eed5f0 JavaThread "Timer-2566"                        [_thread_blocked, id=35160, stack(0x000000bfba000000,0x000000bfba100000) (1024K)]
  0x000001c3f4eeb520 JavaThread "Timer-2567"                        [_thread_blocked, id=35260, stack(0x000000bfba100000,0x000000bfba200000) (1024K)]
  0x000001c3f4ee8dc0 JavaThread "Worker-5577: Initialize workspace"        [_thread_blocked, id=35412, stack(0x000000bfb8d00000,0x000000bfb8e00000) (1024K)]
  0x000001c3f4eef030 JavaThread "Timer-2568"                        [_thread_blocked, id=35444, stack(0x000000bfba200000,0x000000bfba300000) (1024K)]
  0x000001c3f4eebbb0 JavaThread "Timer-2569"                        [_thread_blocked, id=35460, stack(0x000000bfba300000,0x000000bfba400000) (1024K)]
  0x000001c3f4eef6c0 JavaThread "Timer-2570"                        [_thread_blocked, id=35468, stack(0x000000bfba500000,0x000000bfba600000) (1024K)]
  0x000001c3f4eec240 JavaThread "Timer-2571"                        [_thread_blocked, id=35472, stack(0x000000bfba400000,0x000000bfba500000) (1024K)]
  0x000001c3f4eefd50 JavaThread "Timer-2572"                        [_thread_blocked, id=35480, stack(0x000000bfba700000,0x000000bfba800000) (1024K)]
  0x000001c3f4eec8d0 JavaThread "Timer-2573"                        [_thread_blocked, id=35704, stack(0x000000bfba600000,0x000000bfba700000) (1024K)]
  0x000001c3f4ef03e0 JavaThread "Timer-2574"                        [_thread_blocked, id=35712, stack(0x000000bfba900000,0x000000bfbaa00000) (1024K)]
  0x000001c3f4ef24b0 JavaThread "Timer-2575"                        [_thread_blocked, id=35728, stack(0x000000bfbaa00000,0x000000bfbab00000) (1024K)]
  0x000001c3f4ee7a10 JavaThread "Worker-5593: Initialize workspace"        [_thread_blocked, id=34820, stack(0x000000bfb9900000,0x000000bfb9a00000) (1024K)]
  0x000001c3f4ef3ef0 JavaThread "Timer-2576"                        [_thread_blocked, id=6272, stack(0x000000bfbab00000,0x000000bfbac00000) (1024K)]
  0x000001c3f4ef0a70 JavaThread "Timer-2577"                        [_thread_blocked, id=34852, stack(0x000000bfbac00000,0x000000bfbad00000) (1024K)]
  0x000001c3f4ef2b40 JavaThread "Timer-2578"                        [_thread_blocked, id=34872, stack(0x000000bfbad00000,0x000000bfbae00000) (1024K)]
  0x000001c3f4ef31d0 JavaThread "Timer-2579"                        [_thread_blocked, id=34848, stack(0x000000bfbae00000,0x000000bfbaf00000) (1024K)]
  0x000001c3f4ef1790 JavaThread "Timer-2580"                        [_thread_blocked, id=34880, stack(0x000000bfbb000000,0x000000bfbb100000) (1024K)]
  0x000001c3f4ef4580 JavaThread "Timer-2581"                        [_thread_blocked, id=35120, stack(0x000000bfbaf00000,0x000000bfbb000000) (1024K)]
  0x000001c3f4ef3860 JavaThread "Timer-2582"                        [_thread_blocked, id=35144, stack(0x000000bfbb200000,0x000000bfbb300000) (1024K)]
  0x000001c3f4ef1100 JavaThread "Timer-2583"                        [_thread_blocked, id=35104, stack(0x000000bfbb300000,0x000000bfbb400000) (1024K)]
  0x000001c3f4ef1e20 JavaThread "Worker-5615: Initialize workspace"        [_thread_blocked, id=25148, stack(0x000000bfba800000,0x000000bfba900000) (1024K)]
  0x000001c3f4ef7370 JavaThread "Timer-2584"                        [_thread_blocked, id=35216, stack(0x000000bfbb400000,0x000000bfbb500000) (1024K)]
  0x000001c3f4ef52a0 JavaThread "Timer-2585"                        [_thread_blocked, id=35172, stack(0x000000bfbb500000,0x000000bfbb600000) (1024K)]
  0x000001c3f4ef6ce0 JavaThread "Timer-2586"                        [_thread_blocked, id=35204, stack(0x000000bfbb700000,0x000000bfbb800000) (1024K)]
  0x000001c3f4ef5fc0 JavaThread "Timer-2587"                        [_thread_blocked, id=35200, stack(0x000000bfbb600000,0x000000bfbb700000) (1024K)]
  0x000001c3f4ef7a00 JavaThread "Timer-2588"                        [_thread_blocked, id=3912, stack(0x000000bfbb900000,0x000000bfbba00000) (1024K)]
  0x000001c3f4ef8090 JavaThread "Timer-2589"                        [_thread_blocked, id=35476, stack(0x000000bfbb800000,0x000000bfbb900000) (1024K)]
  0x000001c3f4ef5930 JavaThread "Timer-2590"                        [_thread_blocked, id=34244, stack(0x000000bfbbb00000,0x000000bfbbc00000) (1024K)]
  0x000001c3f4ef4c10 JavaThread "Timer-2591"                        [_thread_blocked, id=29164, stack(0x000000bfbbc00000,0x000000bfbbd00000) (1024K)]
  0x000001c3f4eee9a0 JavaThread "Worker-5635: Initialize workspace"        [_thread_blocked, id=35568, stack(0x000000bfbb100000,0x000000bfbb200000) (1024K)]
  0x000001c3f4ef8720 JavaThread "Timer-2592"                        [_thread_blocked, id=35504, stack(0x000000bfbbd00000,0x000000bfbbe00000) (1024K)]
  0x000001c3f4ef9ad0 JavaThread "Timer-2593"                        [_thread_blocked, id=35604, stack(0x000000bfbbf00000,0x000000bfbc000000) (1024K)]
  0x000001c3f4ef6650 JavaThread "Timer-2594"                        [_thread_blocked, id=35484, stack(0x000000bfbbe00000,0x000000bfbbf00000) (1024K)]
  0x000001c3f4efbba0 JavaThread "Timer-2595"                        [_thread_blocked, id=35708, stack(0x000000bfbc000000,0x000000bfbc100000) (1024K)]
  0x000001c3f4efa7f0 JavaThread "Timer-2596"                        [_thread_blocked, id=35724, stack(0x000000bfbc200000,0x000000bfbc300000) (1024K)]
  0x000001c3f4efa160 JavaThread "Timer-2597"                        [_thread_blocked, id=34908, stack(0x000000bfbc100000,0x000000bfbc200000) (1024K)]
  0x000001c3f4efb510 JavaThread "Timer-2598"                        [_thread_blocked, id=34836, stack(0x000000bfbc400000,0x000000bfbc500000) (1024K)]
  0x000001c3f4efae80 JavaThread "Timer-2599"                        [_thread_blocked, id=35124, stack(0x000000bfbc500000,0x000000bfbc600000) (1024K)]
  0x000001c3f4eecf60 JavaThread "Worker-5651: Initialize workspace"        [_thread_blocked, id=34824, stack(0x000000bfbc600000,0x000000bfbc700000) (1024K)]
  0x000001c3f4ef9440 JavaThread "Timer-2600"                        [_thread_blocked, id=35096, stack(0x000000bfbba00000,0x000000bfbbb00000) (1024K)]
  0x000001c3f4f0fd30 JavaThread "Timer-2601"                        [_thread_blocked, id=24428, stack(0x000000bfbc700000,0x000000bfbc800000) (1024K)]
  0x000001c3f4f15280 JavaThread "Timer-2602"                        [_thread_blocked, id=34640, stack(0x000000bfbc900000,0x000000bfbca00000) (1024K)]
  0x000001c3f4f1bb80 JavaThread "Timer-2603"                        [_thread_blocked, id=10232, stack(0x000000bfbc800000,0x000000bfbc900000) (1024K)]
  0x000001c3f4f22480 JavaThread "Timer-2604"                        [_thread_blocked, id=25912, stack(0x000000bfbcb00000,0x000000bfbcc00000) (1024K)]
  0x000001c3e0354140 JavaThread "Timer-2605"                        [_thread_blocked, id=35416, stack(0x000000bfbca00000,0x000000bfbcb00000) (1024K)]
  0x000001c3dfcc7310 JavaThread "Timer-2606"                        [_thread_blocked, id=35388, stack(0x000000bfbcd00000,0x000000bfbce00000) (1024K)]
  0x000001c3e30f6e50 JavaThread "Timer-2607"                        [_thread_blocked, id=35436, stack(0x000000bfbce00000,0x000000bfbcf00000) (1024K)]
  0x000001c3e2842a40 JavaThread "Timer-2608"                        [_thread_blocked, id=35660, stack(0x000000bfbcf00000,0x000000bfbd000000) (1024K)]
  0x000001c3e24a94f0 JavaThread "Timer-2609"                        [_thread_blocked, id=35688, stack(0x000000bfbd000000,0x000000bfbd100000) (1024K)]
  0x000001c3e24a87d0 JavaThread "Timer-2610"                        [_thread_blocked, id=35680, stack(0x000000bfbd100000,0x000000bfbd200000) (1024K)]
  0x000001c3e24a6070 JavaThread "Timer-2611"                        [_thread_blocked, id=35696, stack(0x000000bfbd200000,0x000000bfbd300000) (1024K)]
  0x000001c3e24a9b80 JavaThread "Timer-2612"                        [_thread_blocked, id=35640, stack(0x000000bfbd500000,0x000000bfbd600000) (1024K)]
  0x000001c3e24a7420 JavaThread "Timer-2613"                        [_thread_blocked, id=34960, stack(0x000000bfbd300000,0x000000bfbd400000) (1024K)]
  0x000001c3e24a6700 JavaThread "Timer-2614"                        [_thread_blocked, id=34976, stack(0x000000bfbd600000,0x000000bfbd700000) (1024K)]
  0x000001c3e24a8e60 JavaThread "Timer-2615"                        [_thread_blocked, id=35248, stack(0x000000bfbd700000,0x000000bfbd800000) (1024K)]
  0x000001c3e24a6d90 JavaThread "Worker-5696: Initialize workspace"        [_thread_blocked, id=35360, stack(0x000000bfbd400000,0x000000bfbd500000) (1024K)]
  0x000001c3e24aa210 JavaThread "Timer-2616"                        [_thread_blocked, id=35252, stack(0x000000bfbd900000,0x000000bfbda00000) (1024K)]
  0x000001c3e24aa8a0 JavaThread "Timer-2617"                        [_thread_blocked, id=35272, stack(0x000000bfbd800000,0x000000bfbd900000) (1024K)]
  0x000001c3e24a7ab0 JavaThread "Timer-2618"                        [_thread_blocked, id=35224, stack(0x000000bfbdb00000,0x000000bfbdc00000) (1024K)]
  0x000001c3e24ad000 JavaThread "Timer-2619"                        [_thread_blocked, id=35184, stack(0x000000bfbda00000,0x000000bfbdb00000) (1024K)]
  0x000001c3e24ad690 JavaThread "Timer-2620"                        [_thread_blocked, id=35432, stack(0x000000bfbdd00000,0x000000bfbde00000) (1024K)]
  0x000001c3e24abc50 JavaThread "Timer-2621"                        [_thread_blocked, id=35836, stack(0x000000bfbdc00000,0x000000bfbdd00000) (1024K)]
  0x000001c3e24add20 JavaThread "Timer-2622"                        [_thread_blocked, id=35044, stack(0x000000bfbdf00000,0x000000bfbe000000) (1024K)]
  0x000001c3e24ae3b0 JavaThread "Timer-2623"                        [_thread_blocked, id=6684, stack(0x000000bfbe000000,0x000000bfbe100000) (1024K)]
  0x000001c3e24af760 JavaThread "Timer-2624"                        [_thread_blocked, id=4956, stack(0x000000bfbe100000,0x000000bfbe200000) (1024K)]
  0x000001c3e24aea40 JavaThread "Timer-2625"                        [_thread_blocked, id=34924, stack(0x000000bfbe200000,0x000000bfbe300000) (1024K)]
  0x000001c3e24ac2e0 JavaThread "Timer-2626"                        [_thread_blocked, id=35132, stack(0x000000bfbe400000,0x000000bfbe500000) (1024K)]
  0x000001c3e24afdf0 JavaThread "Timer-2627"                        [_thread_blocked, id=29588, stack(0x000000bfbe300000,0x000000bfbe400000) (1024K)]
  0x000001c3e24b0b10 JavaThread "Timer-2628"                        [_thread_blocked, id=35088, stack(0x000000bfbe600000,0x000000bfbe700000) (1024K)]
  0x000001c3e24af0d0 JavaThread "Timer-2629"                        [_thread_blocked, id=35168, stack(0x000000bfbe500000,0x000000bfbe600000) (1024K)]
  0x000001c3e24b2be0 JavaThread "Timer-2630"                        [_thread_blocked, id=31548, stack(0x000000bfbe800000,0x000000bfbe900000) (1024K)]
  0x000001c3e24b3270 JavaThread "Timer-2631"                        [_thread_blocked, id=21852, stack(0x000000bfbe900000,0x000000bfbea00000) (1024K)]
  0x000001c3e24a8140 JavaThread "Worker-5734: Initialize workspace"        [_thread_blocked, id=35376, stack(0x000000bfbde00000,0x000000bfbdf00000) (1024K)]
  0x000001c3e24b1ec0 JavaThread "Timer-2632"                        [_thread_blocked, id=35380, stack(0x000000bfbec00000,0x000000bfbed00000) (1024K)]
  0x000001c3e24b11a0 JavaThread "Timer-2633"                        [_thread_blocked, id=35336, stack(0x000000bfbea00000,0x000000bfbeb00000) (1024K)]
  0x000001c3e24ac970 JavaThread "Timer-2634"                        [_thread_blocked, id=35324, stack(0x000000bfbe700000,0x000000bfbe800000) (1024K)]
  0x000001c3e24b3900 JavaThread "Timer-2635"                        [_thread_blocked, id=32376, stack(0x000000bfbed00000,0x000000bfbee00000) (1024K)]
  0x000001c3e24b4620 JavaThread "Timer-2636"                        [_thread_blocked, id=29992, stack(0x000000bfbf000000,0x000000bfbf100000) (1024K)]
  0x000001c3e24b4cb0 JavaThread "Timer-2637"                        [_thread_blocked, id=34232, stack(0x000000bfbee00000,0x000000bfbef00000) (1024K)]
  0x000001c3e24b3f90 JavaThread "Timer-2638"                        [_thread_blocked, id=11360, stack(0x000000bfbf100000,0x000000bfbf200000) (1024K)]
  0x000001c3e24b5340 JavaThread "Timer-2639"                        [_thread_blocked, id=34828, stack(0x000000bfbf400000,0x000000bfbf500000) (1024K)]
  0x000001c3e24b8e50 JavaThread "Timer-2640"                        [_thread_blocked, id=30412, stack(0x000000bfbf700000,0x000000bfbf800000) (1024K)]
  0x000001c3e24b59d0 JavaThread "Timer-2641"                        [_thread_blocked, id=34024, stack(0x000000bfbf200000,0x000000bfbf300000) (1024K)]
  0x000001c3e24aaf30 JavaThread "Timer-2642"                        [_thread_blocked, id=8612, stack(0x000000bfbc300000,0x000000bfbc400000) (1024K)]
  0x000001c3e24b2550 JavaThread "Timer-2643"                        [_thread_blocked, id=6120, stack(0x000000bfbf300000,0x000000bfbf400000) (1024K)]
  0x000001c3e24b6060 JavaThread "Timer-2644"                        [_thread_blocked, id=30996, stack(0x000000bfbf800000,0x000000bfbf900000) (1024K)]
  0x000001c3e24b66f0 JavaThread "Timer-2645"                        [_thread_blocked, id=35608, stack(0x000000bfbf500000,0x000000bfbf600000) (1024K)]
  0x000001c3e24b7aa0 JavaThread "Timer-2646"                        [_thread_blocked, id=35128, stack(0x000000bfbfa00000,0x000000bfbfb00000) (1024K)]
  0x000001c3e24b87c0 JavaThread "Timer-2647"                        [_thread_blocked, id=35752, stack(0x000000bfbfc00000,0x000000bfbfd00000) (1024K)]
  0x000001c3e24ba200 JavaThread "Worker-5780: Initialize workspace"        [_thread_blocked, id=32920, stack(0x000000bfbfb00000,0x000000bfbfc00000) (1024K)]
  0x000001c3e24b7410 JavaThread "Timer-2648"                        [_thread_blocked, id=35156, stack(0x000000bfbf900000,0x000000bfbfa00000) (1024K)]
  0x000001c3e24b94e0 JavaThread "Timer-2649"                        [_thread_blocked, id=34460, stack(0x000000bfbfd00000,0x000000bfbfe00000) (1024K)]
  0x000001c3e24b9b70 JavaThread "Timer-2650"                        [_thread_blocked, id=29096, stack(0x000000bfbff00000,0x000000bfc0000000) (1024K)]
  0x000001c3e24b6d80 JavaThread "Timer-2651"                        [_thread_blocked, id=34892, stack(0x000000bfbfe00000,0x000000bfbff00000) (1024K)]
  0x000001c3e24bc2d0 JavaThread "Timer-2652"                        [_thread_blocked, id=30496, stack(0x000000bfc0100000,0x000000bfc0200000) (1024K)]
  0x000001c3e24ba890 JavaThread "Timer-2653"                        [_thread_blocked, id=34912, stack(0x000000bfc0000000,0x000000bfc0100000) (1024K)]
  0x000001c3e24baf20 JavaThread "Timer-2654"                        [_thread_blocked, id=35176, stack(0x000000bfc0300000,0x000000bfc0400000) (1024K)]
  0x000001c3e24bb5b0 JavaThread "Timer-2655"                        [_thread_blocked, id=26096, stack(0x000000bfc0400000,0x000000bfc0500000) (1024K)]
  0x000001c3e24b0480 JavaThread "Timer-2656"                        [_thread_blocked, id=34932, stack(0x000000bfbef00000,0x000000bfbf000000) (1024K)]
  0x000001c3e24bd680 JavaThread "Timer-2657"                        [_thread_blocked, id=34876, stack(0x000000bfc0500000,0x000000bfc0600000) (1024K)]
  0x000001c3e24bbc40 JavaThread "Timer-2658"                        [_thread_blocked, id=35384, stack(0x000000bfc0800000,0x000000bfc0900000) (1024K)]
  0x000001c3e24be3a0 JavaThread "Timer-2659"                        [_thread_blocked, id=34916, stack(0x000000bfc0700000,0x000000bfc0800000) (1024K)]
  0x000001c3e24bf750 JavaThread "Timer-2660"                        [_thread_blocked, id=19288, stack(0x000000bfc0a00000,0x000000bfc0b00000) (1024K)]
  0x000001c3e24bf0c0 JavaThread "Timer-2661"                        [_thread_blocked, id=35340, stack(0x000000bfc0900000,0x000000bfc0a00000) (1024K)]
  0x000001c3e24bfde0 JavaThread "Timer-2662"                        [_thread_blocked, id=32232, stack(0x000000bfc0c00000,0x000000bfc0d00000) (1024K)]
  0x000001c3e24c3260 JavaThread "Timer-2663"                        [_thread_blocked, id=35180, stack(0x000000bfc0e00000,0x000000bfc0f00000) (1024K)]
  0x000001c3e24bc960 JavaThread "Timer-2664"                        [_thread_blocked, id=35772, stack(0x000000bfc0600000,0x000000bfc0700000) (1024K)]
  0x000001c3e24c1190 JavaThread "Timer-2665"                        [_thread_blocked, id=15076, stack(0x000000bfc0d00000,0x000000bfc0e00000) (1024K)]
  0x000001c3e24c2bd0 JavaThread "Timer-2666"                        [_thread_blocked, id=35296, stack(0x000000bfc1100000,0x000000bfc1200000) (1024K)]
  0x000001c3e24c0470 JavaThread "Timer-2667"                        [_thread_blocked, id=35580, stack(0x000000bfc1000000,0x000000bfc1100000) (1024K)]
  0x000001c3e24c38f0 JavaThread "Timer-2668"                        [_thread_blocked, id=20024, stack(0x000000bfc1300000,0x000000bfc1400000) (1024K)]
  0x000001c3e24c3f80 JavaThread "Timer-2669"                        [_thread_blocked, id=28292, stack(0x000000bfc1200000,0x000000bfc1300000) (1024K)]
  0x000001c3e24c0b00 JavaThread "Timer-2670"                        [_thread_blocked, id=8756, stack(0x000000bfc1600000,0x000000bfc1700000) (1024K)]
  0x000001c3e24c1820 JavaThread "Timer-2671"                        [_thread_blocked, id=34884, stack(0x000000bfc1900000,0x000000bfc1a00000) (1024K)]
  0x000001c3e24c2540 JavaThread "Timer-2672"                        [_thread_blocked, id=35280, stack(0x000000bfc1a00000,0x000000bfc1b00000) (1024K)]
  0x000001c3e24c4610 JavaThread "Timer-2673"                        [_thread_blocked, id=34532, stack(0x000000bfc0f00000,0x000000bfc1000000) (1024K)]
  0x000001c3e24c1eb0 JavaThread "Timer-2674"                        [_thread_blocked, id=34956, stack(0x000000bfc1c00000,0x000000bfc1d00000) (1024K)]
  0x000001c3e24c7400 JavaThread "Timer-2675"                        [_thread_blocked, id=34992, stack(0x000000bfc1b00000,0x000000bfc1c00000) (1024K)]
  0x000001c3e24c87b0 JavaThread "Timer-2676"                        [_thread_blocked, id=32780, stack(0x000000bfc1e00000,0x000000bfc1f00000) (1024K)]
  0x000001c3e24c59c0 JavaThread "Timer-2677"                        [_thread_blocked, id=35556, stack(0x000000bfc1d00000,0x000000bfc1e00000) (1024K)]
  0x000001c3e24c7a90 JavaThread "Timer-2678"                        [_thread_blocked, id=35304, stack(0x000000bfc2000000,0x000000bfc2100000) (1024K)]
  0x000001c3e24c8120 JavaThread "Timer-2679"                        [_thread_blocked, id=35716, stack(0x000000bfc2100000,0x000000bfc2200000) (1024K)]
  0x000001c3e24c6d70 JavaThread "Timer-2680"                        [_thread_blocked, id=35108, stack(0x000000bfc2200000,0x000000bfc2300000) (1024K)]
  0x000001c3e24c8e40 JavaThread "Timer-2681"                        [_thread_blocked, id=35100, stack(0x000000bfc2300000,0x000000bfc2400000) (1024K)]
  0x000001c3e24c94d0 JavaThread "Timer-2682"                        [_thread_blocked, id=26424, stack(0x000000bfc2500000,0x000000bfc2600000) (1024K)]
  0x000001c3e24c6050 JavaThread "Timer-2683"                        [_thread_blocked, id=29392, stack(0x000000bfc2400000,0x000000bfc2500000) (1024K)]
  0x000001c3e24cbc30 JavaThread "Timer-2684"                        [_thread_blocked, id=30312, stack(0x000000bfc2700000,0x000000bfc2800000) (1024K)]
  0x000001c3e24cc2c0 JavaThread "Timer-2685"                        [_thread_blocked, id=35576, stack(0x000000bfc2600000,0x000000bfc2700000) (1024K)]
  0x000001c3e24ccfe0 JavaThread "Timer-2686"                        [_thread_blocked, id=34648, stack(0x000000bfc2900000,0x000000bfc2a00000) (1024K)]
  0x000001c3e24ca1f0 JavaThread "Timer-2687"                        [_thread_blocked, id=14328, stack(0x000000bfc2a00000,0x000000bfc2b00000) (1024K)]
  0x000001c3e24cdd00 JavaThread "Timer-2688"                        [_thread_blocked, id=35760, stack(0x000000bfc2c00000,0x000000bfc2d00000) (1024K)]
  0x000001c3e24c5330 JavaThread "Timer-2689"                        [_thread_blocked, id=35368, stack(0x000000bfc1f00000,0x000000bfc2000000) (1024K)]
  0x000001c3e24ca880 JavaThread "Timer-2690"                        [_thread_blocked, id=31032, stack(0x000000bfc2f00000,0x000000bfc3000000) (1024K)]
  0x000001c3e24ce390 JavaThread "Timer-2691"                        [_thread_blocked, id=17240, stack(0x000000bfc2d00000,0x000000bfc2e00000) (1024K)]
  0x000001c3e24caf10 JavaThread "Timer-2692"                        [_thread_blocked, id=35496, stack(0x000000bfc3000000,0x000000bfc3100000) (1024K)]
  0x000001c3e24cc950 JavaThread "Timer-2693"                        [_thread_blocked, id=31096, stack(0x000000bfc2e00000,0x000000bfc2f00000) (1024K)]
  0x000001c3e24d0af0 JavaThread "Timer-2694"                        [_thread_blocked, id=33448, stack(0x000000bfc3200000,0x000000bfc3300000) (1024K)]
  0x000001c3e24d2530 JavaThread "Timer-2695"                        [_thread_blocked, id=35020, stack(0x000000bfc3300000,0x000000bfc3400000) (1024K)]
  0x000001c3e24c9b60 JavaThread "Worker-5903: Initialize workspace"        [_thread_blocked, id=35508, stack(0x000000bfc1700000,0x000000bfc1800000) (1024K)]
  0x000001c3e24cf740 JavaThread "Timer-2696"                        [_thread_blocked, id=12528, stack(0x000000bfc3400000,0x000000bfc3500000) (1024K)]
  0x000001c3e24cd670 JavaThread "Timer-2697"                        [_thread_blocked, id=33356, stack(0x000000bfc3500000,0x000000bfc3600000) (1024K)]
  0x000001c3e24cf0b0 JavaThread "Timer-2698"                        [_thread_blocked, id=31364, stack(0x000000bfc3600000,0x000000bfc3700000) (1024K)]
  0x000001c3e24d1ea0 JavaThread "Timer-2699"                        [_thread_blocked, id=35056, stack(0x000000bfc2800000,0x000000bfc2900000) (1024K)]
  0x000001c3e24d2bc0 JavaThread "Timer-2700"                        [_thread_blocked, id=35796, stack(0x000000bfc3900000,0x000000bfc3a00000) (1024K)]
  0x000001c3e24d3250 JavaThread "Timer-2701"                        [_thread_blocked, id=26796, stack(0x000000bfc3700000,0x000000bfc3800000) (1024K)]
  0x000001c3e24cfdd0 JavaThread "Timer-2702"                        [_thread_blocked, id=35464, stack(0x000000bfc3b00000,0x000000bfc3c00000) (1024K)]
  0x000001c3e24d0460 JavaThread "Timer-2703"                        [_thread_blocked, id=35544, stack(0x000000bfc3d00000,0x000000bfc3e00000) (1024K)]
  0x000001c3e24d38e0 JavaThread "Worker-5925: Initialize workspace"        [_thread_blocked, id=35676, stack(0x000000bfc3800000,0x000000bfc3900000) (1024K)]
  0x000001c3e24d3f70 JavaThread "Timer-2704"                        [_thread_blocked, id=28844, stack(0x000000bfc3c00000,0x000000bfc3d00000) (1024K)]
  0x000001c3e24d4c90 JavaThread "Timer-2705"                        [_thread_blocked, id=31676, stack(0x000000bfc3e00000,0x000000bfc3f00000) (1024K)]
  0x000001c3e24d4600 JavaThread "Timer-2706"                        [_thread_blocked, id=35792, stack(0x000000bfc4000000,0x000000bfc4100000) (1024K)]
  0x000001c3e24d1810 JavaThread "Timer-2707"                        [_thread_blocked, id=13648, stack(0x000000bfc3f00000,0x000000bfc4000000) (1024K)]
  0x000001c3e24d73f0 JavaThread "Timer-2708"                        [_thread_blocked, id=34968, stack(0x000000bfc4200000,0x000000bfc4300000) (1024K)]
  0x000001c3e24d5320 JavaThread "Timer-2709"                        [_thread_blocked, id=23060, stack(0x000000bfc4100000,0x000000bfc4200000) (1024K)]
  0x000001c3e24d59b0 JavaThread "Timer-2710"                        [_thread_blocked, id=34856, stack(0x000000bfc4400000,0x000000bfc4500000) (1024K)]
  0x000001c3e24d6040 JavaThread "Timer-2711"                        [_thread_blocked, id=35628, stack(0x000000bfc4500000,0x000000bfc4600000) (1024K)]
  0x000001c3e24cb5a0 JavaThread "Worker-5947: Initialize workspace"        [_thread_blocked, id=34864, stack(0x000000bfc3100000,0x000000bfc3200000) (1024K)]
  0x000001c3e24d8110 JavaThread "Timer-2712"                        [_thread_blocked, id=34952, stack(0x000000bfc4600000,0x000000bfc4700000) (1024K)]
  0x000001c3e24d7a80 JavaThread "Timer-2713"                        [_thread_blocked, id=35784, stack(0x000000bfc4700000,0x000000bfc4800000) (1024K)]
  0x000001c3e24d87a0 JavaThread "Timer-2714"                        [_thread_blocked, id=14984, stack(0x000000bfc4800000,0x000000bfc4900000) (1024K)]
  0x000001c3e24d94c0 JavaThread "Timer-2715"                        [_thread_blocked, id=35188, stack(0x000000bfc4900000,0x000000bfc4a00000) (1024K)]
  0x000001c3e24d66d0 JavaThread "Timer-2716"                        [_thread_blocked, id=35212, stack(0x000000bfc4b00000,0x000000bfc4c00000) (1024K)]
  0x000001c3e24d6d60 JavaThread "Timer-2717"                        [_thread_blocked, id=35564, stack(0x000000bfc4a00000,0x000000bfc4b00000) (1024K)]
  0x000001c3e24da1e0 JavaThread "Timer-2718"                        [_thread_blocked, id=31800, stack(0x000000bfc4d00000,0x000000bfc4e00000) (1024K)]
  0x000001c3e24daf00 JavaThread "Timer-2719"                        [_thread_blocked, id=12708, stack(0x000000bfc4f00000,0x000000bfc5000000) (1024K)]
  0x000001c3e24dbc20 JavaThread "Worker-5970: Initialize workspace"        [_thread_blocked, id=34568, stack(0x000000bfc4e00000,0x000000bfc4f00000) (1024K)]
  0x000001c3e24d8e30 JavaThread "Timer-2720"                        [_thread_blocked, id=26008, stack(0x000000bfc4300000,0x000000bfc4400000) (1024K)]
  0x000001c3e24d9b50 JavaThread "Timer-2721"                        [_thread_blocked, id=26148, stack(0x000000bfc5000000,0x000000bfc5100000) (1024K)]
  0x000001c3e24dcfd0 JavaThread "Timer-2722"                        [_thread_blocked, id=33892, stack(0x000000bfc5200000,0x000000bfc5300000) (1024K)]
  0x000001c3e24dd660 JavaThread "Timer-2723"                        [_thread_blocked, id=2240, stack(0x000000bfc5100000,0x000000bfc5200000) (1024K)]
  0x000001c3e24ddcf0 JavaThread "Timer-2724"                        [_thread_blocked, id=35140, stack(0x000000bfc5400000,0x000000bfc5500000) (1024K)]
  0x000001c3e24dc2b0 JavaThread "Timer-2725"                        [_thread_blocked, id=29004, stack(0x000000bfc5300000,0x000000bfc5400000) (1024K)]
  0x000001c3e24de380 JavaThread "Timer-2726"                        [_thread_blocked, id=34336, stack(0x000000bfc5600000,0x000000bfc5700000) (1024K)]
  0x000001c3e24df730 JavaThread "Timer-2727"                        [_thread_blocked, id=7860, stack(0x000000bfc5800000,0x000000bfc5900000) (1024K)]
  0x000001c3e24dea10 JavaThread "Worker-5989: Initialize workspace"        [_thread_blocked, id=35804, stack(0x000000bfc4c00000,0x000000bfc4d00000) (1024K)]
  0x000001c3e24df0a0 JavaThread "Timer-2728"                        [_thread_blocked, id=35236, stack(0x000000bfc5700000,0x000000bfc5800000) (1024K)]
  0x000001c3e24dfdc0 JavaThread "Timer-2729"                        [_thread_blocked, id=35632, stack(0x000000bfc5900000,0x000000bfc5a00000) (1024K)]
  0x000001c3e24e1e90 JavaThread "Timer-2730"                        [_thread_blocked, id=35076, stack(0x000000bfc5b00000,0x000000bfc5c00000) (1024K)]
  0x000001c3e24e3240 JavaThread "Timer-2731"                        [_thread_blocked, id=34140, stack(0x000000bfc5c00000,0x000000bfc5d00000) (1024K)]
  0x000001c3e24e0ae0 JavaThread "Timer-2732"                        [_thread_blocked, id=35032, stack(0x000000bfc5e00000,0x000000bfc5f00000) (1024K)]
  0x000001c3e24dc940 JavaThread "Timer-2733"                        [_thread_blocked, id=35664, stack(0x000000bf66b00000,0x000000bf66c00000) (1024K)]
  0x000001c3e24e1170 JavaThread "Timer-2734"                        [_thread_blocked, id=35192, stack(0x000000bfc5a00000,0x000000bfc5b00000) (1024K)]
  0x000001c3e24e1800 JavaThread "Timer-2735"                        [_thread_blocked, id=35552, stack(0x000000bfc5f00000,0x000000bfc6000000) (1024K)]
  0x000001c3e24e2bb0 JavaThread "Timer-2736"                        [_thread_blocked, id=34972, stack(0x000000bfc5d00000,0x000000bfc5e00000) (1024K)]
  0x000001c3e24e0450 JavaThread "Timer-2737"                        [_thread_blocked, id=4808, stack(0x000000bfc6200000,0x000000bfc6300000) (1024K)]
  0x000001c3e24e5310 JavaThread "Timer-2738"                        [_thread_blocked, id=22072, stack(0x000000bfc6300000,0x000000bfc6400000) (1024K)]
  0x000001c3e24e59a0 JavaThread "Timer-2739"                        [_thread_blocked, id=35648, stack(0x000000bfc6100000,0x000000bfc6200000) (1024K)]
  0x000001c3e24e3f60 JavaThread "Timer-2740"                        [_thread_blocked, id=31248, stack(0x000000bfc6500000,0x000000bfc6600000) (1024K)]
  0x000001c3e24e45f0 JavaThread "Timer-2741"                        [_thread_blocked, id=35000, stack(0x000000bfc6400000,0x000000bfc6500000) (1024K)]
  0x000001c3e24e2520 JavaThread "Timer-2742"                        [_thread_blocked, id=7496, stack(0x000000bfc6700000,0x000000bfc6800000) (1024K)]
  0x000001c3e24e66c0 JavaThread "Timer-2743"                        [_thread_blocked, id=33804, stack(0x000000bfc6900000,0x000000bfc6a00000) (1024K)]
  0x000001c3e24e4c80 JavaThread "Worker-6037: Initialize workspace"        [_thread_blocked, id=35048, stack(0x000000bfc6800000,0x000000bfc6900000) (1024K)]
  0x000001c3e24e38d0 JavaThread "Timer-2744"                        [_thread_blocked, id=34468, stack(0x000000bfc6600000,0x000000bfc6700000) (1024K)]
  0x000001c3e0354e60 JavaThread "Timer-2745"                        [_thread_blocked, id=33876, stack(0x000000bfc6000000,0x000000bfc6100000) (1024K)]
  0x000001c3e24bdd10 JavaThread "Timer-2746"                        [_thread_blocked, id=29308, stack(0x000000bfc6c00000,0x000000bfc6d00000) (1024K)]
  0x000001c3e24e6030 JavaThread "Timer-2747"                        [_thread_blocked, id=15316, stack(0x000000bfc6a00000,0x000000bfc6b00000) (1024K)]
  0x000001c3f4efc230 JavaThread "Timer-2748"                        [_thread_blocked, id=29928, stack(0x000000bfc6e00000,0x000000bfc6f00000) (1024K)]
  0x000001c3e131c230 JavaThread "Timer-2749"                        [_thread_blocked, id=28696, stack(0x000000bfc6d00000,0x000000bfc6e00000) (1024K)]
  0x000001c3f7224b00 JavaThread "Timer-2750"                        [_thread_blocked, id=34368, stack(0x000000bfc7000000,0x000000bfc7100000) (1024K)]
  0x000001c3f7225eb0 JavaThread "Timer-2751"                        [_thread_blocked, id=32128, stack(0x000000bfc7100000,0x000000bfc7200000) (1024K)]
  0x000001c3f72278f0 JavaThread "Timer-2752"                        [_thread_blocked, id=35768, stack(0x000000bfc7500000,0x000000bfc7600000) (1024K)]
  0x000001c3f7226540 JavaThread "Timer-2753"                        [_thread_blocked, id=35624, stack(0x000000bfc3a00000,0x000000bfc3b00000) (1024K)]
  0x000001c3f7225190 JavaThread "Timer-2754"                        [_thread_blocked, id=31920, stack(0x000000bfc7400000,0x000000bfc7500000) (1024K)]
  0x000001c3f7227260 JavaThread "Timer-2755"                        [_thread_blocked, id=30744, stack(0x000000bfc6f00000,0x000000bfc7000000) (1024K)]
  0x000001c3f7227f80 JavaThread "Timer-2756"                        [_thread_blocked, id=35572, stack(0x000000bfc7700000,0x000000bfc7800000) (1024K)]
  0x000001c3f7228ca0 JavaThread "Timer-2757"                        [_thread_blocked, id=35912, stack(0x000000bfc7600000,0x000000bfc7700000) (1024K)]
  0x000001c3f722ad70 JavaThread "Timer-2758"                        [_thread_blocked, id=35936, stack(0x000000bfc7900000,0x000000bfc7a00000) (1024K)]
  0x000001c3f722ba90 JavaThread "Timer-2759"                        [_thread_blocked, id=35956, stack(0x000000bfc7a00000,0x000000bfc7b00000) (1024K)]
  0x000001c3f722c7b0 JavaThread "Timer-2760"                        [_thread_blocked, id=36152, stack(0x000000bfc7b00000,0x000000bfc7c00000) (1024K)]
  0x000001c3f722c120 JavaThread "Timer-2761"                        [_thread_blocked, id=36164, stack(0x000000bfc7c00000,0x000000bfc7d00000) (1024K)]
  0x000001c3f722b400 JavaThread "Timer-2762"                        [_thread_blocked, id=36172, stack(0x000000bfc7e00000,0x000000bfc7f00000) (1024K)]
  0x000001c3f722a050 JavaThread "Timer-2763"                        [_thread_blocked, id=36180, stack(0x000000bfc7f00000,0x000000bfc8000000) (1024K)]
  0x000001c3f722a6e0 JavaThread "Timer-2764"                        [_thread_blocked, id=36188, stack(0x000000bfc7d00000,0x000000bfc7e00000) (1024K)]
  0x000001c3f7229330 JavaThread "Timer-2765"                        [_thread_blocked, id=36532, stack(0x000000bfc8000000,0x000000bfc8100000) (1024K)]
  0x000001c3f722ce40 JavaThread "Timer-2766"                        [_thread_blocked, id=36572, stack(0x000000bfc8200000,0x000000bfc8300000) (1024K)]
  0x000001c3f722e880 JavaThread "Timer-2767"                        [_thread_blocked, id=36752, stack(0x000000bfc8400000,0x000000bfc8500000) (1024K)]
  0x000001c3f722db60 JavaThread "Timer-2768"                        [_thread_blocked, id=35964, stack(0x000000bfc8500000,0x000000bfc8600000) (1024K)]
  0x000001c3f7225820 JavaThread "Timer-2769"                        [_thread_blocked, id=35996, stack(0x000000bfc7800000,0x000000bfc7900000) (1024K)]
  0x000001c3f72302c0 JavaThread "Timer-2770"                        [_thread_blocked, id=36088, stack(0x000000bfc8700000,0x000000bfc8800000) (1024K)]
  0x000001c3f722fc30 JavaThread "Timer-2771"                        [_thread_blocked, id=35992, stack(0x000000bfc8600000,0x000000bfc8700000) (1024K)]
  0x000001c3f722e1f0 JavaThread "Timer-2772"                        [_thread_blocked, id=36064, stack(0x000000bfc8800000,0x000000bfc8900000) (1024K)]
  0x000001c3f7231670 JavaThread "Timer-2773"                        [_thread_blocked, id=36352, stack(0x000000bfc8900000,0x000000bfc8a00000) (1024K)]
  0x000001c3f7231d00 JavaThread "Timer-2774"                        [_thread_blocked, id=36460, stack(0x000000bfc8b00000,0x000000bfc8c00000) (1024K)]
  0x000001c3f7230fe0 JavaThread "Timer-2775"                        [_thread_blocked, id=36372, stack(0x000000bfc8d00000,0x000000bfc8e00000) (1024K)]
  0x000001c3f7232a20 JavaThread "Worker-6123: Initialize workspace"        [_thread_blocked, id=36260, stack(0x000000bfc8c00000,0x000000bfc8d00000) (1024K)]
  0x000001c3f7235810 JavaThread "Timer-2776"                        [_thread_blocked, id=36528, stack(0x000000bfc9000000,0x000000bfc9100000) (1024K)]
  0x000001c3f7230950 JavaThread "Timer-2777"                        [_thread_blocked, id=29768, stack(0x000000bfc8300000,0x000000bfc8400000) (1024K)]
  0x000001c3f7232390 JavaThread "Timer-2778"                        [_thread_blocked, id=36564, stack(0x000000bfc8e00000,0x000000bfc8f00000) (1024K)]
  0x000001c3f722f5a0 JavaThread "Timer-2779"                        [_thread_blocked, id=36560, stack(0x000000bfc8a00000,0x000000bfc8b00000) (1024K)]
  0x000001c3f7235ea0 JavaThread "Timer-2780"                        [_thread_blocked, id=36492, stack(0x000000bfc9200000,0x000000bfc9300000) (1024K)]
  0x000001c3f7236530 JavaThread "Timer-2781"                        [_thread_blocked, id=24780, stack(0x000000bfc9100000,0x000000bfc9200000) (1024K)]
  0x000001c3f7233740 JavaThread "Timer-2782"                        [_thread_blocked, id=36852, stack(0x000000bfc9400000,0x000000bfc9500000) (1024K)]
  0x000001c3f7236bc0 JavaThread "Timer-2783"                        [_thread_blocked, id=34228, stack(0x000000bfc9600000,0x000000bfc9700000) (1024K)]
  0x000001c3f7237250 JavaThread "Worker-6146: Initialize workspace"        [_thread_blocked, id=36028, stack(0x000000bfc9700000,0x000000bfc9800000) (1024K)]
  0x000001c3f72330b0 JavaThread "Timer-2784"                        [_thread_blocked, id=35980, stack(0x000000bfc9500000,0x000000bfc9600000) (1024K)]
  0x000001c3f7234460 JavaThread "Timer-2785"                        [_thread_blocked, id=36100, stack(0x000000bfc9800000,0x000000bfc9900000) (1024K)]
  0x000001c3f72299c0 JavaThread "Timer-2786"                        [_thread_blocked, id=36036, stack(0x000000bfc8100000,0x000000bfc8200000) (1024K)]
  0x000001c3f72378e0 JavaThread "Timer-2787"                        [_thread_blocked, id=36052, stack(0x000000bfc9900000,0x000000bfc9a00000) (1024K)]
  0x000001c3f7234af0 JavaThread "Timer-2788"                        [_thread_blocked, id=36060, stack(0x000000bfc9b00000,0x000000bfc9c00000) (1024K)]
  0x000001c3f7237f70 JavaThread "Timer-2789"                        [_thread_blocked, id=13252, stack(0x000000bfc9a00000,0x000000bfc9b00000) (1024K)]
  0x000001c3f7235180 JavaThread "Timer-2790"                        [_thread_blocked, id=36524, stack(0x000000bfc9d00000,0x000000bfc9e00000) (1024K)]
  0x000001c3f723b3f0 JavaThread "Timer-2791"                        [_thread_blocked, id=36600, stack(0x000000bfc9e00000,0x000000bfc9f00000) (1024K)]
  0x000001c3f722ef10 JavaThread "Worker-6170: Initialize workspace"        [_thread_blocked, id=24764, stack(0x000000bfc8f00000,0x000000bfc9000000) (1024K)]
  0x000001c3f7238c90 JavaThread "Timer-2792"                        [_thread_blocked, id=35856, stack(0x000000bfc9f00000,0x000000bfca000000) (1024K)]
  0x000001c3f723a040 JavaThread "Timer-2793"                        [_thread_blocked, id=34220, stack(0x000000bfca000000,0x000000bfca100000) (1024K)]
  0x000001c3f7239320 JavaThread "Timer-2794"                        [_thread_blocked, id=36440, stack(0x000000bfca200000,0x000000bfca300000) (1024K)]
  0x000001c3f723a6d0 JavaThread "Timer-2795"                        [_thread_blocked, id=36800, stack(0x000000bfca100000,0x000000bfca200000) (1024K)]
  0x000001c3f723ce30 JavaThread "Timer-2796"                        [_thread_blocked, id=36824, stack(0x000000bfca400000,0x000000bfca500000) (1024K)]
  0x000001c3f723ad60 JavaThread "Timer-2797"                        [_thread_blocked, id=36420, stack(0x000000bfca300000,0x000000bfca400000) (1024K)]
  0x000001c3f723d4c0 JavaThread "Timer-2798"                        [_thread_blocked, id=8344, stack(0x000000bfca600000,0x000000bfca700000) (1024K)]
  0x000001c3f723db50 JavaThread "Timer-2799"                        [_thread_blocked, id=36388, stack(0x000000bfca900000,0x000000bfcaa00000) (1024K)]
  0x000001c3f72399b0 JavaThread "Worker-6191: Initialize workspace"        [_thread_blocked, id=36616, stack(0x000000bfc9c00000,0x000000bfc9d00000) (1024K)]
  0x000001c3f723ba80 JavaThread "Timer-2800"                        [_thread_blocked, id=29312, stack(0x000000bfcaa00000,0x000000bfcab00000) (1024K)]
  0x000001c3f7241cf0 JavaThread "Timer-2801"                        [_thread_blocked, id=28484, stack(0x000000bfcac00000,0x000000bfcad00000) (1024K)]
  0x000001c3f723ef00 JavaThread "Timer-2802"                        [_thread_blocked, id=36700, stack(0x000000bfca500000,0x000000bfca600000) (1024K)]
  0x000001c3f723c110 JavaThread "Timer-2803"                        [_thread_blocked, id=36092, stack(0x000000bfca800000,0x000000bfca900000) (1024K)]
  0x000001c3f723c7a0 JavaThread "Timer-2804"                        [_thread_blocked, id=35908, stack(0x000000bfcad00000,0x000000bfcae00000) (1024K)]
  0x000001c3f723e1e0 JavaThread "Timer-2805"                        [_thread_blocked, id=36848, stack(0x000000bfcab00000,0x000000bfcac00000) (1024K)]
  0x000001c3f723f590 JavaThread "Timer-2806"                        [_thread_blocked, id=36316, stack(0x000000bfcaf00000,0x000000bfcb000000) (1024K)]
  0x000001c3f7241660 JavaThread "Timer-2807"                        [_thread_blocked, id=36148, stack(0x000000bfcb100000,0x000000bfcb200000) (1024K)]
  0x000001c3f7238600 JavaThread "Worker-6213: Initialize workspace"        [_thread_blocked, id=29372, stack(0x000000bfcae00000,0x000000bfcaf00000) (1024K)]
  0x000001c3f723fc20 JavaThread "Timer-2808"                        [_thread_blocked, id=36024, stack(0x000000bfca700000,0x000000bfca800000) (1024K)]
  0x000001c3f723e870 JavaThread "Timer-2809"                        [_thread_blocked, id=36080, stack(0x000000bfcb000000,0x000000bfcb100000) (1024K)]
  0x000001c3f7242380 JavaThread "Timer-2810"                        [_thread_blocked, id=36704, stack(0x000000bfcb400000,0x000000bfcb500000) (1024K)]
  0x000001c3f72430a0 JavaThread "Timer-2811"                        [_thread_blocked, id=36488, stack(0x000000bfcb300000,0x000000bfcb400000) (1024K)]
  0x000001c3f7242a10 JavaThread "Timer-2812"                        [_thread_blocked, id=36096, stack(0x000000bfcb600000,0x000000bfcb700000) (1024K)]
  0x000001c3f7243730 JavaThread "Timer-2813"                        [_thread_blocked, id=36236, stack(0x000000bfcb500000,0x000000bfcb600000) (1024K)]
  0x000001c3f72402b0 JavaThread "Timer-2814"                        [_thread_blocked, id=36340, stack(0x000000bfcb800000,0x000000bfcb900000) (1024K)]
  0x000001c3f7245170 JavaThread "Timer-2815"                        [_thread_blocked, id=36476, stack(0x000000bfcb900000,0x000000bfcba00000) (1024K)]
  0x000001c3f7233dd0 JavaThread "Worker-6231: Initialize workspace"        [_thread_blocked, id=36356, stack(0x000000bfc9300000,0x000000bfc9400000) (1024K)]
  0x000001c3f72478d0 JavaThread "Timer-2816"                        [_thread_blocked, id=36332, stack(0x000000bfcba00000,0x000000bfcbb00000) (1024K)]
  0x000001c3f7245800 JavaThread "Timer-2817"                        [_thread_blocked, id=36044, stack(0x000000bfcb200000,0x000000bfcb300000) (1024K)]
  0x000001c3f7246520 JavaThread "Timer-2818"                        [_thread_blocked, id=36540, stack(0x000000bfcbd00000,0x000000bfcbe00000) (1024K)]
  0x000001c3f7246bb0 JavaThread "Timer-2819"                        [_thread_blocked, id=34260, stack(0x000000bfcbe00000,0x000000bfcbf00000) (1024K)]
  0x000001c3f7243dc0 JavaThread "Timer-2820"                        [_thread_blocked, id=36008, stack(0x000000bfcbc00000,0x000000bfcbd00000) (1024K)]
  0x000001c3f7247f60 JavaThread "Timer-2821"                        [_thread_blocked, id=35852, stack(0x000000bfcbf00000,0x000000bfcc000000) (1024K)]
  0x000001c3f7247240 JavaThread "Timer-2822"                        [_thread_blocked, id=36296, stack(0x000000bfcc100000,0x000000bfcc200000) (1024K)]
  0x000001c3f72485f0 JavaThread "Timer-2823"                        [_thread_blocked, id=36368, stack(0x000000bfcc200000,0x000000bfcc300000) (1024K)]
  0x000001c3f7249310 JavaThread "Timer-2824"                        [_thread_blocked, id=36716, stack(0x000000bfcc500000,0x000000bfcc600000) (1024K)]
  0x000001c3f7240fd0 JavaThread "Timer-2825"                        [_thread_blocked, id=35420, stack(0x000000bfcb700000,0x000000bfcb800000) (1024K)]
  0x000001c3f72499a0 JavaThread "Timer-2826"                        [_thread_blocked, id=36608, stack(0x000000bfcc600000,0x000000bfcc700000) (1024K)]
  0x000001c3f7245e90 JavaThread "Timer-2827"                        [_thread_blocked, id=36720, stack(0x000000bfcbb00000,0x000000bfcbc00000) (1024K)]
  0x000001c3f724a030 JavaThread "Timer-2828"                        [_thread_blocked, id=19100, stack(0x000000bfcc800000,0x000000bfcc900000) (1024K)]
  0x000001c3f724a6c0 JavaThread "Timer-2829"                        [_thread_blocked, id=15676, stack(0x000000bfcc700000,0x000000bfcc800000) (1024K)]
  0x000001c3f720a070 JavaThread "Timer-2830"                        [_thread_blocked, id=36812, stack(0x000000bfcca00000,0x000000bfccb00000) (1024K)]
  0x000001c3f720ce60 JavaThread "Timer-2831"                        [_thread_blocked, id=34080, stack(0x000000bfccb00000,0x000000bfccc00000) (1024K)]
  0x000001c3f720bab0 JavaThread "Timer-2832"                        [_thread_blocked, id=34252, stack(0x000000bfccc00000,0x000000bfccd00000) (1024K)]
  0x000001c3f720c7d0 JavaThread "Timer-2833"                        [_thread_blocked, id=4700, stack(0x000000bfccd00000,0x000000bfcce00000) (1024K)]
  0x000001c3f720d4f0 JavaThread "Timer-2834"                        [_thread_blocked, id=36816, stack(0x000000bfcce00000,0x000000bfccf00000) (1024K)]
  0x000001c3f720db80 JavaThread "Timer-2835"                        [_thread_blocked, id=35064, stack(0x000000bfccf00000,0x000000bfcd000000) (1024K)]
  0x000001c3f720a700 JavaThread "Timer-2836"                        [_thread_blocked, id=36244, stack(0x000000bfcd300000,0x000000bfcd400000) (1024K)]
  0x000001c3f720e8a0 JavaThread "Timer-2837"                        [_thread_blocked, id=36204, stack(0x000000bfcd000000,0x000000bfcd100000) (1024K)]
  0x000001c3f72102e0 JavaThread "Timer-2838"                        [_thread_blocked, id=36184, stack(0x000000bfcd200000,0x000000bfcd300000) (1024K)]
  0x000001c3f720ef30 JavaThread "Timer-2839"                        [_thread_blocked, id=36404, stack(0x000000bfcd400000,0x000000bfcd500000) (1024K)]
  0x000001c3f7211690 JavaThread "Worker-6284: Initialize workspace"        [_thread_blocked, id=36272, stack(0x000000bfcd600000,0x000000bfcd700000) (1024K)]
  0x000001c3f720f5c0 JavaThread "Timer-2840"                        [_thread_blocked, id=36596, stack(0x000000bfcc000000,0x000000bfcc100000) (1024K)]
  0x000001c3f720c140 JavaThread "Timer-2841"                        [_thread_blocked, id=36696, stack(0x000000bfcd500000,0x000000bfcd600000) (1024K)]
  0x000001c3f7210970 JavaThread "Timer-2842"                        [_thread_blocked, id=36200, stack(0x000000bfcd800000,0x000000bfcd900000) (1024K)]
  0x000001c3f7211000 JavaThread "Timer-2843"                        [_thread_blocked, id=19572, stack(0x000000bfcd700000,0x000000bfcd800000) (1024K)]
  0x000001c3f7212a40 JavaThread "Timer-2844"                        [_thread_blocked, id=33384, stack(0x000000bfcda00000,0x000000bfcdb00000) (1024K)]
  0x000001c3f72123b0 JavaThread "Timer-2845"                        [_thread_blocked, id=17756, stack(0x000000bfcd900000,0x000000bfcda00000) (1024K)]
  0x000001c3f720fc50 JavaThread "Timer-2846"                        [_thread_blocked, id=34088, stack(0x000000bfcdc00000,0x000000bfcdd00000) (1024K)]
  0x000001c3f7214b10 JavaThread "Timer-2847"                        [_thread_blocked, id=36196, stack(0x000000bfcdd00000,0x000000bfcde00000) (1024K)]
  0x000001c3f72130d0 JavaThread "Worker-6303: Initialize workspace"        [_thread_blocked, id=36504, stack(0x000000bfcde00000,0x000000bfcdf00000) (1024K)]
  0x000001c3f7213760 JavaThread "Timer-2848"                        [_thread_blocked, id=20668, stack(0x000000bfcdb00000,0x000000bfcdc00000) (1024K)]
  0x000001c3f7214480 JavaThread "Timer-2849"                        [_thread_blocked, id=33912, stack(0x000000bfcdf00000,0x000000bfce000000) (1024K)]
  0x000001c3f7213df0 JavaThread "Timer-2850"                        [_thread_blocked, id=32096, stack(0x000000bfce100000,0x000000bfce200000) (1024K)]
  0x000001c3f72151a0 JavaThread "Timer-2851"                        [_thread_blocked, id=28644, stack(0x000000bfce000000,0x000000bfce100000) (1024K)]
  0x000001c3f7211d20 JavaThread "Timer-2852"                        [_thread_blocked, id=31868, stack(0x000000bfce300000,0x000000bfce400000) (1024K)]
  0x000001c3f7217f90 JavaThread "Timer-2853"                        [_thread_blocked, id=35448, stack(0x000000bfce200000,0x000000bfce300000) (1024K)]
  0x000001c3f7216be0 JavaThread "Timer-2854"                        [_thread_blocked, id=36728, stack(0x000000bfce500000,0x000000bfce600000) (1024K)]
  0x000001c3f7217270 JavaThread "Timer-2855"                        [_thread_blocked, id=36228, stack(0x000000bfce600000,0x000000bfce700000) (1024K)]
  0x000001c3f7217900 JavaThread "Worker-6327: Initialize workspace"        [_thread_blocked, id=28776, stack(0x000000bfce700000,0x000000bfce800000) (1024K)]
  0x000001c3f7218cb0 JavaThread "Timer-2856"                        [_thread_blocked, id=35888, stack(0x000000bfce400000,0x000000bfce500000) (1024K)]
  0x000001c3f7216550 JavaThread "Timer-2857"                        [_thread_blocked, id=34492, stack(0x000000bfce800000,0x000000bfce900000) (1024K)]
  0x000001c3f7215830 JavaThread "Timer-2858"                        [_thread_blocked, id=35400, stack(0x000000bfce900000,0x000000bfcea00000) (1024K)]
  0x000001c3f7219340 JavaThread "Timer-2859"                        [_thread_blocked, id=35024, stack(0x000000bfcea00000,0x000000bfceb00000) (1024K)]
  0x000001c3f7215ec0 JavaThread "Timer-2860"                        [_thread_blocked, id=3008, stack(0x000000bfcec00000,0x000000bfced00000) (1024K)]
  0x000001c3f721a6f0 JavaThread "Timer-2861"                        [_thread_blocked, id=31452, stack(0x000000bfceb00000,0x000000bfcec00000) (1024K)]
  0x000001c3f721ad80 JavaThread "Timer-2862"                        [_thread_blocked, id=30628, stack(0x000000bfcee00000,0x000000bfcef00000) (1024K)]
  0x000001c3f7218620 JavaThread "Timer-2863"                        [_thread_blocked, id=34684, stack(0x000000bfcef00000,0x000000bfcf000000) (1024K)]
  0x000001c3f721a060 JavaThread "Timer-2864"                        [_thread_blocked, id=36500, stack(0x000000bfcf100000,0x000000bfcf200000) (1024K)]
  0x000001c3f720ad90 JavaThread "Timer-2865"                        [_thread_blocked, id=35844, stack(0x000000bfcd100000,0x000000bfcd200000) (1024K)]
  0x000001c3f721c7c0 JavaThread "Timer-2866"                        [_thread_blocked, id=36520, stack(0x000000bfcf300000,0x000000bfcf400000) (1024K)]
  0x000001c3f721baa0 JavaThread "Timer-2867"                        [_thread_blocked, id=36268, stack(0x000000bfced00000,0x000000bfcee00000) (1024K)]
  0x000001c3f721e200 JavaThread "Timer-2868"                        [_thread_blocked, id=25828, stack(0x000000bfcf500000,0x000000bfcf600000) (1024K)]
  0x000001c3f721e890 JavaThread "Timer-2869"                        [_thread_blocked, id=2176, stack(0x000000bfcf400000,0x000000bfcf500000) (1024K)]
  0x000001c3f721db70 JavaThread "Timer-2870"                        [_thread_blocked, id=35196, stack(0x000000bfcf700000,0x000000bfcf800000) (1024K)]
  0x000001c3f721b410 JavaThread "Timer-2871"                        [_thread_blocked, id=29340, stack(0x000000bfcf800000,0x000000bfcf900000) (1024K)]
  0x000001c3f721c130 JavaThread "Worker-6367: Initialize workspace"        [_thread_blocked, id=36408, stack(0x000000bfcf000000,0x000000bfcf100000) (1024K)]
  0x000001c3f72202d0 JavaThread "Timer-2872"                        [_thread_blocked, id=34312, stack(0x000000bfcf600000,0x000000bfcf700000) (1024K)]
  0x000001c3f721ef20 JavaThread "Timer-2873"                        [_thread_blocked, id=34692, stack(0x000000bfcfa00000,0x000000bfcfb00000) (1024K)]
  0x000001c3f721f5b0 JavaThread "Timer-2874"                        [_thread_blocked, id=35052, stack(0x000000bfcfb00000,0x000000bfcfc00000) (1024K)]
  0x000001c3f7220960 JavaThread "Timer-2875"                        [_thread_blocked, id=36660, stack(0x000000bfcfc00000,0x000000bfcfd00000) (1024K)]
  0x000001c3f721fc40 JavaThread "Timer-2876"                        [_thread_blocked, id=31568, stack(0x000000bfcfe00000,0x000000bfcff00000) (1024K)]
  0x000001c3f721d4e0 JavaThread "Timer-2877"                        [_thread_blocked, id=36840, stack(0x000000bfcfd00000,0x000000bfcfe00000) (1024K)]
  0x000001c3f7222a30 JavaThread "Timer-2878"                        [_thread_blocked, id=33648, stack(0x000000bfd0000000,0x000000bfd0100000) (1024K)]
  0x000001c3f7220ff0 JavaThread "Timer-2879"                        [_thread_blocked, id=36496, stack(0x000000bfd0100000,0x000000bfd0200000) (1024K)]
  0x000001c3f72199d0 JavaThread "Worker-6386: Initialize workspace"        [_thread_blocked, id=36328, stack(0x000000bfcf200000,0x000000bfcf300000) (1024K)]
  0x000001c3f72223a0 JavaThread "Timer-2880"                        [_thread_blocked, id=36104, stack(0x000000bfd0300000,0x000000bfd0400000) (1024K)]
  0x000001c3f7223750 JavaThread "Timer-2881"                        [_thread_blocked, id=36652, stack(0x000000bfcff00000,0x000000bfd0000000) (1024K)]
  0x000001c3f7223de0 JavaThread "Timer-2882"                        [_thread_blocked, id=35092, stack(0x000000bfd0500000,0x000000bfd0600000) (1024K)]
  0x000001c3f7221680 JavaThread "Timer-2883"                        [_thread_blocked, id=36860, stack(0x000000bfd0400000,0x000000bfd0500000) (1024K)]
  0x000001c3f7244450 JavaThread "Timer-2884"                        [_thread_blocked, id=35620, stack(0x000000bfd0700000,0x000000bfd0800000) (1024K)]
  0x000001c3df1bbbe0 JavaThread "Timer-2885"                        [_thread_blocked, id=35868, stack(0x000000bfd0600000,0x000000bfd0700000) (1024K)]
  0x000001c3df1bc270 JavaThread "Timer-2886"                        [_thread_blocked, id=36776, stack(0x000000bfd0900000,0x000000bfd0a00000) (1024K)]
  0x000001c3efc608a0 JavaThread "Timer-2887"                        [_thread_blocked, id=31812, stack(0x000000bfd0a00000,0x000000bfd0b00000) (1024K)]
  0x000001c3f7244ae0 JavaThread "Worker-6406: Initialize workspace"        [_thread_blocked, id=28036, stack(0x000000bfd0800000,0x000000bfd0900000) (1024K)]
  0x000001c3e24d1180 JavaThread "Timer-2888"                        [_thread_blocked, id=33348, stack(0x000000bfd0b00000,0x000000bfd0c00000) (1024K)]
  0x000001c3df1bc900 JavaThread "Timer-2889"                        [_thread_blocked, id=34984, stack(0x000000bfd0d00000,0x000000bfd0e00000) (1024K)]
  0x000001c3daa40810 JavaThread "Timer-2890"                        [_thread_blocked, id=28728, stack(0x000000bfd0200000,0x000000bfd0300000) (1024K)]
  0x000001c3e2843df0 JavaThread "Timer-2891"                        [_thread_blocked, id=12592, stack(0x000000bfd0e00000,0x000000bfd0f00000) (1024K)]
  0x000001c3e2844480 JavaThread "Timer-2892"                        [_thread_blocked, id=26748, stack(0x000000bfd0f00000,0x000000bfd1000000) (1024K)]
  0x000001c3f7221d10 JavaThread "Timer-2893"                        [_thread_blocked, id=36376, stack(0x000000bfd1000000,0x000000bfd1100000) (1024K)]
  0x000001c3efc63000 JavaThread "Timer-2894"                        [_thread_blocked, id=36220, stack(0x000000bfd1200000,0x000000bfd1300000) (1024K)]
  0x000001c3ef3147e0 JavaThread "Timer-2895"                        [_thread_blocked, id=36324, stack(0x000000bfd1300000,0x000000bfd1400000) (1024K)]
  0x000001c3ef314e70 JavaThread "Worker-6427: Initialize workspace"        [_thread_blocked, id=36592, stack(0x000000bfcf900000,0x000000bfcfa00000) (1024K)]
  0x000001c3ef313ac0 JavaThread "Timer-2896"                        [_thread_blocked, id=36568, stack(0x000000bfd1400000,0x000000bfd1500000) (1024K)]
  0x000001c3ef312080 JavaThread "Timer-2897"                        [_thread_blocked, id=34744, stack(0x000000bfd1500000,0x000000bfd1600000) (1024K)]
  0x000001c3ef312710 JavaThread "Timer-2898"                        [_thread_blocked, id=36844, stack(0x000000bfd1900000,0x000000bfd1a00000) (1024K)]
  0x000001c3ef315b90 JavaThread "Timer-2899"                        [_thread_blocked, id=31712, stack(0x000000bfd1800000,0x000000bfd1900000) (1024K)]
  0x000001c3ef316220 JavaThread "Timer-2900"                        [_thread_blocked, id=32952, stack(0x000000bfd1b00000,0x000000bfd1c00000) (1024K)]
  0x000001c3ef313430 JavaThread "Timer-2901"                        [_thread_blocked, id=33508, stack(0x000000bfd1a00000,0x000000bfd1b00000) (1024K)]
  0x000001c3ef319d30 JavaThread "Timer-2902"                        [_thread_blocked, id=29832, stack(0x000000bfd1d00000,0x000000bfd1e00000) (1024K)]
  0x000001c3ef3168b0 JavaThread "Timer-2903"                        [_thread_blocked, id=36828, stack(0x000000bfd1e00000,0x000000bfd1f00000) (1024K)]
  0x000001c3ef3175d0 JavaThread "Timer-2904"                        [_thread_blocked, id=36308, stack(0x000000bfd1c00000,0x000000bfd1d00000) (1024K)]
  0x000001c3ef317c60 JavaThread "Timer-2905"                        [_thread_blocked, id=35148, stack(0x000000bfd1f00000,0x000000bfd2000000) (1024K)]
  0x000001c3ef3182f0 JavaThread "Timer-2906"                        [_thread_blocked, id=28668, stack(0x000000bfd2100000,0x000000bfd2200000) (1024K)]
  0x000001c3ef318980 JavaThread "Timer-2907"                        [_thread_blocked, id=33980, stack(0x000000bfd2200000,0x000000bfd2300000) (1024K)]
  0x000001c3ef31c490 JavaThread "Timer-2908"                        [_thread_blocked, id=32916, stack(0x000000bfd2400000,0x000000bfd2500000) (1024K)]
  0x000001c3ef315500 JavaThread "Timer-2909"                        [_thread_blocked, id=34416, stack(0x000000bfd2300000,0x000000bfd2400000) (1024K)]
  0x000001c3ef31be00 JavaThread "Timer-2910"                        [_thread_blocked, id=36632, stack(0x000000bfd2600000,0x000000bfd2700000) (1024K)]
  0x000001c3ef31cb20 JavaThread "Timer-2911"                        [_thread_blocked, id=36248, stack(0x000000bfd2700000,0x000000bfd2800000) (1024K)]
  0x000001c3ef31a3c0 JavaThread "Timer-2912"                        [_thread_blocked, id=32028, stack(0x000000bfd2500000,0x000000bfd2600000) (1024K)]
  0x000001c3ef31d1b0 JavaThread "Timer-2913"                        [_thread_blocked, id=11148, stack(0x000000bfd2900000,0x000000bfd2a00000) (1024K)]
  0x000001c3ef31d840 JavaThread "Timer-2914"                        [_thread_blocked, id=36124, stack(0x000000bfd2c00000,0x000000bfd2d00000) (1024K)]
  0x000001c3ef31aa50 JavaThread "Timer-2915"                        [_thread_blocked, id=25480, stack(0x000000bfd2a00000,0x000000bfd2b00000) (1024K)]
  0x000001c3ef319010 JavaThread "Timer-2916"                        [_thread_blocked, id=36392, stack(0x000000bfd2d00000,0x000000bfd2e00000) (1024K)]
  0x000001c3ef31ded0 JavaThread "Timer-2917"                        [_thread_blocked, id=35616, stack(0x000000bfd2b00000,0x000000bfd2c00000) (1024K)]
  0x000001c3ef31e560 JavaThread "Timer-2918"                        [_thread_blocked, id=35884, stack(0x000000bfd2e00000,0x000000bfd2f00000) (1024K)]
  0x000001c3ef31ebf0 JavaThread "Timer-2919"                        [_thread_blocked, id=35264, stack(0x000000bfd3000000,0x000000bfd3100000) (1024K)]
  0x000001c3ef3196a0 JavaThread "Worker-6496: Initialize workspace"        [_thread_blocked, id=36760, stack(0x000000bfd2000000,0x000000bfd2100000) (1024K)]
  0x000001c3ef322070 JavaThread "Timer-2920"                        [_thread_blocked, id=36156, stack(0x000000bfd3200000,0x000000bfd3300000) (1024K)]
  0x000001c3ef322700 JavaThread "Timer-2921"                        [_thread_blocked, id=35816, stack(0x000000bfd3300000,0x000000bfd3400000) (1024K)]
  0x000001c3ef31b0e0 JavaThread "Timer-2922"                        [_thread_blocked, id=35636, stack(0x000000bfd3100000,0x000000bfd3200000) (1024K)]
  0x000001c3ef31ffa0 JavaThread "Timer-2923"                        [_thread_blocked, id=35308, stack(0x000000bfd3400000,0x000000bfd3500000) (1024K)]
  0x000001c3ef320cc0 JavaThread "Timer-2924"                        [_thread_blocked, id=36788, stack(0x000000bfd3600000,0x000000bfd3700000) (1024K)]
  0x000001c3ef321350 JavaThread "Timer-2925"                        [_thread_blocked, id=29752, stack(0x000000bf67500000,0x000000bf67600000) (1024K)]
  0x000001c3ef31f910 JavaThread "Timer-2926"                        [_thread_blocked, id=36252, stack(0x000000bfd3700000,0x000000bfd3800000) (1024K)]
  0x000001c3ef3219e0 JavaThread "Timer-2927"                        [_thread_blocked, id=35084, stack(0x000000bfd3800000,0x000000bfd3900000) (1024K)]
  0x000001c3ef320630 JavaThread "Timer-2928"                        [_thread_blocked, id=36416, stack(0x000000bfd3500000,0x000000bfd3600000) (1024K)]
  0x000001c3ef324140 JavaThread "Timer-2929"                        [_thread_blocked, id=12712, stack(0x000000bfd3b00000,0x000000bfd3c00000) (1024K)]
  0x000001c3ef31f280 JavaThread "Timer-2930"                        [_thread_blocked, id=32184, stack(0x000000bfd3a00000,0x000000bfd3b00000) (1024K)]
  0x000001c3ef323ab0 JavaThread "Timer-2931"                        [_thread_blocked, id=36628, stack(0x000000bfd3d00000,0x000000bfd3e00000) (1024K)]
  0x000001c3ef3247d0 JavaThread "Timer-2932"                        [_thread_blocked, id=33124, stack(0x000000bfd3c00000,0x000000bfd3d00000) (1024K)]
  0x000001c3ef322d90 JavaThread "Timer-2933"                        [_thread_blocked, id=35672, stack(0x000000bfd3e00000,0x000000bfd3f00000) (1024K)]
  0x000001c3ef326210 JavaThread "Timer-2934"                        [_thread_blocked, id=29948, stack(0x000000bfd3f00000,0x000000bfd4000000) (1024K)]
  0x000001c3ef3254f0 JavaThread "Timer-2935"                        [_thread_blocked, id=36724, stack(0x000000bfd4200000,0x000000bfd4300000) (1024K)]
  0x000001c3ef32a3b0 JavaThread "Timer-2936"                        [_thread_blocked, id=36072, stack(0x000000bfd4700000,0x000000bfd4800000) (1024K)]
  0x000001c3ef31b770 JavaThread "Timer-2937"                        [_thread_blocked, id=35736, stack(0x000000bfd2f00000,0x000000bfd3000000) (1024K)]
  0x000001c3ef323420 JavaThread "Timer-2938"                        [_thread_blocked, id=36456, stack(0x000000bfd4300000,0x000000bfd4400000) (1024K)]
  0x000001c3ef326f30 JavaThread "Timer-2939"                        [_thread_blocked, id=12436, stack(0x000000bfd4000000,0x000000bfd4100000) (1024K)]
  0x000001c3ef327c50 JavaThread "Timer-2940"                        [_thread_blocked, id=34408, stack(0x000000bfd4500000,0x000000bfd4600000) (1024K)]
  0x000001c3ef328970 JavaThread "Timer-2941"                        [_thread_blocked, id=37088, stack(0x000000bfd4400000,0x000000bfd4500000) (1024K)]
  0x000001c3ef3282e0 JavaThread "Timer-2942"                        [_thread_blocked, id=37096, stack(0x000000bfd4800000,0x000000bfd4900000) (1024K)]
  0x000001c3ef325b80 JavaThread "Timer-2943"                        [_thread_blocked, id=37108, stack(0x000000bfd4a00000,0x000000bfd4b00000) (1024K)]
  0x000001c3ef3268a0 JavaThread "Worker-6554: Initialize workspace"        [_thread_blocked, id=37292, stack(0x000000bfd4600000,0x000000bfd4700000) (1024K)]
  0x000001c3ef32b0d0 JavaThread "Timer-2944"                        [_thread_blocked, id=37336, stack(0x000000bfd4c00000,0x000000bfd4d00000) (1024K)]
  0x000001c3ef329690 JavaThread "Timer-2945"                        [_thread_blocked, id=37348, stack(0x000000bfd4b00000,0x000000bfd4c00000) (1024K)]
  0x000001c3ef32aa40 JavaThread "Timer-2946"                        [_thread_blocked, id=37356, stack(0x000000bfd4d00000,0x000000bfd4e00000) (1024K)]
  0x000001c3ef3275c0 JavaThread "Timer-2947"                        [_thread_blocked, id=37360, stack(0x000000bfd4e00000,0x000000bfd4f00000) (1024K)]
  0x000001c3ef32bdf0 JavaThread "Timer-2948"                        [_thread_blocked, id=37368, stack(0x000000bfd5000000,0x000000bfd5100000) (1024K)]
  0x000001c3ef32f270 JavaThread "Timer-2949"                        [_thread_blocked, id=37584, stack(0x000000bfd4f00000,0x000000bfd5000000) (1024K)]
  0x000001c3ef32dec0 JavaThread "Timer-2950"                        [_thread_blocked, id=37592, stack(0x000000bfd5100000,0x000000bfd5200000) (1024K)]
  0x000001c3ef32ebe0 JavaThread "Timer-2951"                        [_thread_blocked, id=37604, stack(0x000000bfd5300000,0x000000bfd5400000) (1024K)]
  0x000001c3ef329d20 JavaThread "Timer-2952"                        [_thread_blocked, id=37828, stack(0x000000bfd5400000,0x000000bfd5500000) (1024K)]
  0x000001c3ef32f900 JavaThread "Timer-2953"                        [_thread_blocked, id=35892, stack(0x000000bfd5600000,0x000000bfd5700000) (1024K)]
  0x000001c3ef32d1a0 JavaThread "Timer-2954"                        [_thread_blocked, id=36784, stack(0x000000bfd4900000,0x000000bfd4a00000) (1024K)]
  0x000001c3ef32d830 JavaThread "Timer-2955"                        [_thread_blocked, id=36960, stack(0x000000bfd5700000,0x000000bfd5800000) (1024K)]
  0x000001c3ef32ff90 JavaThread "Timer-2956"                        [_thread_blocked, id=37072, stack(0x000000bfd5900000,0x000000bfd5a00000) (1024K)]
  0x000001c3ef32e550 JavaThread "Timer-2957"                        [_thread_blocked, id=37136, stack(0x000000bfd5800000,0x000000bfd5900000) (1024K)]
  0x000001c3ef330cb0 JavaThread "Timer-2958"                        [_thread_blocked, id=37128, stack(0x000000bfd5b00000,0x000000bfd5c00000) (1024K)]
  0x000001c3ef333410 JavaThread "Timer-2959"                        [_thread_blocked, id=37308, stack(0x000000bfd5d00000,0x000000bfd5e00000) (1024K)]
  0x000001c3ef329000 JavaThread "Worker-6598: Initialize workspace"        [_thread_blocked, id=37448, stack(0x000000bfd5200000,0x000000bfd5300000) (1024K)]
  0x000001c3ef330620 JavaThread "Timer-2960"                        [_thread_blocked, id=14644, stack(0x000000bfd5f00000,0x000000bfd6000000) (1024K)]
  0x000001c3ef3347c0 JavaThread "Timer-2961"                        [_thread_blocked, id=35284, stack(0x000000bfd6000000,0x000000bfd6100000) (1024K)]
  0x000001c3ef32c480 JavaThread "Timer-2962"                        [_thread_blocked, id=34652, stack(0x000000bfd5500000,0x000000bfd5600000) (1024K)]
  0x000001c3ef332060 JavaThread "Timer-2963"                        [_thread_blocked, id=37596, stack(0x000000bfd5c00000,0x000000bfd5d00000) (1024K)]
  0x000001c3ef3319d0 JavaThread "Timer-2964"                        [_thread_blocked, id=37600, stack(0x000000bfd6200000,0x000000bfd6300000) (1024K)]
  0x000001c3ef331340 JavaThread "Timer-2965"                        [_thread_blocked, id=34540, stack(0x000000bfd6100000,0x000000bfd6200000) (1024K)]
  0x000001c3ef333aa0 JavaThread "Timer-2966"                        [_thread_blocked, id=37864, stack(0x000000bfd6400000,0x000000bfd6500000) (1024K)]
  0x000001c3ef334130 JavaThread "Timer-2967"                        [_thread_blocked, id=36896, stack(0x000000bfd6500000,0x000000bfd6600000) (1024K)]
  0x000001c3ef335b70 JavaThread "Timer-2968"                        [_thread_blocked, id=37020, stack(0x000000bfd6600000,0x000000bfd6700000) (1024K)]
  0x000001c3ef332d80 JavaThread "Timer-2969"                        [_thread_blocked, id=37016, stack(0x000000bfd6700000,0x000000bfd6800000) (1024K)]
  0x000001c3ef338960 JavaThread "Timer-2970"                        [_thread_blocked, id=37332, stack(0x000000bfd6900000,0x000000bfd6a00000) (1024K)]
  0x000001c3ef3326f0 JavaThread "Timer-2971"                        [_thread_blocked, id=37480, stack(0x000000bfd6800000,0x000000bfd6900000) (1024K)]
  0x000001c3ef336890 JavaThread "Timer-2972"                        [_thread_blocked, id=37436, stack(0x000000bfd6b00000,0x000000bfd6c00000) (1024K)]
  0x000001c3ef336200 JavaThread "Timer-2973"                        [_thread_blocked, id=37620, stack(0x000000bfd6a00000,0x000000bfd6b00000) (1024K)]
  0x000001c3ef338ff0 JavaThread "Timer-2974"                        [_thread_blocked, id=37736, stack(0x000000bfd6d00000,0x000000bfd6e00000) (1024K)]
  0x000001c3ef33a3a0 JavaThread "Timer-2975"                        [_thread_blocked, id=37496, stack(0x000000bfd6f00000,0x000000bfd7000000) (1024K)]
  0x000001c3ef336f20 JavaThread "Worker-6632: Initialize workspace"        [_thread_blocked, id=36128, stack(0x000000bfd5e00000,0x000000bfd5f00000) (1024K)]
  0x000001c3ef339680 JavaThread "Timer-2976"                        [_thread_blocked, id=37076, stack(0x000000bfd7000000,0x000000bfd7100000) (1024K)]
  0x000001c3ef337c40 JavaThread "Timer-2977"                        [_thread_blocked, id=36972, stack(0x000000bfd7100000,0x000000bfd7200000) (1024K)]
  0x000001c3ef3375b0 JavaThread "Timer-2978"                        [_thread_blocked, id=36952, stack(0x000000bfd6e00000,0x000000bfd6f00000) (1024K)]
  0x000001c3ef3354e0 JavaThread "Timer-2979"                        [_thread_blocked, id=37008, stack(0x000000bfd7200000,0x000000bfd7300000) (1024K)]
  0x000001c3ef33cb00 JavaThread "Timer-2980"                        [_thread_blocked, id=36468, stack(0x000000bfd7400000,0x000000bfd7500000) (1024K)]
  0x000001c3ef33d190 JavaThread "Timer-2981"                        [_thread_blocked, id=34844, stack(0x000000bfd7300000,0x000000bfd7400000) (1024K)]
  0x000001c3ef33c470 JavaThread "Timer-2982"                        [_thread_blocked, id=35060, stack(0x000000bfd7600000,0x000000bfd7700000) (1024K)]
  0x000001c3ef33d820 JavaThread "Timer-2983"                        [_thread_blocked, id=37192, stack(0x000000bfd7800000,0x000000bfd7900000) (1024K)]
  0x000001c3ef32cb10 JavaThread "Worker-6653: Initialize workspace"        [_thread_blocked, id=8256, stack(0x000000bfd5a00000,0x000000bfd5b00000) (1024K)]
  0x000001c3ef33bde0 JavaThread "Timer-2984"                        [_thread_blocked, id=18284, stack(0x000000bfd7700000,0x000000bfd7800000) (1024K)]
  0x000001c3ef339d10 JavaThread "Timer-2985"                        [_thread_blocked, id=36084, stack(0x000000bfd7500000,0x000000bfd7600000) (1024K)]
  0x000001c3ef33aa30 JavaThread "Timer-2986"                        [_thread_blocked, id=37400, stack(0x000000bfd7a00000,0x000000bfd7b00000) (1024K)]
  0x000001c3ef3382d0 JavaThread "Timer-2987"                        [_thread_blocked, id=37396, stack(0x000000bfd6c00000,0x000000bfd6d00000) (1024K)]
  0x000001c3ef33e540 JavaThread "Timer-2988"                        [_thread_blocked, id=37468, stack(0x000000bfd7c00000,0x000000bfd7d00000) (1024K)]
  0x000001c3ef33b0c0 JavaThread "Timer-2989"                        [_thread_blocked, id=9968, stack(0x000000bfd7d00000,0x000000bfd7e00000) (1024K)]
  0x000001c3ef3419c0 JavaThread "Timer-2990"                        [_thread_blocked, id=28884, stack(0x000000bfd7f00000,0x000000bfd8000000) (1024K)]
  0x000001c3ef341330 JavaThread "Timer-2991"                        [_thread_blocked, id=36132, stack(0x000000bfd8200000,0x000000bfd8300000) (1024K)]
  0x000001c3ef340ca0 JavaThread "Timer-2992"                        [_thread_blocked, id=37860, stack(0x000000bfd8400000,0x000000bfd8500000) (1024K)]
  0x000001c3ef342050 JavaThread "Timer-2993"                        [_thread_blocked, id=36892, stack(0x000000bfd8000000,0x000000bfd8100000) (1024K)]
  0x000001c3ef3426e0 JavaThread "Timer-2994"                        [_thread_blocked, id=31288, stack(0x000000bfd8500000,0x000000bfd8600000) (1024K)]
  0x000001c3ef33b750 JavaThread "Timer-2995"                        [_thread_blocked, id=35516, stack(0x000000bfd7e00000,0x000000bfd7f00000) (1024K)]
  0x000001c3ef33f260 JavaThread "Timer-2996"                        [_thread_blocked, id=34068, stack(0x000000bfd8600000,0x000000bfd8700000) (1024K)]
  0x000001c3ef342d70 JavaThread "Timer-2997"                        [_thread_blocked, id=30948, stack(0x000000bfd8100000,0x000000bfd8200000) (1024K)]
  0x000001c3ef33f8f0 JavaThread "Timer-2998"                        [_thread_blocked, id=37532, stack(0x000000bfd8700000,0x000000bfd8800000) (1024K)]
  0x000001c3ef33ff80 JavaThread "Timer-2999"                        [_thread_blocked, id=37528, stack(0x000000bfd8900000,0x000000bfd8a00000) (1024K)]
  0x000001c3ef343400 JavaThread "Worker-6702: Initialize workspace"        [_thread_blocked, id=37748, stack(0x000000bfd8300000,0x000000bfd8400000) (1024K)]
  0x000001c3ef340610 JavaThread "Timer-3000"                        [_thread_blocked, id=37852, stack(0x000000bfd8a00000,0x000000bfd8b00000) (1024K)]
  0x000001c3ef3454d0 JavaThread "Timer-3001"                        [_thread_blocked, id=37200, stack(0x000000bfd8c00000,0x000000bfd8d00000) (1024K)]
  0x000001c3ef344120 JavaThread "Timer-3002"                        [_thread_blocked, id=35896, stack(0x000000bfd8b00000,0x000000bfd8c00000) (1024K)]
  0x000001c3ef3447b0 JavaThread "Timer-3003"                        [_thread_blocked, id=33652, stack(0x000000bfd8d00000,0x000000bfd8e00000) (1024K)]
  0x000001c3ef344e40 JavaThread "Timer-3004"                        [_thread_blocked, id=36348, stack(0x000000bfd8f00000,0x000000bfd9000000) (1024K)]
  0x000001c3ef345b60 JavaThread "Timer-3005"                        [_thread_blocked, id=19692, stack(0x000000bfd8e00000,0x000000bfd8f00000) (1024K)]
  0x000001c3ef3461f0 JavaThread "Timer-3006"                        [_thread_blocked, id=35520, stack(0x000000bfd9100000,0x000000bfd9200000) (1024K)]
  0x000001c3ef346f10 JavaThread "Timer-3007"                        [_thread_blocked, id=33476, stack(0x000000bfd9200000,0x000000bfd9300000) (1024K)]
  0x000001c3ef3482c0 JavaThread "Timer-3008"                        [_thread_blocked, id=37632, stack(0x000000bfd8800000,0x000000bfd8900000) (1024K)]
  0x000001c3ef34a390 JavaThread "Timer-3009"                        [_thread_blocked, id=37388, stack(0x000000bfd9000000,0x000000bfd9100000) (1024K)]
  0x000001c3ef34aa20 JavaThread "Timer-3010"                        [_thread_blocked, id=37588, stack(0x000000bfd9600000,0x000000bfd9700000) (1024K)]
  0x000001c3ef3475a0 JavaThread "Timer-3011"                        [_thread_blocked, id=35396, stack(0x000000bfd9500000,0x000000bfd9600000) (1024K)]
  0x000001c3ef34b0b0 JavaThread "Timer-3012"                        [_thread_blocked, id=37164, stack(0x000000bfd9800000,0x000000bfd9900000) (1024K)]
  0x000001c3ef34b740 JavaThread "Timer-3013"                        [_thread_blocked, id=36940, stack(0x000000bfd9700000,0x000000bfd9800000) (1024K)]
  0x000001c3ef34bdd0 JavaThread "Timer-3014"                        [_thread_blocked, id=36884, stack(0x000000bfd9a00000,0x000000bfd9b00000) (1024K)]
  0x000001c3ef34c460 JavaThread "Timer-3015"                        [_thread_blocked, id=13228, stack(0x000000bfd9c00000,0x000000bfd9d00000) (1024K)]
  0x000001c3ef348fe0 JavaThread "Timer-3016"                        [_thread_blocked, id=37384, stack(0x000000bfd9900000,0x000000bfd9a00000) (1024K)]
  0x000001c3ef346880 JavaThread "Timer-3017"                        [_thread_blocked, id=36112, stack(0x000000bfd9d00000,0x000000bfd9e00000) (1024K)]
  0x000001c3ef34dea0 JavaThread "Timer-3018"                        [_thread_blocked, id=37272, stack(0x000000bfd9f00000,0x000000bfda000000) (1024K)]
  0x000001c3ef34e530 JavaThread "Timer-3019"                        [_thread_blocked, id=37476, stack(0x000000bfd9e00000,0x000000bfd9f00000) (1024K)]
  0x000001c3ef34ff70 JavaThread "Timer-3020"                        [_thread_blocked, id=36312, stack(0x000000bfda100000,0x000000bfda200000) (1024K)]
  0x000001c3ef34caf0 JavaThread "Timer-3021"                        [_thread_blocked, id=37024, stack(0x000000bfda000000,0x000000bfda100000) (1024K)]
  0x000001c3ef34ebc0 JavaThread "Timer-3022"                        [_thread_blocked, id=36804, stack(0x000000bfda300000,0x000000bfda400000) (1024K)]
  0x000001c3ef34f250 JavaThread "Timer-3023"                        [_thread_blocked, id=36644, stack(0x000000bfda400000,0x000000bfda500000) (1024K)]
  0x000001c3ef347c30 JavaThread "Worker-6762: Initialize workspace"        [_thread_blocked, id=10956, stack(0x000000bfd9400000,0x000000bfd9500000) (1024K)]
  0x000001c3ef350600 JavaThread "Timer-3024"                        [_thread_blocked, id=32352, stack(0x000000bfda500000,0x000000bfda600000) (1024K)]
  0x000001c3ef34f8e0 JavaThread "Timer-3025"                        [_thread_blocked, id=31476, stack(0x000000bfda600000,0x000000bfda700000) (1024K)]
  0x000001c3ef34d180 JavaThread "Timer-3026"                        [_thread_blocked, id=35668, stack(0x000000bfda800000,0x000000bfda900000) (1024K)]
  0x000001c3ef3526d0 JavaThread "Timer-3027"                        [_thread_blocked, id=35392, stack(0x000000bfda700000,0x000000bfda800000) (1024K)]
  0x000001c3ef351320 JavaThread "Timer-3028"                        [_thread_blocked, id=37252, stack(0x000000bfdaa00000,0x000000bfdab00000) (1024K)]
  0x000001c3ef3519b0 JavaThread "Timer-3029"                        [_thread_blocked, id=24692, stack(0x000000bfda900000,0x000000bfdaa00000) (1024K)]
  0x000001c3ef352040 JavaThread "Timer-3030"                        [_thread_blocked, id=37848, stack(0x000000bfdac00000,0x000000bfdad00000) (1024K)]
  0x000001c3ef33ebd0 JavaThread "Timer-3031"                        [_thread_blocked, id=37640, stack(0x000000bfdad00000,0x000000bfdae00000) (1024K)]
  0x000001c3ef350c90 JavaThread "Worker-6779: Initialize workspace"        [_thread_blocked, id=36436, stack(0x000000bfdae00000,0x000000bfdaf00000) (1024K)]
  0x000001c3ef34d810 JavaThread "Timer-3032"                        [_thread_blocked, id=37416, stack(0x000000bfdab00000,0x000000bfdac00000) (1024K)]
  0x000001c3f721ce50 JavaThread "Timer-3033"                        [_thread_blocked, id=36956, stack(0x000000bfdb000000,0x000000bfdb100000) (1024K)]
  0x000001c3f6f18a20 JavaThread "Timer-3034"                        [_thread_blocked, id=37804, stack(0x000000bfdb100000,0x000000bfdb200000) (1024K)]
  0x000001c3f6f1b180 JavaThread "Timer-3035"                        [_thread_blocked, id=37240, stack(0x000000bfdaf00000,0x000000bfdb000000) (1024K)]
  0x000001c3f6f1b810 JavaThread "Timer-3036"                        [_thread_blocked, id=37724, stack(0x000000bfdb300000,0x000000bfdb400000) (1024K)]
  0x000001c3f6f1bea0 JavaThread "Timer-3037"                        [_thread_blocked, id=37412, stack(0x000000bfdb200000,0x000000bfdb300000) (1024K)]
  0x000001c3f6f19740 JavaThread "Timer-3038"                        [_thread_blocked, id=37392, stack(0x000000bfdb500000,0x000000bfdb600000) (1024K)]
  0x000001c3f6f1c530 JavaThread "Timer-3039"                        [_thread_blocked, id=28972, stack(0x000000bfdb600000,0x000000bfdb700000) (1024K)]
  0x000001c3f6f1d250 JavaThread "Timer-3040"                        [_thread_blocked, id=37152, stack(0x000000bfdb700000,0x000000bfdb800000) (1024K)]
  0x000001c3f6f19dd0 JavaThread "Timer-3041"                        [_thread_blocked, id=37056, stack(0x000000bfdb800000,0x000000bfdb900000) (1024K)]
  0x000001c3f6f1d8e0 JavaThread "Timer-3042"                        [_thread_blocked, id=36856, stack(0x000000bfdba00000,0x000000bfdbb00000) (1024K)]
  0x000001c3f6f1a460 JavaThread "Timer-3043"                        [_thread_blocked, id=36664, stack(0x000000bfdb900000,0x000000bfdba00000) (1024K)]
  0x000001c3f6f1df70 JavaThread "Timer-3044"                        [_thread_blocked, id=36056, stack(0x000000bfdbc00000,0x000000bfdbd00000) (1024K)]
  0x000001c3f6f1aaf0 JavaThread "Timer-3045"                        [_thread_blocked, id=37660, stack(0x000000bfdbb00000,0x000000bfdbc00000) (1024K)]
  0x000001c3f6f21a80 JavaThread "Timer-3046"                        [_thread_blocked, id=36692, stack(0x000000bfdbe00000,0x000000bfdbf00000) (1024K)]
  0x000001c3f6f213f0 JavaThread "Timer-3047"                        [_thread_blocked, id=37236, stack(0x000000bfdbf00000,0x000000bfdc000000) (1024K)]
  0x000001c3f6f20040 JavaThread "Worker-6829: Initialize workspace"        [_thread_blocked, id=37612, stack(0x000000bfdc100000,0x000000bfdc200000) (1024K)]
  0x000001c3f6f1f9b0 JavaThread "Timer-3048"                        [_thread_blocked, id=36168, stack(0x000000bfda200000,0x000000bfda300000) (1024K)]
  0x000001c3f6f22110 JavaThread "Timer-3049"                        [_thread_blocked, id=35740, stack(0x000000bfdbd00000,0x000000bfdbe00000) (1024K)]
  0x000001c3f6f20d60 JavaThread "Timer-3050"                        [_thread_blocked, id=37684, stack(0x000000bfdc300000,0x000000bfdc400000) (1024K)]
  0x000001c3f6f1ec90 JavaThread "Timer-3051"                        [_thread_blocked, id=35528, stack(0x000000bfdc000000,0x000000bfdc100000) (1024K)]
  0x000001c3f6f206d0 JavaThread "Timer-3052"                        [_thread_blocked, id=33864, stack(0x000000bfdc500000,0x000000bfdc600000) (1024K)]
  0x000001c3f6f227a0 JavaThread "Timer-3053"                        [_thread_blocked, id=37084, stack(0x000000bfdc400000,0x000000bfdc500000) (1024K)]
  0x000001c3f6f1f320 JavaThread "Timer-3054"                        [_thread_blocked, id=37568, stack(0x000000bfdc700000,0x000000bfdc800000) (1024K)]
  0x000001c3f6f262b0 JavaThread "Timer-3055"                        [_thread_blocked, id=35220, stack(0x000000bfdc800000,0x000000bfdc900000) (1024K)]
  0x000001c3f6f190b0 JavaThread "Worker-6854: Initialize workspace"        [_thread_blocked, id=37808, stack(0x000000bfd9b00000,0x000000bfd9c00000) (1024K)]
  0x000001c3f6f234c0 JavaThread "Timer-3056"                        [_thread_blocked, id=31552, stack(0x000000bfdca00000,0x000000bfdcb00000) (1024K)]
  0x000001c3f6f25c20 JavaThread "Timer-3057"                        [_thread_blocked, id=37656, stack(0x000000bfdc900000,0x000000bfdca00000) (1024K)]
  0x000001c3f6f25590 JavaThread "Timer-3058"                        [_thread_blocked, id=32860, stack(0x000000bfdcc00000,0x000000bfdcd00000) (1024K)]
  0x000001c3f6f241e0 JavaThread "Timer-3059"                        [_thread_blocked, id=37504, stack(0x000000bfdcb00000,0x000000bfdcc00000) (1024K)]
  0x000001c3f6f26940 JavaThread "Timer-3060"                        [_thread_blocked, id=35208, stack(0x000000bfdce00000,0x000000bfdcf00000) (1024K)]
  0x000001c3f6f22e30 JavaThread "Timer-3061"                        [_thread_blocked, id=37672, stack(0x000000bfdcd00000,0x000000bfdce00000) (1024K)]
  0x000001c3f6f26fd0 JavaThread "Timer-3062"                        [_thread_blocked, id=36740, stack(0x000000bfdd000000,0x000000bfdd100000) (1024K)]
  0x000001c3f6f27cf0 JavaThread "Timer-3063"                        [_thread_blocked, id=37120, stack(0x000000bfdd100000,0x000000bfdd200000) (1024K)]
  0x000001c3f6f24f00 JavaThread "Timer-3064"                        [_thread_blocked, id=35940, stack(0x000000bfdd700000,0x000000bfdd800000) (1024K)]
  0x000001c3f6f27660 JavaThread "Timer-3065"                        [_thread_blocked, id=34696, stack(0x000000bfdd400000,0x000000bfdd500000) (1024K)]
  0x000001c3f6f24870 JavaThread "Timer-3066"                        [_thread_blocked, id=34840, stack(0x000000bfdd800000,0x000000bfdd900000) (1024K)]
  0x000001c3f6f2be90 JavaThread "Timer-3067"                        [_thread_blocked, id=36012, stack(0x000000bfdd500000,0x000000bfdd600000) (1024K)]
  0x000001c3f6f28a10 JavaThread "Timer-3068"                        [_thread_blocked, id=36412, stack(0x000000bfdda00000,0x000000bfddb00000) (1024K)]
  0x000001c3f6f2aae0 JavaThread "Timer-3069"                        [_thread_blocked, id=37844, stack(0x000000bfdd900000,0x000000bfdda00000) (1024K)]
  0x000001c3f6f2a450 JavaThread "Timer-3070"                        [_thread_blocked, id=36040, stack(0x000000bfddc00000,0x000000bfddd00000) (1024K)]
  0x000001c3f6f2c520 JavaThread "Timer-3071"                        [_thread_blocked, id=35860, stack(0x000000bfdde00000,0x000000bfddf00000) (1024K)]
  0x000001c3f6f2cbb0 JavaThread "Timer-3072"                        [_thread_blocked, id=30932, stack(0x000000bfddd00000,0x000000bfdde00000) (1024K)]
  0x000001c3f6f29730 JavaThread "Timer-3073"                        [_thread_blocked, id=33308, stack(0x000000bfddf00000,0x000000bfde000000) (1024K)]
  0x000001c3f6f2d240 JavaThread "Timer-3074"                        [_thread_blocked, id=36820, stack(0x000000bfde000000,0x000000bfde100000) (1024K)]
  0x000001c3f6f2df60 JavaThread "Timer-3075"                        [_thread_blocked, id=37264, stack(0x000000bfde200000,0x000000bfde300000) (1024K)]
  0x000001c3f6f2b170 JavaThread "Timer-3076"                        [_thread_blocked, id=37664, stack(0x000000bfde100000,0x000000bfde200000) (1024K)]
  0x000001c3f6f2d8d0 JavaThread "Timer-3077"                        [_thread_blocked, id=37576, stack(0x000000bfdd300000,0x000000bfdd400000) (1024K)]
  0x000001c3f6f2e5f0 JavaThread "Timer-3078"                        [_thread_blocked, id=37044, stack(0x000000bfde400000,0x000000bfde500000) (1024K)]
  0x000001c3f6f2b800 JavaThread "Timer-3079"                        [_thread_blocked, id=17872, stack(0x000000bfde500000,0x000000bfde600000) (1024K)]
  0x000001c3f6f2ec80 JavaThread "Timer-3080"                        [_thread_blocked, id=33492, stack(0x000000bfddb00000,0x000000bfddc00000) (1024K)]
  0x000001c3f6f306c0 JavaThread "Timer-3081"                        [_thread_blocked, id=35916, stack(0x000000bfde700000,0x000000bfde800000) (1024K)]
  0x000001c3f6f31a70 JavaThread "Timer-3082"                        [_thread_blocked, id=35532, stack(0x000000bfde800000,0x000000bfde900000) (1024K)]
  0x000001c3f6f2f310 JavaThread "Timer-3083"                        [_thread_blocked, id=33332, stack(0x000000bfde300000,0x000000bfde400000) (1024K)]
  0x000001c3f6f2f9a0 JavaThread "Timer-3084"                        [_thread_blocked, id=34112, stack(0x000000bfdea00000,0x000000bfdeb00000) (1024K)]
  0x000001c3f6f30030 JavaThread "Timer-3085"                        [_thread_blocked, id=35424, stack(0x000000bfde900000,0x000000bfdea00000) (1024K)]
  0x000001c3f6f30d50 JavaThread "Timer-3086"                        [_thread_blocked, id=37616, stack(0x000000bfdec00000,0x000000bfded00000) (1024K)]
  0x000001c3f6f32100 JavaThread "Timer-3087"                        [_thread_blocked, id=32452, stack(0x000000bfded00000,0x000000bfdee00000) (1024K)]
  0x000001c3f6f35580 JavaThread "Timer-3088"                        [_thread_blocked, id=34092, stack(0x000000bfdd200000,0x000000bfdd300000) (1024K)]
  0x000001c3f6f32e20 JavaThread "Timer-3089"                        [_thread_blocked, id=36512, stack(0x000000bfdee00000,0x000000bfdef00000) (1024K)]
  0x000001c3f6f341d0 JavaThread "Timer-3090"                        [_thread_blocked, id=32072, stack(0x000000bfdef00000,0x000000bfdf000000) (1024K)]
  0x000001c3f6f35c10 JavaThread "Timer-3091"                        [_thread_blocked, id=33932, stack(0x000000bfdf000000,0x000000bfdf100000) (1024K)]
  0x000001c3f6f362a0 JavaThread "Timer-3092"                        [_thread_blocked, id=28188, stack(0x000000bfdf200000,0x000000bfdf300000) (1024K)]
  0x000001c3f6f36930 JavaThread "Timer-3093"                        [_thread_blocked, id=37816, stack(0x000000bfdf100000,0x000000bfdf200000) (1024K)]
  0x000001c3f6f334b0 JavaThread "Timer-3094"                        [_thread_blocked, id=37820, stack(0x000000bfdf400000,0x000000bfdf500000) (1024K)]
  0x000001c3f6f37ce0 JavaThread "Timer-3095"                        [_thread_blocked, id=36924, stack(0x000000bfdf500000,0x000000bfdf600000) (1024K)]
  0x000001c3f6f36fc0 JavaThread "Worker-6958: Initialize workspace"        [_thread_blocked, id=37116, stack(0x000000bfdcf00000,0x000000bfdd000000) (1024K)]
  0x000001c3f6f39720 JavaThread "Timer-3096"                        [_thread_blocked, id=33372, stack(0x000000bfdf700000,0x000000bfdf800000) (1024K)]
  0x000001c3f6f37650 JavaThread "Timer-3097"                        [_thread_blocked, id=30096, stack(0x000000bfdeb00000,0x000000bfdec00000) (1024K)]
  0x000001c3f6f34ef0 JavaThread "Timer-3098"                        [_thread_blocked, id=36920, stack(0x000000bfdfa00000,0x000000bfdfb00000) (1024K)]
  0x000001c3f6f3aad0 JavaThread "Timer-3099"                        [_thread_blocked, id=37364, stack(0x000000bfdf800000,0x000000bfdf900000) (1024K)]
  0x000001c3f6f39db0 JavaThread "Timer-3100"                        [_thread_blocked, id=36320, stack(0x000000bfdfb00000,0x000000bfdfc00000) (1024K)]
  0x000001c3f6f3b160 JavaThread "Timer-3101"                        [_thread_blocked, id=34760, stack(0x000000bf66e00000,0x000000bf66f00000) (1024K)]
  0x000001c3f6f39090 JavaThread "Timer-3102"                        [_thread_blocked, id=14556, stack(0x000000bfdfc00000,0x000000bfdfd00000) (1024K)]
  0x000001c3f6f3be80 JavaThread "Timer-3103"                        [_thread_blocked, id=36764, stack(0x000000bfdfe00000,0x000000bfdff00000) (1024K)]
  0x000001c3f6f34860 JavaThread "Worker-6981: Initialize workspace"        [_thread_blocked, id=34152, stack(0x000000bfdf300000,0x000000bfdf400000) (1024K)]
  0x000001c3f6f38a00 JavaThread "Timer-3104"                        [_thread_blocked, id=33896, stack(0x000000bfdff00000,0x000000bfe0000000) (1024K)]
  0x000001c3f6f3cba0 JavaThread "Timer-3105"                        [_thread_blocked, id=35268, stack(0x000000bfe0000000,0x000000bfe0100000) (1024K)]
  0x000001c3f6f3df50 JavaThread "Timer-3106"                        [_thread_blocked, id=32080, stack(0x000000bfdf900000,0x000000bfdfa00000) (1024K)]
  0x000001c3f6f3e5e0 JavaThread "Timer-3107"                        [_thread_blocked, id=37344, stack(0x000000bfe0100000,0x000000bfe0200000) (1024K)]
  0x000001c3f6f3d230 JavaThread "Timer-3108"                        [_thread_blocked, id=35352, stack(0x000000bfe0300000,0x000000bfe0400000) (1024K)]
  0x000001c3f6f3d8c0 JavaThread "Timer-3109"                        [_thread_blocked, id=35016, stack(0x000000bfe0200000,0x000000bfe0300000) (1024K)]
  0x000001c3f6f3ec70 JavaThread "Timer-3110"                        [_thread_blocked, id=37036, stack(0x000000bfe0500000,0x000000bfe0600000) (1024K)]
  0x000001c3f6f3f990 JavaThread "Timer-3111"                        [_thread_blocked, id=37676, stack(0x000000bfe0700000,0x000000bfe0800000) (1024K)]
  0x000001c3f6f38370 JavaThread "Worker-7004: Initialize workspace"        [_thread_blocked, id=33024, stack(0x000000bfdf600000,0x000000bfdf700000) (1024K)]
  0x000001c3f6f3c510 JavaThread "Timer-3112"                        [_thread_blocked, id=34928, stack(0x000000bfe0400000,0x000000bfe0500000) (1024K)]
  0x000001c3f6f3a440 JavaThread "Timer-3113"                        [_thread_blocked, id=37824, stack(0x000000bfe0800000,0x000000bfe0900000) (1024K)]
  0x000001c3f6f406b0 JavaThread "Timer-3114"                        [_thread_blocked, id=4160, stack(0x000000bfe0a00000,0x000000bfe0b00000) (1024K)]
  0x000001c3f6f40d40 JavaThread "Timer-3115"                        [_thread_blocked, id=13752, stack(0x000000bfe0900000,0x000000bfe0a00000) (1024K)]
  0x000001c3f6f413d0 JavaThread "Timer-3116"                        [_thread_blocked, id=7588, stack(0x000000bfe0c00000,0x000000bfe0d00000) (1024K)]
  0x000001c3f6f40020 JavaThread "Timer-3117"                        [_thread_blocked, id=35164, stack(0x000000bfe0b00000,0x000000bfe0c00000) (1024K)]
  0x000001c3f6f44ee0 JavaThread "Timer-3118"                        [_thread_blocked, id=20292, stack(0x000000bfe0e00000,0x000000bfe0f00000) (1024K)]
  0x000001c3f6f42e10 JavaThread "Timer-3119"                        [_thread_blocked, id=35356, stack(0x000000bfe0f00000,0x000000bfe1000000) (1024K)]
  0x000001c3f6f3f300 JavaThread "Timer-3120"                        [_thread_blocked, id=29048, stack(0x000000bfe0d00000,0x000000bfe0e00000) (1024K)]
  0x000001c3f6f45c00 JavaThread "Timer-3121"                        [_thread_blocked, id=20980, stack(0x000000bfe1200000,0x000000bfe1300000) (1024K)]
  0x000001c3f6f42780 JavaThread "Timer-3122"                        [_thread_blocked, id=34940, stack(0x000000bfe1400000,0x000000bfe1500000) (1024K)]
  0x000001c3f6f434a0 JavaThread "Timer-3123"                        [_thread_blocked, id=35832, stack(0x000000bfe1100000,0x000000bfe1200000) (1024K)]
  0x000001c3f6f43b30 JavaThread "Timer-3124"                        [_thread_blocked, id=36000, stack(0x000000bfe1500000,0x000000bfe1600000) (1024K)]
  0x000001c3f6f45570 JavaThread "Timer-3125"                        [_thread_blocked, id=28980, stack(0x000000bfe1300000,0x000000bfe1400000) (1024K)]
  0x000001c3f6f46920 JavaThread "Timer-3126"                        [_thread_blocked, id=9300, stack(0x000000bfe1900000,0x000000bfe1a00000) (1024K)]
  0x000001c3f6f44850 JavaThread "Timer-3127"                        [_thread_blocked, id=7596, stack(0x000000bfe1a00000,0x000000bfe1b00000) (1024K)]
  0x000001c3f6f47cd0 JavaThread "Timer-3128"                        [_thread_blocked, id=29328, stack(0x000000bfe1d00000,0x000000bfe1e00000) (1024K)]
  0x000001c3f6f41a60 JavaThread "Timer-3129"                        [_thread_blocked, id=8012, stack(0x000000bfe1800000,0x000000bfe1900000) (1024K)]
  0x000001c3f6f49da0 JavaThread "Timer-3130"                        [_thread_blocked, id=25648, stack(0x000000bfe1e00000,0x000000bfe1f00000) (1024K)]
  0x000001c3f6f49710 JavaThread "Timer-3131"                        [_thread_blocked, id=32664, stack(0x000000bfe1c00000,0x000000bfe1d00000) (1024K)]
  0x000001c3f6f47640 JavaThread "Timer-3132"                        [_thread_blocked, id=34964, stack(0x000000bfe1f00000,0x000000bfe2000000) (1024K)]
  0x000001c3f6f489f0 JavaThread "Timer-3133"                        [_thread_blocked, id=12272, stack(0x000000bfe2000000,0x000000bfe2100000) (1024K)]
  0x000001c3f6f48360 JavaThread "Timer-3134"                        [_thread_blocked, id=37492, stack(0x000000bfe2200000,0x000000bfe2300000) (1024K)]
  0x000001c3f6f4a430 JavaThread "Timer-3135"                        [_thread_blocked, id=36264, stack(0x000000bfe2300000,0x000000bfe2400000) (1024K)]
  0x000001c3f6f46290 JavaThread "Worker-7065: Initialize workspace"        [_thread_blocked, id=21848, stack(0x000000bfe1b00000,0x000000bfe1c00000) (1024K)]
  0x000001c3f6f4be70 JavaThread "Timer-3136"                        [_thread_blocked, id=31296, stack(0x000000bfe2700000,0x000000bfe2800000) (1024K)]
  0x000001c3f6f3b7f0 JavaThread "Timer-3137"                        [_thread_blocked, id=33904, stack(0x000000bfdfd00000,0x000000bfdfe00000) (1024K)]
  0x000001c3f6f4aac0 JavaThread "Timer-3138"                        [_thread_blocked, id=34904, stack(0x000000bfe2500000,0x000000bfe2600000) (1024K)]
  0x000001c3f6f4b150 JavaThread "Timer-3139"                        [_thread_blocked, id=36872, stack(0x000000bfe2400000,0x000000bfe2500000) (1024K)]
  0x000001c3f6f4c500 JavaThread "Timer-3140"                        [_thread_blocked, id=32060, stack(0x000000bfe2900000,0x000000bfe2a00000) (1024K)]
  0x000001c3f6f49080 JavaThread "Timer-3141"                        [_thread_blocked, id=36232, stack(0x000000bfe2800000,0x000000bfe2900000) (1024K)]
  0x000001c3f6f4f2f0 JavaThread "Timer-3142"                        [_thread_blocked, id=37692, stack(0x000000bfe2b00000,0x000000bfe2c00000) (1024K)]
  0x000001c3f6f506a0 JavaThread "Timer-3143"                        [_thread_blocked, id=37000, stack(0x000000bfe2c00000,0x000000bfe2d00000) (1024K)]
  0x000001c3f6f46fb0 JavaThread "Worker-7089: Initialize workspace"        [_thread_blocked, id=35456, stack(0x000000bfe2100000,0x000000bfe2200000) (1024K)]
  0x000001c3f6f4cb90 JavaThread "Timer-3144"                        [_thread_blocked, id=33108, stack(0x000000bfe2a00000,0x000000bfe2b00000) (1024K)]
  0x000001c3f6f4d220 JavaThread "Timer-3145"                        [_thread_blocked, id=7604, stack(0x000000bfe2d00000,0x000000bfe2e00000) (1024K)]
  0x000001c3f6f50d30 JavaThread "Timer-3146"                        [_thread_blocked, id=30732, stack(0x000000bfe3000000,0x000000bfe3100000) (1024K)]
  0x000001c3f6f4f980 JavaThread "Timer-3147"                        [_thread_blocked, id=7576, stack(0x000000bfe2f00000,0x000000bfe3000000) (1024K)]
  0x000001c3f6f513c0 JavaThread "Timer-3148"                        [_thread_blocked, id=29624, stack(0x000000bfe3200000,0x000000bfe3300000) (1024K)]
  0x000001c3f6f50010 JavaThread "Timer-3149"                        [_thread_blocked, id=35780, stack(0x000000bfe3100000,0x000000bfe3200000) (1024K)]
  0x000001c3f6f4d8b0 JavaThread "Timer-3150"                        [_thread_blocked, id=13844, stack(0x000000bfe3400000,0x000000bfe3500000) (1024K)]
  0x000001c3f6f4e5d0 JavaThread "Timer-3151"                        [_thread_blocked, id=37708, stack(0x000000bfe3500000,0x000000bfe3600000) (1024K)]
  0x000001c3f6f52e00 JavaThread "Timer-3152"                        [_thread_blocked, id=35692, stack(0x000000bfe3600000,0x000000bfe3700000) (1024K)]
  0x000001c3f6f54840 JavaThread "Timer-3153"                        [_thread_blocked, id=37752, stack(0x000000bfe3700000,0x000000bfe3800000) (1024K)]
  0x000001c3f6f520e0 JavaThread "Timer-3154"                        [_thread_blocked, id=36996, stack(0x000000bfe3800000,0x000000bfe3900000) (1024K)]
  0x000001c3f6f53490 JavaThread "Timer-3155"                        [_thread_blocked, id=36676, stack(0x000000bfe3900000,0x000000bfe3a00000) (1024K)]
  0x000001c3f6f53b20 JavaThread "Timer-3156"                        [_thread_blocked, id=37704, stack(0x000000bfe3b00000,0x000000bfe3c00000) (1024K)]
  0x000001c3f6f54ed0 JavaThread "Timer-3157"                        [_thread_blocked, id=9868, stack(0x000000bfe3a00000,0x000000bfe3b00000) (1024K)]
  0x000001c3f6f51a50 JavaThread "Timer-3158"                        [_thread_blocked, id=8180, stack(0x000000bfe3d00000,0x000000bfe3e00000) (1024K)]
  0x000001c3f6f56fa0 JavaThread "Timer-3159"                        [_thread_blocked, id=19696, stack(0x000000bfe4000000,0x000000bfe4100000) (1024K)]
  0x000001c3f6f55560 JavaThread "Worker-7132: Initialize workspace"        [_thread_blocked, id=31760, stack(0x000000bfe3300000,0x000000bfe3400000) (1024K)]
  0x000001c3f6f57cc0 JavaThread "Timer-3160"                        [_thread_blocked, id=37464, stack(0x000000bfe4300000,0x000000bfe4400000) (1024K)]
  0x000001c3f6f52770 JavaThread "Timer-3161"                        [_thread_blocked, id=36292, stack(0x000000bfe3e00000,0x000000bfe3f00000) (1024K)]
  0x000001c3f6f4ec60 JavaThread "Timer-3162"                        [_thread_blocked, id=34380, stack(0x000000bfe2600000,0x000000bfe2700000) (1024K)]
  0x000001c3f6f55bf0 JavaThread "Timer-3163"                        [_thread_blocked, id=7296, stack(0x000000bfe3f00000,0x000000bfe4000000) (1024K)]
  0x000001c3f6f56280 JavaThread "Timer-3164"                        [_thread_blocked, id=37316, stack(0x000000bfe4400000,0x000000bfe4500000) (1024K)]
  0x000001c3f6f57630 JavaThread "Timer-3165"                        [_thread_blocked, id=37276, stack(0x000000bf6a300000,0x000000bf6a400000) (1024K)]
  0x000001c3f6f56910 JavaThread "Timer-3166"                        [_thread_blocked, id=37172, stack(0x000000bfe4500000,0x000000bfe4600000) (1024K)]
  0x000001c3f6f32790 JavaThread "Timer-3167"                        [_thread_blocked, id=36508, stack(0x000000bfe4600000,0x000000bfe4700000) (1024K)]
  0x000001c3f6f313e0 JavaThread "Worker-7156: Initialize workspace"        [_thread_blocked, id=28740, stack(0x000000bfe4800000,0x000000bfe4900000) (1024K)]
  0x000001c3f6f29dc0 JavaThread "Timer-3168"                        [_thread_blocked, id=33940, stack(0x000000bfe4700000,0x000000bfe4800000) (1024K)]
  0x000001c3e131ae80 JavaThread "Timer-3169"                        [_thread_blocked, id=37712, stack(0x000000bfe4900000,0x000000bfe4a00000) (1024K)]
  0x000001c3e131b510 JavaThread "Timer-3170"                        [_thread_blocked, id=7616, stack(0x000000bfe3c00000,0x000000bfe3d00000) (1024K)]
  0x000001c3ef348950 JavaThread "Timer-3171"                        [_thread_blocked, id=4632, stack(0x000000bfe4a00000,0x000000bfe4b00000) (1024K)]
  0x000001c3ef343a90 JavaThread "Timer-3172"                        [_thread_blocked, id=23676, stack(0x000000bfe4b00000,0x000000bfe4c00000) (1024K)]
  0x000001c3e24da870 JavaThread "Timer-3173"                        [_thread_blocked, id=34720, stack(0x000000bfe4c00000,0x000000bfe4d00000) (1024K)]
  0x000001c3e17441a0 JavaThread "Timer-3174"                        [_thread_blocked, id=28936, stack(0x000000bfe4e00000,0x000000bfe4f00000) (1024K)]
  0x000001c3e0d85190 JavaThread "Timer-3175"                        [_thread_blocked, id=36936, stack(0x000000bfe4f00000,0x000000bfe5000000) (1024K)]
  0x000001c3e0d87260 JavaThread "Worker-7179: Initialize workspace"        [_thread_blocked, id=25948, stack(0x000000bfe4d00000,0x000000bfe4e00000) (1024K)]
  0x000001c3e0d86540 JavaThread "Timer-3176"                        [_thread_blocked, id=36452, stack(0x000000bfe5200000,0x000000bfe5300000) (1024K)]
  0x000001c3e0d85820 JavaThread "Timer-3177"                        [_thread_blocked, id=31180, stack(0x000000bfe4100000,0x000000bfe4200000) (1024K)]
  0x000001c3e0d83de0 JavaThread "Timer-3178"                        [_thread_blocked, id=33960, stack(0x000000bfe5300000,0x000000bfe5400000) (1024K)]
  0x000001c3e0d89330 JavaThread "Timer-3179"                        [_thread_blocked, id=35976, stack(0x000000bfe4200000,0x000000bfe4300000) (1024K)]
  0x000001c3e0d88ca0 JavaThread "Timer-3180"                        [_thread_blocked, id=29156, stack(0x000000bfe5500000,0x000000bfe5600000) (1024K)]
  0x000001c3e0d878f0 JavaThread "Timer-3181"                        [_thread_blocked, id=19520, stack(0x000000bfe5400000,0x000000bfe5500000) (1024K)]
  0x000001c3e0d85eb0 JavaThread "Timer-3182"                        [_thread_blocked, id=36888, stack(0x000000bfe5700000,0x000000bfe5800000) (1024K)]
  0x000001c3e0d88610 JavaThread "Timer-3183"                        [_thread_blocked, id=6420, stack(0x000000bfe5800000,0x000000bfe5900000) (1024K)]
  0x000001c3e0d84b00 JavaThread "Timer-3184"                        [_thread_blocked, id=37188, stack(0x000000bfe5600000,0x000000bfe5700000) (1024K)]
  0x000001c3e0d8a6e0 JavaThread "Timer-3185"                        [_thread_blocked, id=33060, stack(0x000000bfe5a00000,0x000000bfe5b00000) (1024K)]
  0x000001c3e0d8a050 JavaThread "Timer-3186"                        [_thread_blocked, id=37112, stack(0x000000bfe5c00000,0x000000bfe5d00000) (1024K)]
  0x000001c3e0d8ce40 JavaThread "Timer-3187"                        [_thread_blocked, id=3148, stack(0x000000bfe5b00000,0x000000bfe5c00000) (1024K)]
  0x000001c3e0d8c7b0 JavaThread "Timer-3188"                        [_thread_blocked, id=28984, stack(0x000000bfe5e00000,0x000000bfe5f00000) (1024K)]
  0x000001c3e0d899c0 JavaThread "Timer-3189"                        [_thread_blocked, id=35872, stack(0x000000bfe5d00000,0x000000bfe5e00000) (1024K)]
  0x000001c3e0d8d4d0 JavaThread "Timer-3190"                        [_thread_blocked, id=37380, stack(0x000000bfe6000000,0x000000bfe6100000) (1024K)]
  0x000001c3e0d8ba90 JavaThread "Timer-3191"                        [_thread_blocked, id=31260, stack(0x000000bfe6100000,0x000000bfe6200000) (1024K)]
  0x000001c3e0d8ad70 JavaThread "Worker-7220: Initialize workspace"        [_thread_blocked, id=34348, stack(0x000000bfe5900000,0x000000bfe5a00000) (1024K)]
  0x000001c3e0d87f80 JavaThread "Timer-3192"                        [_thread_blocked, id=22900, stack(0x000000bfe6300000,0x000000bfe6400000) (1024K)]
  0x000001c3e0d8db60 JavaThread "Timer-3193"                        [_thread_blocked, id=30784, stack(0x000000bfe6400000,0x000000bfe6500000) (1024K)]
  0x000001c3e0d8ef10 JavaThread "Timer-3194"                        [_thread_blocked, id=37688, stack(0x000000bfe6600000,0x000000bfe6700000) (1024K)]
  0x000001c3e0d8e1f0 JavaThread "Timer-3195"                        [_thread_blocked, id=36688, stack(0x000000bfe6200000,0x000000bfe6300000) (1024K)]
  0x000001c3e0d8e880 JavaThread "Timer-3196"                        [_thread_blocked, id=35228, stack(0x000000bfe6700000,0x000000bfe6800000) (1024K)]
  0x000001c3e0d8f5a0 JavaThread "Timer-3197"                        [_thread_blocked, id=37428, stack(0x000000bfe6500000,0x000000bfe6600000) (1024K)]
  0x000001c3e0d8c120 JavaThread "Timer-3198"                        [_thread_blocked, id=36668, stack(0x000000bfe6900000,0x000000bfe6a00000) (1024K)]
  0x000001c3e0d92390 JavaThread "Timer-3199"                        [_thread_blocked, id=37068, stack(0x000000bfe6a00000,0x000000bfe6b00000) (1024K)]
  0x000001c3e0d8b400 JavaThread "Worker-7243: Initialize workspace"        [_thread_blocked, id=35848, stack(0x000000bfe5f00000,0x000000bfe6000000) (1024K)]
  0x000001c3e0d91670 JavaThread "Timer-3200"                        [_thread_blocked, id=36032, stack(0x000000bfe6b00000,0x000000bfe6c00000) (1024K)]
  0x000001c3e0d92a20 JavaThread "Timer-3201"                        [_thread_blocked, id=34396, stack(0x000000bfe6c00000,0x000000bfe6d00000) (1024K)]
  0x000001c3e0d930b0 JavaThread "Timer-3202"                        [_thread_blocked, id=37728, stack(0x000000bfe6e00000,0x000000bfe6f00000) (1024K)]
  0x000001c3e0d8fc30 JavaThread "Timer-3203"                        [_thread_blocked, id=2576, stack(0x000000bfe6d00000,0x000000bfe6e00000) (1024K)]
  0x000001c3e0d902c0 JavaThread "Timer-3204"                        [_thread_blocked, id=31156, stack(0x000000bfe7000000,0x000000bfe7100000) (1024K)]
  0x000001c3e0d93740 JavaThread "Timer-3205"                        [_thread_blocked, id=15432, stack(0x000000bfe6f00000,0x000000bfe7000000) (1024K)]
  0x000001c3e0d90950 JavaThread "Timer-3206"                        [_thread_blocked, id=12820, stack(0x000000bfe7200000,0x000000bfe7300000) (1024K)]
  0x000001c3e0d94460 JavaThread "Timer-3207"                        [_thread_blocked, id=37880, stack(0x000000bfe7300000,0x000000bfe7400000) (1024K)]
  0x000001c3e0d93dd0 JavaThread "Worker-7266: Initialize workspace"        [_thread_blocked, id=10296, stack(0x000000bfe6800000,0x000000bfe6900000) (1024K)]
  0x000001c3e0d94af0 JavaThread "Timer-3208"                        [_thread_blocked, id=37328, stack(0x000000bfe7400000,0x000000bfe7500000) (1024K)]
  0x000001c3e0d95180 JavaThread "Timer-3209"                        [_thread_blocked, id=37232, stack(0x000000bfe7500000,0x000000bfe7600000) (1024K)]
  0x000001c3e0d91d00 JavaThread "Timer-3210"                        [_thread_blocked, id=35332, stack(0x000000bfe7700000,0x000000bfe7800000) (1024K)]
  0x000001c3e0d95810 JavaThread "Timer-3211"                        [_thread_blocked, id=10788, stack(0x000000bfe7600000,0x000000bfe7700000) (1024K)]
  0x000001c3e0d96bc0 JavaThread "Timer-3212"                        [_thread_blocked, id=15280, stack(0x000000bfe7900000,0x000000bfe7a00000) (1024K)]
  0x000001c3e0d95ea0 JavaThread "Timer-3213"                        [_thread_blocked, id=37648, stack(0x000000bfe7800000,0x000000bfe7900000) (1024K)]
  0x000001c3e0d98c90 JavaThread "Timer-3214"                        [_thread_blocked, id=12372, stack(0x000000bfe7b00000,0x000000bfe7c00000) (1024K)]
  0x000001c3e0d98600 JavaThread "Timer-3215"                        [_thread_blocked, id=26300, stack(0x000000bfe7c00000,0x000000bfe7d00000) (1024K)]
  0x000001c3e0d86bd0 JavaThread "Worker-7290: Initialize workspace"        [_thread_blocked, id=36016, stack(0x000000bfe5000000,0x000000bfe5100000) (1024K)]
  0x000001c3e0d96530 JavaThread "Timer-3216"                        [_thread_blocked, id=30556, stack(0x000000bfe7f00000,0x000000bfe8000000) (1024K)]
  0x000001c3e0d97f70 JavaThread "Timer-3217"                        [_thread_blocked, id=36004, stack(0x000000bfe7d00000,0x000000bfe7e00000) (1024K)]
  0x000001c3e0d9a6d0 JavaThread "Timer-3218"                        [_thread_blocked, id=35004, stack(0x000000bfe8200000,0x000000bfe8300000) (1024K)]
  0x000001c3e0d978e0 JavaThread "Timer-3219"                        [_thread_blocked, id=30028, stack(0x000000bfe7e00000,0x000000bfe7f00000) (1024K)]
  0x000001c3e0d9a040 JavaThread "Timer-3220"                        [_thread_blocked, id=37408, stack(0x000000bfe8100000,0x000000bfe8200000) (1024K)]
  0x000001c3e0d999b0 JavaThread "Timer-3221"                        [_thread_blocked, id=33092, stack(0x000000bfe8000000,0x000000bfe8100000) (1024K)]
  0x000001c3e0d97250 JavaThread "Timer-3222"                        [_thread_blocked, id=35764, stack(0x000000bfe8400000,0x000000bfe8500000) (1024K)]
  0x000001c3e0d9b3f0 JavaThread "Timer-3223"                        [_thread_blocked, id=36984, stack(0x000000bfe8600000,0x000000bfe8700000) (1024K)]
  0x000001c3e0d99320 JavaThread "Worker-7310: Initialize workspace"        [_thread_blocked, id=36656, stack(0x000000bfe7a00000,0x000000bfe7b00000) (1024K)]
  0x000001c3e0d9ba80 JavaThread "Timer-3224"                        [_thread_blocked, id=35080, stack(0x000000bfe8500000,0x000000bfe8600000) (1024K)]
  0x000001c3e0d9c110 JavaThread "Timer-3225"                        [_thread_blocked, id=36904, stack(0x000000bfe8700000,0x000000bfe8800000) (1024K)]
  0x000001c3e0d9ad60 JavaThread "Timer-3226"                        [_thread_blocked, id=1792, stack(0x000000bfe8900000,0x000000bfe8a00000) (1024K)]
  0x000001c3e0d9ce30 JavaThread "Timer-3227"                        [_thread_blocked, id=37372, stack(0x000000bfe8800000,0x000000bfe8900000) (1024K)]
  0x000001c3e0d9db50 JavaThread "Timer-3228"                        [_thread_blocked, id=31200, stack(0x000000bfe8b00000,0x000000bfe8c00000) (1024K)]
  0x000001c3e0d9c7a0 JavaThread "Timer-3229"                        [_thread_blocked, id=12316, stack(0x000000bfe8a00000,0x000000bfe8b00000) (1024K)]
  0x000001c3e0d9fc20 JavaThread "Timer-3230"                        [_thread_blocked, id=36908, stack(0x000000bfe8d00000,0x000000bfe8e00000) (1024K)]
  0x000001c3e0d9e870 JavaThread "Timer-3231"                        [_thread_blocked, id=35588, stack(0x000000bfe8e00000,0x000000bfe8f00000) (1024K)]
  0x000001c3e0da1cf0 JavaThread "Timer-3232"                        [_thread_blocked, id=36020, stack(0x000000bfe8f00000,0x000000bfe9000000) (1024K)]
  0x000001c3e0da0940 JavaThread "Timer-3233"                        [_thread_blocked, id=30228, stack(0x000000bfe9000000,0x000000bfe9100000) (1024K)]
  0x000001c3e0da2380 JavaThread "Timer-3234"                        [_thread_blocked, id=36208, stack(0x000000bfe9200000,0x000000bfe9300000) (1024K)]
  0x000001c3e0d9ef00 JavaThread "Timer-3235"                        [_thread_blocked, id=36076, stack(0x000000bfe9100000,0x000000bfe9200000) (1024K)]
  0x000001c3e0da2a10 JavaThread "Timer-3236"                        [_thread_blocked, id=29104, stack(0x000000bfe9400000,0x000000bfe9500000) (1024K)]
  0x000001c3e0d9f590 JavaThread "Timer-3237"                        [_thread_blocked, id=37764, stack(0x000000bfe9300000,0x000000bfe9400000) (1024K)]
  0x000001c3e0da3730 JavaThread "Timer-3238"                        [_thread_blocked, id=7608, stack(0x000000bfe9600000,0x000000bfe9700000) (1024K)]
  0x000001c3e0da1660 JavaThread "Timer-3239"                        [_thread_blocked, id=36472, stack(0x000000bfe9700000,0x000000bfe9800000) (1024K)]
  0x000001c3e0da30a0 JavaThread "Worker-7354: Initialize workspace"        [_thread_blocked, id=20304, stack(0x000000bfe9500000,0x000000bfe9600000) (1024K)]
  0x000001c3e0da3dc0 JavaThread "Timer-3240"                        [_thread_blocked, id=34688, stack(0x000000bfe9900000,0x000000bfe9a00000) (1024K)]
  0x000001c3e0da7f60 JavaThread "Timer-3241"                        [_thread_blocked, id=30192, stack(0x000000bfe9c00000,0x000000bfe9d00000) (1024K)]
  0x000001c3e0da4450 JavaThread "Timer-3242"                        [_thread_blocked, id=37284, stack(0x000000bfe7100000,0x000000bfe7200000) (1024K)]
  0x000001c3e0da0fd0 JavaThread "Timer-3243"                        [_thread_blocked, id=30940, stack(0x000000bfe9a00000,0x000000bfe9b00000) (1024K)]
  0x000001c3e0da5800 JavaThread "Timer-3244"                        [_thread_blocked, id=24756, stack(0x000000bfe9b00000,0x000000bfe9c00000) (1024K)]
  0x000001c3e0da7240 JavaThread "Timer-3245"                        [_thread_blocked, id=37052, stack(0x000000bfe9d00000,0x000000bfe9e00000) (1024K)]
  0x000001c3e0da4ae0 JavaThread "Timer-3246"                        [_thread_blocked, id=21624, stack(0x000000bfe9e00000,0x000000bfe9f00000) (1024K)]
  0x000001c3e0da5e90 JavaThread "Timer-3247"                        [_thread_blocked, id=35756, stack(0x000000bfea000000,0x000000bfea100000) (1024K)]
  0x000001c3e0d9e1e0 JavaThread "Worker-7375: Initialize workspace"        [_thread_blocked, id=35512, stack(0x000000bfe9f00000,0x000000bfea000000) (1024K)]
  0x000001c3e0d9d4c0 JavaThread "Timer-3248"                        [_thread_blocked, id=29548, stack(0x000000bfe9800000,0x000000bfe9900000) (1024K)]
  0x000001c3e0da6bb0 JavaThread "Timer-3249"                        [_thread_blocked, id=36516, stack(0x000000bfea300000,0x000000bfea400000) (1024K)]
  0x000001c3e0da85f0 JavaThread "Timer-3250"                        [_thread_blocked, id=24156, stack(0x000000bfea100000,0x000000bfea200000) (1024K)]
  0x000001c3e0da6520 JavaThread "Timer-3251"                        [_thread_blocked, id=36276, stack(0x000000bfea400000,0x000000bfea500000) (1024K)]
  0x000001c3e0dac100 JavaThread "Timer-3252"                        [_thread_blocked, id=27620, stack(0x000000bfea600000,0x000000bfea700000) (1024K)]
  0x000001c3e0da5170 JavaThread "Timer-3253"                        [_thread_blocked, id=29060, stack(0x000000bfea500000,0x000000bfea600000) (1024K)]
  0x000001c3e0daa6c0 JavaThread "Timer-3254"                        [_thread_blocked, id=34180, stack(0x000000bfea800000,0x000000bfea900000) (1024K)]
  0x000001c3e0dab3e0 JavaThread "Timer-3255"                        [_thread_blocked, id=3364, stack(0x000000bfeaa00000,0x000000bfeab00000) (1024K)]
  0x000001c3e0da78d0 JavaThread "Worker-7398: Initialize workspace"        [_thread_blocked, id=36900, stack(0x000000bfea900000,0x000000bfeaa00000) (1024K)]
  0x000001c3e0da8c80 JavaThread "Timer-3256"                        [_thread_blocked, id=36736, stack(0x000000bfea700000,0x000000bfea800000) (1024K)]
  0x000001c3e0daad50 JavaThread "Timer-3257"                        [_thread_blocked, id=26084, stack(0x000000bfeab00000,0x000000bfeac00000) (1024K)]
  0x000001c3e0daba70 JavaThread "Timer-3258"                        [_thread_blocked, id=25568, stack(0x000000bfead00000,0x000000bfeae00000) (1024K)]
  0x000001c3e0daa030 JavaThread "Timer-3259"                        [_thread_blocked, id=37544, stack(0x000000bfeac00000,0x000000bfead00000) (1024K)]
  0x000001c3e0dac790 JavaThread "Timer-3260"                        [_thread_blocked, id=37780, stack(0x000000bfeaf00000,0x000000bfeb000000) (1024K)]
  0x000001c3e0dace20 JavaThread "Timer-3261"                        [_thread_blocked, id=36556, stack(0x000000bfeae00000,0x000000bfeaf00000) (1024K)]
  0x000001c3e0dae860 JavaThread "Timer-3262"                        [_thread_blocked, id=37720, stack(0x000000bfeb100000,0x000000bfeb200000) (1024K)]
  0x000001c3e0dad4b0 JavaThread "Timer-3263"                        [_thread_blocked, id=29184, stack(0x000000bfeb200000,0x000000bfeb300000) (1024K)]
  0x000001c3e0daeef0 JavaThread "Timer-3264"                        [_thread_blocked, id=8188, stack(0x000000bfeb000000,0x000000bfeb100000) (1024K)]
  0x000001c3e0daf580 JavaThread "Timer-3265"                        [_thread_blocked, id=34888, stack(0x000000bfeb500000,0x000000bfeb600000) (1024K)]
  0x000001c3e0dae1d0 JavaThread "Timer-3266"                        [_thread_blocked, id=36780, stack(0x000000bfeb800000,0x000000bfeb900000) (1024K)]
  0x000001c3e0db2a00 JavaThread "Timer-3267"                        [_thread_blocked, id=16236, stack(0x000000bfeb700000,0x000000bfeb800000) (1024K)]
  0x000001c3e0db2370 JavaThread "Timer-3268"                        [_thread_blocked, id=35652, stack(0x000000bfeba00000,0x000000bfebb00000) (1024K)]
  0x000001c3e0db3090 JavaThread "Timer-3269"                        [_thread_blocked, id=35828, stack(0x000000bfeb600000,0x000000bfeb700000) (1024K)]
  0x000001c3e0db1650 JavaThread "Timer-3270"                        [_thread_blocked, id=35612, stack(0x000000bfeb900000,0x000000bfeba00000) (1024K)]
  0x000001c3e0dafc10 JavaThread "Timer-3271"                        [_thread_blocked, id=26224, stack(0x000000bfebb00000,0x000000bfebc00000) (1024K)]
  0x000001c3e0da9310 JavaThread "Worker-7439: Initialize workspace"        [_thread_blocked, id=37340, stack(0x000000bfea200000,0x000000bfea300000) (1024K)]
  0x000001c3e0da99a0 JavaThread "Timer-3272"                        [_thread_blocked, id=36832, stack(0x000000bfe8c00000,0x000000bfe8d00000) (1024K)]
  0x000001c3e0db3db0 JavaThread "Timer-3273"                        [_thread_blocked, id=34632, stack(0x000000bfebc00000,0x000000bfebd00000) (1024K)]
  0x000001c3e0db4440 JavaThread "Timer-3274"                        [_thread_blocked, id=26864, stack(0x000000bfebf00000,0x000000bfec000000) (1024K)]
  0x000001c3e0db1ce0 JavaThread "Timer-3275"                        [_thread_blocked, id=7632, stack(0x000000bfebd00000,0x000000bfebe00000) (1024K)]
  0x000001c3e0db0930 JavaThread "Timer-3276"                        [_thread_blocked, id=37032, stack(0x000000bfec100000,0x000000bfec200000) (1024K)]
  0x000001c3e0db0fc0 JavaThread "Timer-3277"                        [_thread_blocked, id=35540, stack(0x000000bf66900000,0x000000bf66a00000) (1024K)]
  0x000001c3e0db7f50 JavaThread "Timer-3278"                        [_thread_blocked, id=33820, stack(0x000000bfec200000,0x000000bfec300000) (1024K)]
  0x000001c3e0db7230 JavaThread "Timer-3279"                        [_thread_blocked, id=37028, stack(0x000000bfec300000,0x000000bfec400000) (1024K)]
  0x000001c3e0db3720 JavaThread "Timer-3280"                        [_thread_blocked, id=35300, stack(0x000000bfeb400000,0x000000bfeb500000) (1024K)]
  0x000001c3e0db02a0 JavaThread "Timer-3281"                        [_thread_blocked, id=34208, stack(0x000000bfec400000,0x000000bfec500000) (1024K)]
  0x000001c3e0db6ba0 JavaThread "Timer-3282"                        [_thread_blocked, id=36708, stack(0x000000bfec600000,0x000000bfec700000) (1024K)]
  0x000001c3e0db5160 JavaThread "Timer-3283"                        [_thread_blocked, id=35732, stack(0x000000bfec700000,0x000000bfec800000) (1024K)]
  0x000001c3e0db78c0 JavaThread "Timer-3284"                        [_thread_blocked, id=31268, stack(0x000000bfec900000,0x000000bfeca00000) (1024K)]
  0x000001c3e0db6510 JavaThread "Timer-3285"                        [_thread_blocked, id=36808, stack(0x000000bfec800000,0x000000bfec900000) (1024K)]
  0x000001c3e0db9300 JavaThread "Timer-3286"                        [_thread_blocked, id=37168, stack(0x000000bfecb00000,0x000000bfecc00000) (1024K)]
  0x000001c3e0dbc0f0 JavaThread "Timer-3287"                        [_thread_blocked, id=30896, stack(0x000000bfecc00000,0x000000bfecd00000) (1024K)]
  0x000001c3e0dbad40 JavaThread "Worker-7483: Initialize workspace"        [_thread_blocked, id=17500, stack(0x000000bfec500000,0x000000bfec600000) (1024K)]
  0x000001c3e0dbba60 JavaThread "Timer-3288"                        [_thread_blocked, id=12292, stack(0x000000bfece00000,0x000000bfecf00000) (1024K)]
  0x000001c3e0dba020 JavaThread "Timer-3289"                        [_thread_blocked, id=37760, stack(0x000000bfecf00000,0x000000bfed000000) (1024K)]
  0x000001c3e0db8c70 JavaThread "Timer-3290"                        [_thread_blocked, id=24704, stack(0x000000bfecd00000,0x000000bfece00000) (1024K)]
  0x000001c3e0db9990 JavaThread "Timer-3291"                        [_thread_blocked, id=35344, stack(0x000000bfed000000,0x000000bfed100000) (1024K)]
  0x000001c3e0dba6b0 JavaThread "Timer-3292"                        [_thread_blocked, id=36964, stack(0x000000bfed200000,0x000000bfed300000) (1024K)]
  0x000001c3e0db85e0 JavaThread "Timer-3293"                        [_thread_blocked, id=29884, stack(0x000000bfed100000,0x000000bfed200000) (1024K)]
  0x000001c3e0dbe850 JavaThread "Timer-3294"                        [_thread_blocked, id=35600, stack(0x000000bfed400000,0x000000bfed500000) (1024K)]
  0x000001c3e0dbce10 JavaThread "Timer-3295"                        [_thread_blocked, id=6748, stack(0x000000bfed600000,0x000000bfed700000) (1024K)]
  0x000001c3e0dbb3d0 JavaThread "Timer-3296"                        [_thread_blocked, id=32996, stack(0x000000bfed300000,0x000000bfed400000) (1024K)]
  0x000001c3e0dbeee0 JavaThread "Timer-3297"                        [_thread_blocked, id=29868, stack(0x000000bfed500000,0x000000bfed600000) (1024K)]
  0x000001c3e0dc0290 JavaThread "Timer-3298"                        [_thread_blocked, id=34308, stack(0x000000bfed800000,0x000000bfed900000) (1024K)]
  0x000001c3e0dbd4a0 JavaThread "Timer-3299"                        [_thread_blocked, id=36192, stack(0x000000bfed900000,0x000000bfeda00000) (1024K)]
  0x000001c3e0dc0920 JavaThread "Timer-3300"                        [_thread_blocked, id=26028, stack(0x000000bfedb00000,0x000000bfedc00000) (1024K)]
  0x000001c3e0dc0fb0 JavaThread "Timer-3301"                        [_thread_blocked, id=32360, stack(0x000000bfeda00000,0x000000bfedb00000) (1024K)]
  0x000001c3e0dbdb30 JavaThread "Timer-3302"                        [_thread_blocked, id=32372, stack(0x000000bfedd00000,0x000000bfede00000) (1024K)]
  0x000001c3e0dbe1c0 JavaThread "Timer-3303"                        [_thread_blocked, id=37716, stack(0x000000bfede00000,0x000000bfedf00000) (1024K)]
  0x000001c3e0dc1cd0 JavaThread "Worker-7518: Initialize workspace"        [_thread_blocked, id=37744, stack(0x000000bfedf00000,0x000000bfee000000) (1024K)]
  0x000001c3e0dc1640 JavaThread "Timer-3304"                        [_thread_blocked, id=8176, stack(0x000000bfed700000,0x000000bfed800000) (1024K)]
  0x000001c3e0dc2360 JavaThread "Timer-3305"                        [_thread_blocked, id=37608, stack(0x000000bfee000000,0x000000bfee100000) (1024K)]
  0x000001c3e0dc29f0 JavaThread "Timer-3306"                        [_thread_blocked, id=30344, stack(0x000000bfee200000,0x000000bfee300000) (1024K)]
  0x000001c3e0dbf570 JavaThread "Timer-3307"                        [_thread_blocked, id=37696, stack(0x000000bfee100000,0x000000bfee200000) (1024K)]
  0x000001c3e0dc3080 JavaThread "Timer-3308"                        [_thread_blocked, id=37624, stack(0x000000bfee400000,0x000000bfee500000) (1024K)]
  0x000001c3f6f541b0 JavaThread "Timer-3309"                        [_thread_blocked, id=10580, stack(0x000000bfee300000,0x000000bfee400000) (1024K)]
  0x000001c3f6f4b7e0 JavaThread "Timer-3310"                        [_thread_blocked, id=37536, stack(0x000000bfee600000,0x000000bfee700000) (1024K)]
  0x000001c3e0dc3710 JavaThread "Timer-3311"                        [_thread_blocked, id=16656, stack(0x000000bfee700000,0x000000bfee800000) (1024K)]
  0x000001c3e0d90fe0 JavaThread "Worker-7542: Initialize workspace"        [_thread_blocked, id=37856, stack(0x000000bfec000000,0x000000bfec100000) (1024K)]
  0x000001c3f6f58350 JavaThread "Timer-3312"                        [_thread_blocked, id=36768, stack(0x000000bfee500000,0x000000bfee600000) (1024K)]
  0x000001c3e0351350 JavaThread "Timer-3313"                        [_thread_blocked, id=31768, stack(0x000000bfeea00000,0x000000bfeeb00000) (1024K)]
  0x000001c3f0243ab0 JavaThread "Timer-3314"                        [_thread_blocked, id=36304, stack(0x000000bfee900000,0x000000bfeea00000) (1024K)]
  0x000001c3f0242d90 JavaThread "Timer-3315"                        [_thread_blocked, id=36576, stack(0x000000bfeeb00000,0x000000bfeec00000) (1024K)]
  0x000001c3f0243420 JavaThread "Timer-3316"                        [_thread_blocked, id=37404, stack(0x000000bfeed00000,0x000000bfeee00000) (1024K)]
  0x000001c3f0244140 JavaThread "Timer-3317"                        [_thread_blocked, id=37920, stack(0x000000bfeec00000,0x000000bfeed00000) (1024K)]
  0x000001c3f02447d0 JavaThread "Timer-3318"                        [_thread_blocked, id=37932, stack(0x000000bfeef00000,0x000000bfef000000) (1024K)]
  0x000001c3f02454f0 JavaThread "Timer-3319"                        [_thread_blocked, id=38012, stack(0x000000bfef000000,0x000000bfef100000) (1024K)]
  0x000001c3f0242700 JavaThread "Timer-3320"                        [_thread_blocked, id=38284, stack(0x000000bfef100000,0x000000bfef200000) (1024K)]
  0x000001c3f02482e0 JavaThread "Timer-3321"                        [_thread_blocked, id=38296, stack(0x000000bfef200000,0x000000bfef300000) (1024K)]
  0x000001c3f0247c50 JavaThread "Timer-3322"                        [_thread_blocked, id=38304, stack(0x000000bfef400000,0x000000bfef500000) (1024K)]
  0x000001c3f0248970 JavaThread "Timer-3323"                        [_thread_blocked, id=38312, stack(0x000000bfef300000,0x000000bfef400000) (1024K)]
  0x000001c3f0249690 JavaThread "Timer-3324"                        [_thread_blocked, id=38324, stack(0x000000bfef700000,0x000000bfef800000) (1024K)]
  0x000001c3f0249000 JavaThread "Timer-3325"                        [_thread_blocked, id=38556, stack(0x000000bfef500000,0x000000bfef600000) (1024K)]
  0x000001c3f0249d20 JavaThread "Timer-3326"                        [_thread_blocked, id=38564, stack(0x000000bfef800000,0x000000bfef900000) (1024K)]
  0x000001c3f02468a0 JavaThread "Timer-3327"                        [_thread_blocked, id=38580, stack(0x000000bfef900000,0x000000bfefa00000) (1024K)]
  0x000001c3f02475c0 JavaThread "Worker-7583: Initialize workspace"        [_thread_blocked, id=38776, stack(0x000000bfedc00000,0x000000bfedd00000) (1024K)]
  0x000001c3f0245b80 JavaThread "Timer-3328"                        [_thread_blocked, id=38820, stack(0x000000bfee800000,0x000000bfee900000) (1024K)]
  0x000001c3f0246210 JavaThread "Timer-3329"                        [_thread_blocked, id=38836, stack(0x000000bfefa00000,0x000000bfefb00000) (1024K)]
  0x000001c3f024bdf0 JavaThread "Timer-3330"                        [_thread_blocked, id=38844, stack(0x000000bfeff00000,0x000000bff0000000) (1024K)]
  0x000001c3f024c480 JavaThread "Timer-3331"                        [_thread_blocked, id=38848, stack(0x000000bfefe00000,0x000000bfeff00000) (1024K)]
  0x000001c3f024d1a0 JavaThread "Timer-3332"                        [_thread_blocked, id=38856, stack(0x000000bff0100000,0x000000bff0200000) (1024K)]
  0x000001c3f024a3b0 JavaThread "Timer-3333"                        [_thread_blocked, id=38452, stack(0x000000bff0000000,0x000000bff0100000) (1024K)]
  0x000001c3f024b0d0 JavaThread "Timer-3334"                        [_thread_blocked, id=37940, stack(0x000000bff0300000,0x000000bff0400000) (1024K)]
  0x000001c3f024e550 JavaThread "Timer-3335"                        [_thread_blocked, id=38356, stack(0x000000bff0200000,0x000000bff0300000) (1024K)]
  0x000001c3f024b760 JavaThread "Timer-3336"                        [_thread_blocked, id=38668, stack(0x000000bfefd00000,0x000000bfefe00000) (1024K)]
  0x000001c3f024aa40 JavaThread "Timer-3337"                        [_thread_blocked, id=38676, stack(0x000000bff0500000,0x000000bff0600000) (1024K)]
  0x000001c3f024ebe0 JavaThread "Timer-3338"                        [_thread_blocked, id=38672, stack(0x000000bff0600000,0x000000bff0700000) (1024K)]
  0x000001c3f024d830 JavaThread "Timer-3339"                        [_thread_blocked, id=38612, stack(0x000000bff0700000,0x000000bff0800000) (1024K)]
  0x000001c3f024f270 JavaThread "Timer-3340"                        [_thread_blocked, id=38576, stack(0x000000bff0900000,0x000000bff0a00000) (1024K)]
  0x000001c3f024f900 JavaThread "Timer-3341"                        [_thread_blocked, id=35320, stack(0x000000bff0800000,0x000000bff0900000) (1024K)]
  0x000001c3f024ff90 JavaThread "Timer-3342"                        [_thread_blocked, id=6572, stack(0x000000bff0b00000,0x000000bff0c00000) (1024K)]
  0x000001c3f0250cb0 JavaThread "Timer-3343"                        [_thread_blocked, id=38136, stack(0x000000bff0c00000,0x000000bff0d00000) (1024K)]
  0x000001c3f0246f30 JavaThread "Worker-7627: Initialize workspace"        [_thread_blocked, id=38360, stack(0x000000bfefc00000,0x000000bfefd00000) (1024K)]
  0x000001c3f0254130 JavaThread "Timer-3344"                        [_thread_blocked, id=38468, stack(0x000000bff0f00000,0x000000bff1000000) (1024K)]
  0x000001c3f024cb10 JavaThread "Timer-3345"                        [_thread_blocked, id=38384, stack(0x000000bff0a00000,0x000000bff0b00000) (1024K)]
  0x000001c3f024dec0 JavaThread "Timer-3346"                        [_thread_blocked, id=38352, stack(0x000000bff0400000,0x000000bff0500000) (1024K)]
  0x000001c3f0253410 JavaThread "Timer-3347"                        [_thread_blocked, id=38348, stack(0x000000bff1000000,0x000000bff1100000) (1024K)]
  0x000001c3f0254e50 JavaThread "Timer-3348"                        [_thread_blocked, id=38332, stack(0x000000bff1200000,0x000000bff1300000) (1024K)]
  0x000001c3f0253aa0 JavaThread "Timer-3349"                        [_thread_blocked, id=36536, stack(0x000000bff1100000,0x000000bff1200000) (1024K)]
  0x000001c3f0252060 JavaThread "Timer-3350"                        [_thread_blocked, id=38464, stack(0x000000bff1400000,0x000000bff1500000) (1024K)]
  0x000001c3f02547c0 JavaThread "Timer-3351"                        [_thread_blocked, id=38148, stack(0x000000bff1600000,0x000000bff1700000) (1024K)]
  0x000001c3f02519d0 JavaThread "Worker-7645: Initialize workspace"        [_thread_blocked, id=37908, stack(0x000000bff0e00000,0x000000bff0f00000) (1024K)]
  0x000001c3f0251340 JavaThread "Timer-3352"                        [_thread_blocked, id=38072, stack(0x000000bff1300000,0x000000bff1400000) (1024K)]
  0x000001c3f02575b0 JavaThread "Timer-3353"                        [_thread_blocked, id=38020, stack(0x000000bff1500000,0x000000bff1600000) (1024K)]
  0x000001c3f0250620 JavaThread "Timer-3354"                        [_thread_blocked, id=36424, stack(0x000000bff1a00000,0x000000bff1b00000) (1024K)]
  0x000001c3f0256200 JavaThread "Timer-3355"                        [_thread_blocked, id=38172, stack(0x000000bff1b00000,0x000000bff1c00000) (1024K)]
  0x000001c3f0258960 JavaThread "Timer-3356"                        [_thread_blocked, id=38432, stack(0x000000bff1d00000,0x000000bff1e00000) (1024K)]
  0x000001c3f0256890 JavaThread "Timer-3357"                        [_thread_blocked, id=38604, stack(0x000000bff1c00000,0x000000bff1d00000) (1024K)]
  0x000001c3f0255b70 JavaThread "Timer-3358"                        [_thread_blocked, id=38204, stack(0x000000bff1f00000,0x000000bff2000000) (1024K)]
  0x000001c3f0256f20 JavaThread "Timer-3359"                        [_thread_blocked, id=38624, stack(0x000000bff2000000,0x000000bff2100000) (1024K)]
  0x000001c3f02526f0 JavaThread "Timer-3360"                        [_thread_blocked, id=38544, stack(0x000000bff1700000,0x000000bff1800000) (1024K)]
  0x000001c3f0252d80 JavaThread "Timer-3361"                        [_thread_blocked, id=38056, stack(0x000000bff1e00000,0x000000bff1f00000) (1024K)]
  0x000001c3f025aa30 JavaThread "Timer-3362"                        [_thread_blocked, id=38784, stack(0x000000bff2400000,0x000000bff2500000) (1024K)]
  0x000001c3f0257c40 JavaThread "Timer-3363"                        [_thread_blocked, id=38048, stack(0x000000bff2300000,0x000000bff2400000) (1024K)]
  0x000001c3f025b0c0 JavaThread "Timer-3364"                        [_thread_blocked, id=38808, stack(0x000000bff2600000,0x000000bff2700000) (1024K)]
  0x000001c3f025a3a0 JavaThread "Timer-3365"                        [_thread_blocked, id=38756, stack(0x000000bfefb00000,0x000000bfefc00000) (1024K)]
  0x000001c3f025b750 JavaThread "Timer-3366"                        [_thread_blocked, id=38456, stack(0x000000bff2700000,0x000000bff2800000) (1024K)]
  0x000001c3f02582d0 JavaThread "Timer-3367"                        [_thread_blocked, id=38000, stack(0x000000bff2800000,0x000000bff2900000) (1024K)]
  0x000001c3f025ff80 JavaThread "Timer-3368"                        [_thread_blocked, id=37956, stack(0x000000bff2f00000,0x000000bff3000000) (1024K)]
  0x000001c3f025f8f0 JavaThread "Timer-3369"                        [_thread_blocked, id=37776, stack(0x000000bff2200000,0x000000bff2300000) (1024K)]
  0x000001c3f025d190 JavaThread "Timer-3370"                        [_thread_blocked, id=38080, stack(0x000000bff2900000,0x000000bff2a00000) (1024K)]
  0x000001c3f025cb00 JavaThread "Timer-3371"                        [_thread_blocked, id=38320, stack(0x000000bff2500000,0x000000bff2600000) (1024K)]
  0x000001c3f0260ca0 JavaThread "Timer-3372"                        [_thread_blocked, id=38244, stack(0x000000bff2c00000,0x000000bff2d00000) (1024K)]
  0x000001c3f025e540 JavaThread "Timer-3373"                        [_thread_blocked, id=35788, stack(0x000000bff2a00000,0x000000bff2b00000) (1024K)]
  0x000001c3f0260610 JavaThread "Timer-3374"                        [_thread_blocked, id=36988, stack(0x000000bff3000000,0x000000bff3100000) (1024K)]
  0x000001c3f0261330 JavaThread "Timer-3375"                        [_thread_blocked, id=38128, stack(0x000000bff3100000,0x000000bff3200000) (1024K)]
  0x000001c3f025f260 JavaThread "Timer-3376"                        [_thread_blocked, id=39200, stack(0x000000bff3200000,0x000000bff3300000) (1024K)]
  0x000001c3f025c470 JavaThread "Timer-3377"                        [_thread_blocked, id=39216, stack(0x000000bff3300000,0x000000bff3400000) (1024K)]
  0x000001c3f02647b0 JavaThread "Timer-3378"                        [_thread_blocked, id=39224, stack(0x000000bff3400000,0x000000bff3500000) (1024K)]
  0x000001c3f02619c0 JavaThread "Timer-3379"                        [_thread_blocked, id=39228, stack(0x000000bff3500000,0x000000bff3600000) (1024K)]
  0x000001c3f02654d0 JavaThread "Timer-3380"                        [_thread_blocked, id=39252, stack(0x000000bff3700000,0x000000bff3800000) (1024K)]
  0x000001c3f0264120 JavaThread "Timer-3381"                        [_thread_blocked, id=39584, stack(0x000000bff3600000,0x000000bff3700000) (1024K)]
  0x000001c3f0262050 JavaThread "Timer-3382"                        [_thread_blocked, id=39592, stack(0x000000bff3900000,0x000000bff3a00000) (1024K)]
  0x000001c3f0264e40 JavaThread "Timer-3383"                        [_thread_blocked, id=39628, stack(0x000000bff3a00000,0x000000bff3b00000) (1024K)]
  0x000001c3f025ebd0 JavaThread "Worker-7739: Initialize workspace"        [_thread_blocked, id=39844, stack(0x000000bff2b00000,0x000000bff2c00000) (1024K)]
  0x000001c3f0262d70 JavaThread "Timer-3384"                        [_thread_blocked, id=39896, stack(0x000000bff3b00000,0x000000bff3c00000) (1024K)]
  0x000001c3f0263400 JavaThread "Timer-3385"                        [_thread_blocked, id=39908, stack(0x000000bff3c00000,0x000000bff3d00000) (1024K)]
  0x000001c3f02626e0 JavaThread "Timer-3386"                        [_thread_blocked, id=39916, stack(0x000000bff3e00000,0x000000bff3f00000) (1024K)]
  0x000001c3f0268fe0 JavaThread "Timer-3387"                        [_thread_blocked, id=39924, stack(0x000000bff3d00000,0x000000bff3e00000) (1024K)]
  0x000001c3f0268950 JavaThread "Timer-3388"                        [_thread_blocked, id=39932, stack(0x000000bff4000000,0x000000bff4100000) (1024K)]
  0x000001c3f0266f10 JavaThread "Timer-3389"                        [_thread_blocked, id=39016, stack(0x000000bff3f00000,0x000000bff4000000) (1024K)]
  0x000001c3f0269670 JavaThread "Timer-3390"                        [_thread_blocked, id=39060, stack(0x000000bff4200000,0x000000bff4300000) (1024K)]
  0x000001c3f0266880 JavaThread "Timer-3391"                        [_thread_blocked, id=39124, stack(0x000000bff4300000,0x000000bff4400000) (1024K)]
  0x000001c3f0265b60 JavaThread "Timer-3392"                        [_thread_blocked, id=39344, stack(0x000000bff4400000,0x000000bff4500000) (1024K)]
  0x000001c3f02661f0 JavaThread "Timer-3393"                        [_thread_blocked, id=39304, stack(0x000000bff4500000,0x000000bff4600000) (1024K)]
  0x000001c3f026b740 JavaThread "Timer-3394"                        [_thread_blocked, id=39316, stack(0x000000bff4700000,0x000000bff4800000) (1024K)]
  0x000001c3f0263a90 JavaThread "Timer-3395"                        [_thread_blocked, id=39300, stack(0x000000bff4600000,0x000000bff4700000) (1024K)]
  0x000001c3f02682c0 JavaThread "Timer-3396"                        [_thread_blocked, id=39236, stack(0x000000bff4900000,0x000000bff4a00000) (1024K)]
  0x000001c3f026bdd0 JavaThread "Timer-3397"                        [_thread_blocked, id=39052, stack(0x000000bff4800000,0x000000bff4900000) (1024K)]
  0x000001c3f026caf0 JavaThread "Timer-3398"                        [_thread_blocked, id=38184, stack(0x000000bff4b00000,0x000000bff4c00000) (1024K)]
  0x000001c3f026a390 JavaThread "Timer-3399"                        [_thread_blocked, id=38952, stack(0x000000bff4c00000,0x000000bff4d00000) (1024K)]
  0x000001c3f0269d00 JavaThread "Worker-7780: Initialize workspace"        [_thread_blocked, id=39092, stack(0x000000bff3800000,0x000000bff3900000) (1024K)]
  0x000001c3f02675a0 JavaThread "Timer-3400"                        [_thread_blocked, id=39420, stack(0x000000bff4100000,0x000000bff4200000) (1024K)]
  0x000001c3f026b0b0 JavaThread "Timer-3401"                        [_thread_blocked, id=39396, stack(0x000000bff4e00000,0x000000bff4f00000) (1024K)]
  0x000001c3f0267c30 JavaThread "Timer-3402"                        [_thread_blocked, id=39452, stack(0x000000bff5000000,0x000000bff5100000) (1024K)]
  0x000001c3f026d180 JavaThread "Timer-3403"                        [_thread_blocked, id=39620, stack(0x000000bff4f00000,0x000000bff5000000) (1024K)]
  0x000001c3f026ebc0 JavaThread "Timer-3404"                        [_thread_blocked, id=39360, stack(0x000000bff5200000,0x000000bff5300000) (1024K)]
  0x000001c3f026d810 JavaThread "Timer-3405"                        [_thread_blocked, id=39860, stack(0x000000bff5100000,0x000000bff5200000) (1024K)]
  0x000001c3f026f250 JavaThread "Timer-3406"                        [_thread_blocked, id=39752, stack(0x000000bff5400000,0x000000bff5500000) (1024K)]
  0x000001c3f026c460 JavaThread "Timer-3407"                        [_thread_blocked, id=14632, stack(0x000000bff5600000,0x000000bff5700000) (1024K)]
  0x000001c3f026f8e0 JavaThread "Timer-3408"                        [_thread_blocked, id=39528, stack(0x000000bff4d00000,0x000000bff4e00000) (1024K)]
  0x000001c3f026ff70 JavaThread "Timer-3409"                        [_thread_blocked, id=39508, stack(0x000000bff5800000,0x000000bff5900000) (1024K)]
  0x000001c3f02719b0 JavaThread "Timer-3410"                        [_thread_blocked, id=39372, stack(0x000000bff5700000,0x000000bff5800000) (1024K)]
  0x000001c3f026e530 JavaThread "Timer-3411"                        [_thread_blocked, id=39560, stack(0x000000bff5900000,0x000000bff5a00000) (1024K)]
  0x000001c3f02726d0 JavaThread "Timer-3412"                        [_thread_blocked, id=39524, stack(0x000000bff5b00000,0x000000bff5c00000) (1024K)]
  0x000001c3f0272d60 JavaThread "Timer-3413"                        [_thread_blocked, id=39056, stack(0x000000bff5a00000,0x000000bff5b00000) (1024K)]
  0x000001c3f02733f0 JavaThread "Timer-3414"                        [_thread_blocked, id=36364, stack(0x000000bff5c00000,0x000000bff5d00000) (1024K)]
  0x000001c3f0274110 JavaThread "Timer-3415"                        [_thread_blocked, id=35452, stack(0x000000bff6100000,0x000000bff6200000) (1024K)]
  0x000001c3f026aa20 JavaThread "Worker-7820: Initialize workspace"        [_thread_blocked, id=19304, stack(0x000000bff5500000,0x000000bff5600000) (1024K)]
  0x000001c3f0274e30 JavaThread "Timer-3416"                        [_thread_blocked, id=38932, stack(0x000000bff6200000,0x000000bff6300000) (1024K)]
  0x000001c3f02754c0 JavaThread "Timer-3417"                        [_thread_blocked, id=38412, stack(0x000000bff6300000,0x000000bff6400000) (1024K)]
  0x000001c3f0275b50 JavaThread "Timer-3418"                        [_thread_blocked, id=18108, stack(0x000000bff5f00000,0x000000bff6000000) (1024K)]
  0x000001c3f0270c90 JavaThread "Timer-3419"                        [_thread_blocked, id=38256, stack(0x000000bff5300000,0x000000bff5400000) (1024K)]
  0x000001c3f026dea0 JavaThread "Timer-3420"                        [_thread_blocked, id=39392, stack(0x000000bff5e00000,0x000000bff5f00000) (1024K)]
  0x000001c3f02747a0 JavaThread "Timer-3421"                        [_thread_blocked, id=39684, stack(0x000000bff6400000,0x000000bff6500000) (1024K)]
  0x000001c3f02761e0 JavaThread "Timer-3422"                        [_thread_blocked, id=38444, stack(0x000000bff6600000,0x000000bff6700000) (1024K)]
  0x000001c3f0278940 JavaThread "Timer-3423"                        [_thread_blocked, id=39332, stack(0x000000bff6900000,0x000000bff6a00000) (1024K)]
  0x000001c3f027a380 JavaThread "Timer-3424"                        [_thread_blocked, id=37420, stack(0x000000bff6b00000,0x000000bff6c00000) (1024K)]
  0x000001c3f027aa10 JavaThread "Timer-3425"                        [_thread_blocked, id=39208, stack(0x000000bff6c00000,0x000000bff6d00000) (1024K)]
  0x000001c3f0279660 JavaThread "Timer-3426"                        [_thread_blocked, id=39668, stack(0x000000bff6500000,0x000000bff6600000) (1024K)]
  0x000001c3f02782b0 JavaThread "Timer-3427"                        [_thread_blocked, id=39784, stack(0x000000bff6700000,0x000000bff6800000) (1024K)]
  0x000001c3f0279cf0 JavaThread "Timer-3428"                        [_thread_blocked, id=39168, stack(0x000000bff6d00000,0x000000bff6e00000) (1024K)]
  0x000001c3f0276f00 JavaThread "Timer-3429"                        [_thread_blocked, id=34240, stack(0x000000bff6800000,0x000000bff6900000) (1024K)]
  0x000001c3f0277590 JavaThread "Timer-3430"                        [_thread_blocked, id=38120, stack(0x000000bff6f00000,0x000000bff7000000) (1024K)]
  0x000001c3f0278fd0 JavaThread "Timer-3431"                        [_thread_blocked, id=38992, stack(0x000000bff7100000,0x000000bff7200000) (1024K)]
  0x000001c3f027e520 JavaThread "Timer-3432"                        [_thread_blocked, id=39544, stack(0x000000bff6e00000,0x000000bff6f00000) (1024K)]
  0x000001c3f027b0a0 JavaThread "Timer-3433"                        [_thread_blocked, id=33016, stack(0x000000bff5d00000,0x000000bff5e00000) (1024K)]
  0x000001c3f027cae0 JavaThread "Timer-3434"                        [_thread_blocked, id=39792, stack(0x000000bff7200000,0x000000bff7300000) (1024K)]
  0x000001c3f027de90 JavaThread "Timer-3435"                        [_thread_blocked, id=37456, stack(0x000000bff7300000,0x000000bff7400000) (1024K)]
  0x000001c3f027bdc0 JavaThread "Timer-3436"                        [_thread_blocked, id=37968, stack(0x000000bff7600000,0x000000bff7700000) (1024K)]
  0x000001c3f027b730 JavaThread "Timer-3437"                        [_thread_blocked, id=39500, stack(0x000000bff7500000,0x000000bff7600000) (1024K)]
  0x000001c3f027ebb0 JavaThread "Timer-3438"                        [_thread_blocked, id=39404, stack(0x000000bff7800000,0x000000bff7900000) (1024K)]
  0x000001c3f027f8d0 JavaThread "Timer-3439"                        [_thread_blocked, id=31784, stack(0x000000bff7900000,0x000000bff7a00000) (1024K)]
  0x000001c3f027c450 JavaThread "Timer-3440"                        [_thread_blocked, id=38828, stack(0x000000bff7b00000,0x000000bff7c00000) (1024K)]
  0x000001c3f027ff60 JavaThread "Timer-3441"                        [_thread_blocked, id=37268, stack(0x000000bff7c00000,0x000000bff7d00000) (1024K)]
  0x000001c3f02805f0 JavaThread "Timer-3442"                        [_thread_blocked, id=33700, stack(0x000000bff7a00000,0x000000bff7b00000) (1024K)]
  0x000001c3f0280c80 JavaThread "Timer-3443"                        [_thread_blocked, id=37160, stack(0x000000bff7d00000,0x000000bff7e00000) (1024K)]
  0x000001c3f02819a0 JavaThread "Timer-3444"                        [_thread_blocked, id=39460, stack(0x000000bff7f00000,0x000000bff8000000) (1024K)]
  0x000001c3f027d800 JavaThread "Timer-3445"                        [_thread_blocked, id=29384, stack(0x000000bff7e00000,0x000000bff7f00000) (1024K)]
  0x000001c3f0281310 JavaThread "Timer-3446"                        [_thread_blocked, id=39776, stack(0x000000bff8000000,0x000000bff8100000) (1024K)]
  0x000001c3f02826c0 JavaThread "Timer-3447"                        [_thread_blocked, id=38908, stack(0x000000bff8200000,0x000000bff8300000) (1024K)]
  0x000001c3f0282030 JavaThread "Timer-3448"                        [_thread_blocked, id=39148, stack(0x000000bff8400000,0x000000bff8500000) (1024K)]
  0x000001c3f025bde0 JavaThread "Timer-3449"                        [_thread_blocked, id=39008, stack(0x000000bff8300000,0x000000bff8400000) (1024K)]
  0x000001c3f0259680 JavaThread "Timer-3450"                        [_thread_blocked, id=32328, stack(0x000000bff8500000,0x000000bff8600000) (1024K)]
  0x000001c3f0270600 JavaThread "Timer-3451"                        [_thread_blocked, id=32840, stack(0x000000bff8600000,0x000000bff8700000) (1024K)]
  0x000001c3f0277c20 JavaThread "Timer-3452"                        [_thread_blocked, id=39424, stack(0x000000bff8700000,0x000000bff8800000) (1024K)]
  0x000001c3e0dbc780 JavaThread "Timer-3453"                        [_thread_blocked, id=39336, stack(0x000000bff8800000,0x000000bff8900000) (1024K)]
  0x000001c3f40cb3b0 JavaThread "Timer-3454"                        [_thread_blocked, id=5600, stack(0x000000bff8a00000,0x000000bff8b00000) (1024K)]
  0x000001c3f722d4d0 JavaThread "Timer-3455"                        [_thread_blocked, id=38888, stack(0x000000bff8b00000,0x000000bff8c00000) (1024K)]
  0x000001c3f0259d10 JavaThread "Worker-7922: Initialize workspace"        [_thread_blocked, id=36144, stack(0x000000bff7700000,0x000000bff7800000) (1024K)]
  0x000001c3f027f240 JavaThread "Timer-3456"                        [_thread_blocked, id=30216, stack(0x000000bff8900000,0x000000bff8a00000) (1024K)]
  0x000001c3f6755d60 JavaThread "Timer-3457"                        [_thread_blocked, id=27916, stack(0x000000bff8c00000,0x000000bff8d00000) (1024K)]
  0x000001c3e03547d0 JavaThread "Timer-3458"                        [_thread_blocked, id=39636, stack(0x000000bff8e00000,0x000000bff8f00000) (1024K)]
  0x000001c3f3ee7cd0 JavaThread "Timer-3459"                        [_thread_blocked, id=39416, stack(0x000000bff8d00000,0x000000bff8e00000) (1024K)]
  0x000001c3f3ee7640 JavaThread "Timer-3460"                        [_thread_blocked, id=36880, stack(0x000000bff9000000,0x000000bff9100000) (1024K)]
  0x000001c3f3ee8360 JavaThread "Timer-3461"                        [_thread_blocked, id=29480, stack(0x000000bff8f00000,0x000000bff9000000) (1024K)]
  0x000001c3f3ee9da0 JavaThread "Timer-3462"                        [_thread_blocked, id=19272, stack(0x000000bff9300000,0x000000bff9400000) (1024K)]
  0x000001c3f3ee9080 JavaThread "Timer-3463"                        [_thread_blocked, id=39264, stack(0x000000bff9400000,0x000000bff9500000) (1024K)]
  0x000001c3f3eea430 JavaThread "Worker-7944: Initialize workspace"        [_thread_blocked, id=37580, stack(0x000000bff8100000,0x000000bff8200000) (1024K)]
  0x000001c3f3eeb7e0 JavaThread "Timer-3464"                        [_thread_blocked, id=37512, stack(0x000000bf66800000,0x000000bf66900000) (1024K)]
  0x000001c3f3eebe70 JavaThread "Timer-3465"                        [_thread_blocked, id=38968, stack(0x000000bff9100000,0x000000bff9200000) (1024K)]
  0x000001c3f3ee89f0 JavaThread "Timer-3466"                        [_thread_blocked, id=39032, stack(0x000000bff9700000,0x000000bff9800000) (1024K)]
  0x000001c3f3ee9710 JavaThread "Timer-3467"                        [_thread_blocked, id=29120, stack(0x000000bff9600000,0x000000bff9700000) (1024K)]
  0x000001c3f3eed8b0 JavaThread "Timer-3468"                        [_thread_blocked, id=23984, stack(0x000000bff9900000,0x000000bff9a00000) (1024K)]
  0x000001c3f3eec500 JavaThread "Timer-3469"                        [_thread_blocked, id=39676, stack(0x000000bff9a00000,0x000000bff9b00000) (1024K)]
  0x000001c3f3eecb90 JavaThread "Timer-3470"                        [_thread_blocked, id=39548, stack(0x000000bff9c00000,0x000000bff9d00000) (1024K)]
  0x000001c3f3eedf40 JavaThread "Timer-3471"                        [_thread_blocked, id=6980, stack(0x000000bff9d00000,0x000000bff9e00000) (1024K)]
  0x000001c3f3eeaac0 JavaThread "Timer-3472"                        [_thread_blocked, id=39816, stack(0x000000bff9e00000,0x000000bff9f00000) (1024K)]
  0x000001c3f3eee5d0 JavaThread "Timer-3473"                        [_thread_blocked, id=39492, stack(0x000000bff9f00000,0x000000bffa000000) (1024K)]
  0x000001c3f3ef0010 JavaThread "Timer-3474"                        [_thread_blocked, id=37520, stack(0x000000bffa000000,0x000000bffa100000) (1024K)]
  0x000001c3f3eeec60 JavaThread "Timer-3475"                        [_thread_blocked, id=39732, stack(0x000000bffa100000,0x000000bffa200000) (1024K)]
  0x000001c3f3ef1a50 JavaThread "Timer-3476"                        [_thread_blocked, id=35960, stack(0x000000bffa300000,0x000000bffa400000) (1024K)]
  0x000001c3f3eef980 JavaThread "Timer-3477"                        [_thread_blocked, id=36116, stack(0x000000bffa200000,0x000000bffa300000) (1024K)]
  0x000001c3f3eef2f0 JavaThread "Timer-3478"                        [_thread_blocked, id=36048, stack(0x000000bffa500000,0x000000bffa600000) (1024K)]
  0x000001c3f3ef06a0 JavaThread "Timer-3479"                        [_thread_blocked, id=37124, stack(0x000000bffa600000,0x000000bffa700000) (1024K)]
  0x000001c3f3eeb150 JavaThread "Worker-7981: Initialize workspace"        [_thread_blocked, id=39828, stack(0x000000bff9b00000,0x000000bff9c00000) (1024K)]
  0x000001c3f3ef20e0 JavaThread "Timer-3480"                        [_thread_blocked, id=37140, stack(0x000000bffa700000,0x000000bffa800000) (1024K)]
  0x000001c3f3ef41b0 JavaThread "Timer-3481"                        [_thread_blocked, id=38328, stack(0x000000bffa800000,0x000000bffa900000) (1024K)]
  0x000001c3f3ef2770 JavaThread "Timer-3482"                        [_thread_blocked, id=8136, stack(0x000000bffaa00000,0x000000bffab00000) (1024K)]
  0x000001c3f3ef3490 JavaThread "Timer-3483"                        [_thread_blocked, id=33352, stack(0x000000bffa900000,0x000000bffaa00000) (1024K)]
  0x000001c3f3ef3b20 JavaThread "Timer-3484"                        [_thread_blocked, id=39376, stack(0x000000bffac00000,0x000000bffad00000) (1024K)]
  0x000001c3f3ef2e00 JavaThread "Timer-3485"                        [_thread_blocked, id=38936, stack(0x000000bffab00000,0x000000bffac00000) (1024K)]
  0x000001c3f3ef4840 JavaThread "Timer-3486"                        [_thread_blocked, id=38860, stack(0x000000bffae00000,0x000000bffaf00000) (1024K)]
  0x000001c3f3ef6280 JavaThread "Timer-3487"                        [_thread_blocked, id=37092, stack(0x000000bffb000000,0x000000bffb100000) (1024K)]
  0x000001c3f3ee6fb0 JavaThread "Timer-3488"                        [_thread_blocked, id=37280, stack(0x000000bff9500000,0x000000bff9600000) (1024K)]
  0x000001c3f3ef6fa0 JavaThread "Timer-3489"                        [_thread_blocked, id=32424, stack(0x000000bffaf00000,0x000000bffb000000) (1024K)]
  0x000001c3f3ef6910 JavaThread "Timer-3490"                        [_thread_blocked, id=39864, stack(0x000000bffb300000,0x000000bffb400000) (1024K)]
  0x000001c3f3ef7cc0 JavaThread "Timer-3491"                        [_thread_blocked, id=39652, stack(0x000000bffb400000,0x000000bffb500000) (1024K)]
  0x000001c3f3ef8350 JavaThread "Timer-3492"                        [_thread_blocked, id=39868, stack(0x000000bffb500000,0x000000bffb600000) (1024K)]
  0x000001c3f3ef7630 JavaThread "Timer-3493"                        [_thread_blocked, id=40240, stack(0x000000bffb100000,0x000000bffb200000) (1024K)]
  0x000001c3f3ef4ed0 JavaThread "Timer-3494"                        [_thread_blocked, id=40248, stack(0x000000bffb700000,0x000000bffb800000) (1024K)]
  0x000001c3f3ef89e0 JavaThread "Timer-3495"                        [_thread_blocked, id=40276, stack(0x000000bffb900000,0x000000bffba00000) (1024K)]
  0x000001c3f3efbe60 JavaThread "Worker-8023: Initialize workspace"        [_thread_blocked, id=40544, stack(0x000000bffba00000,0x000000bffbb00000) (1024K)]
  0x000001c3f3efaab0 JavaThread "Timer-3496"                        [_thread_blocked, id=40820, stack(0x000000bffb800000,0x000000bffb900000) (1024K)]
  0x000001c3f3efc4f0 JavaThread "Timer-3497"                        [_thread_blocked, id=40104, stack(0x000000bffbc00000,0x000000bffbd00000) (1024K)]
  0x000001c3f3ef9d90 JavaThread "Timer-3498"                        [_thread_blocked, id=39928, stack(0x000000bffbe00000,0x000000bffbf00000) (1024K)]
  0x000001c3f3ef13c0 JavaThread "Timer-3499"                        [_thread_blocked, id=39436, stack(0x000000bffad00000,0x000000bffae00000) (1024K)]
  0x000001c3f3efb7d0 JavaThread "Timer-3500"                        [_thread_blocked, id=39616, stack(0x000000bffbd00000,0x000000bffbe00000) (1024K)]
  0x000001c3f3efa420 JavaThread "Timer-3501"                        [_thread_blocked, id=9796, stack(0x000000bffbb00000,0x000000bffbc00000) (1024K)]
  0x000001c3f3efcb80 JavaThread "Timer-3502"                        [_thread_blocked, id=40184, stack(0x000000bffc000000,0x000000bffc100000) (1024K)]
  0x000001c3f3efb140 JavaThread "Timer-3503"                        [_thread_blocked, id=40244, stack(0x000000bffc100000,0x000000bffc200000) (1024K)]
  0x000001c3f3ef0d30 JavaThread "Worker-8044: Initialize workspace"        [_thread_blocked, id=40744, stack(0x000000bffa400000,0x000000bffa500000) (1024K)]
  0x000001c3f3ef9700 JavaThread "Timer-3504"                        [_thread_blocked, id=40320, stack(0x000000bffc200000,0x000000bffc300000) (1024K)]
  0x000001c3f3efe5c0 JavaThread "Timer-3505"                        [_thread_blocked, id=40664, stack(0x000000bffc400000,0x000000bffc500000) (1024K)]
  0x000001c3f3efd210 JavaThread "Timer-3506"                        [_thread_blocked, id=40652, stack(0x000000bffc600000,0x000000bffc700000) (1024K)]
  0x000001c3f3ef5560 JavaThread "Timer-3507"                        [_thread_blocked, id=40656, stack(0x000000bffb600000,0x000000bffb700000) (1024K)]
  0x000001c3f3efd8a0 JavaThread "Timer-3508"                        [_thread_blocked, id=40800, stack(0x000000bffc700000,0x000000bffc800000) (1024K)]
  0x000001c3f3f00690 JavaThread "Timer-3509"                        [_thread_blocked, id=40480, stack(0x000000bffc500000,0x000000bffc600000) (1024K)]
  0x000001c3f3efec50 JavaThread "Timer-3510"                        [_thread_blocked, id=38316, stack(0x000000bffc900000,0x000000bffca00000) (1024K)]
  0x000001c3f3f00000 JavaThread "Timer-3511"                        [_thread_blocked, id=13092, stack(0x000000bffca00000,0x000000bffcb00000) (1024K)]
  0x000001c3f3ef9070 JavaThread "Worker-8067: Initialize workspace"        [_thread_blocked, id=40332, stack(0x000000bffbf00000,0x000000bffc000000) (1024K)]
  0x000001c3f3f02df0 JavaThread "Timer-3512"                        [_thread_blocked, id=40824, stack(0x000000bffcb00000,0x000000bffcc00000) (1024K)]
  0x000001c3f3f013b0 JavaThread "Timer-3513"                        [_thread_blocked, id=40788, stack(0x000000bffc800000,0x000000bffc900000) (1024K)]
  0x000001c3f3f041a0 JavaThread "Timer-3514"                        [_thread_blocked, id=40476, stack(0x000000bffce00000,0x000000bffcf00000) (1024K)]
  0x000001c3f3f03480 JavaThread "Timer-3515"                        [_thread_blocked, id=15792, stack(0x000000bffcc00000,0x000000bffcd00000) (1024K)]
  0x000001c3f3f04830 JavaThread "Timer-3516"                        [_thread_blocked, id=40436, stack(0x000000bffd000000,0x000000bffd100000) (1024K)]
  0x000001c3f3f03b10 JavaThread "Timer-3517"                        [_thread_blocked, id=40628, stack(0x000000bffcf00000,0x000000bffd000000) (1024K)]
  0x000001c3f3f05550 JavaThread "Timer-3518"                        [_thread_blocked, id=40252, stack(0x000000bffd200000,0x000000bffd300000) (1024K)]
  0x000001c3f3f020d0 JavaThread "Timer-3519"                        [_thread_blocked, id=40440, stack(0x000000bffd300000,0x000000bffd400000) (1024K)]
  0x000001c3f3f04ec0 JavaThread "Timer-3520"                        [_thread_blocked, id=39972, stack(0x000000bffd700000,0x000000bffd800000) (1024K)]
  0x000001c3f3f02760 JavaThread "Timer-3521"                        [_thread_blocked, id=29072, stack(0x000000bffd400000,0x000000bffd500000) (1024K)]
  0x000001c3f3f07620 JavaThread "Timer-3522"                        [_thread_blocked, id=40560, stack(0x000000bffd600000,0x000000bffd700000) (1024K)]
  0x000001c3f3f096f0 JavaThread "Timer-3523"                        [_thread_blocked, id=40376, stack(0x000000bffd500000,0x000000bffd600000) (1024K)]
  0x000001c3f3f06900 JavaThread "Timer-3524"                        [_thread_blocked, id=40428, stack(0x000000bffd900000,0x000000bffda00000) (1024K)]
  0x000001c3f3f09060 JavaThread "Timer-3525"                        [_thread_blocked, id=40328, stack(0x000000bffd800000,0x000000bffd900000) (1024K)]
  0x000001c3f3f06270 JavaThread "Timer-3526"                        [_thread_blocked, id=27812, stack(0x000000bffdb00000,0x000000bffdc00000) (1024K)]
  0x000001c3f3f07cb0 JavaThread "Timer-3527"                        [_thread_blocked, id=40676, stack(0x000000bffdc00000,0x000000bffdd00000) (1024K)]
  0x000001c3f3f05be0 JavaThread "Worker-8108: Initialize workspace"        [_thread_blocked, id=40140, stack(0x000000bffcd00000,0x000000bffce00000) (1024K)]
  0x000001c3f3f0aaa0 JavaThread "Timer-3528"                        [_thread_blocked, id=40640, stack(0x000000bffdf00000,0x000000bffe000000) (1024K)]
  0x000001c3f3f0b7c0 JavaThread "Timer-3529"                        [_thread_blocked, id=40344, stack(0x000000bffe000000,0x000000bffe100000) (1024K)]
  0x000001c3f3f0a410 JavaThread "Timer-3530"                        [_thread_blocked, id=40284, stack(0x000000bffdd00000,0x000000bffde00000) (1024K)]
  0x000001c3f3f08340 JavaThread "Timer-3531"                        [_thread_blocked, id=40720, stack(0x000000bffde00000,0x000000bffdf00000) (1024K)]
  0x000001c3f3f089d0 JavaThread "Timer-3532"                        [_thread_blocked, id=40416, stack(0x000000bffe300000,0x000000bffe400000) (1024K)]
  0x000001c3f3f06f90 JavaThread "Timer-3533"                        [_thread_blocked, id=41024, stack(0x000000bffe100000,0x000000bffe200000) (1024K)]
  0x000001c3f3f0df20 JavaThread "Timer-3534"                        [_thread_blocked, id=41040, stack(0x000000bffe200000,0x000000bffe300000) (1024K)]
  0x000001c3f3f0ec40 JavaThread "Timer-3535"                        [_thread_blocked, id=41152, stack(0x000000bffe500000,0x000000bffe600000) (1024K)]
  0x000001c3f3f0cb70 JavaThread "Timer-3536"                        [_thread_blocked, id=41564, stack(0x000000bffe600000,0x000000bffe700000) (1024K)]
  0x000001c3f3f0d890 JavaThread "Timer-3537"                        [_thread_blocked, id=41576, stack(0x000000bffe700000,0x000000bffe800000) (1024K)]
  0x000001c3f3f0d200 JavaThread "Timer-3538"                        [_thread_blocked, id=41584, stack(0x000000bffe900000,0x000000bffea00000) (1024K)]
  0x000001c3f3f0e5b0 JavaThread "Timer-3539"                        [_thread_blocked, id=41592, stack(0x000000bffe800000,0x000000bffe900000) (1024K)]
  0x000001c3f3f0fff0 JavaThread "Timer-3540"                        [_thread_blocked, id=41600, stack(0x000000bffeb00000,0x000000bffec00000) (1024K)]
  0x000001c3f3f0b130 JavaThread "Timer-3541"                        [_thread_blocked, id=41948, stack(0x000000bffea00000,0x000000bffeb00000) (1024K)]
  0x000001c3f3f10680 JavaThread "Timer-3542"                        [_thread_blocked, id=41956, stack(0x000000bffed00000,0x000000bffee00000) (1024K)]
  0x000001c3f3f0f2d0 JavaThread "Timer-3543"                        [_thread_blocked, id=41968, stack(0x000000bffee00000,0x000000bffef00000) (1024K)]
  0x000001c3f3f0c4e0 JavaThread "Worker-8148: Initialize workspace"        [_thread_blocked, id=40268, stack(0x000000bffda00000,0x000000bffdb00000) (1024K)]
  0x000001c3f3f0be50 JavaThread "Timer-3544"                        [_thread_blocked, id=41028, stack(0x000000bffe400000,0x000000bffe500000) (1024K)]
  0x000001c3f3f10d10 JavaThread "Timer-3545"                        [_thread_blocked, id=41064, stack(0x000000bfff000000,0x000000bfff100000) (1024K)]
  0x000001c3f3f11a30 JavaThread "Timer-3546"                        [_thread_blocked, id=37792, stack(0x000000bfff200000,0x000000bfff300000) (1024K)]
  0x000001c3f3f12750 JavaThread "Timer-3547"                        [_thread_blocked, id=41116, stack(0x000000bfff100000,0x000000bfff200000) (1024K)]
  0x000001c3f3f16260 JavaThread "Timer-3548"                        [_thread_blocked, id=35040, stack(0x000000bfff500000,0x000000bfff600000) (1024K)]
  0x000001c3f3f12de0 JavaThread "Timer-3549"                        [_thread_blocked, id=41412, stack(0x000000bfff600000,0x000000bfff700000) (1024K)]
  0x000001c3f3f13b00 JavaThread "Timer-3550"                        [_thread_blocked, id=41384, stack(0x000000bfff400000,0x000000bfff500000) (1024K)]
  0x000001c3f3f14190 JavaThread "Timer-3551"                        [_thread_blocked, id=41420, stack(0x000000bfff700000,0x000000bfff800000) (1024K)]
  0x000001c3f3f14eb0 JavaThread "Timer-3552"                        [_thread_blocked, id=34452, stack(0x000000bfff900000,0x000000bfffa00000) (1024K)]
  0x000001c3f3f120c0 JavaThread "Timer-3553"                        [_thread_blocked, id=41752, stack(0x000000bffef00000,0x000000bfff000000) (1024K)]
  0x000001c3f3f13470 JavaThread "Timer-3554"                        [_thread_blocked, id=41760, stack(0x000000bfffb00000,0x000000bfffc00000) (1024K)]
  0x000001c3f3f17ca0 JavaThread "Timer-3555"                        [_thread_blocked, id=41764, stack(0x000000bfffa00000,0x000000bfffb00000) (1024K)]
  0x000001c3f3f189c0 JavaThread "Timer-3556"                        [_thread_blocked, id=35700, stack(0x000000bfffd00000,0x000000bfffe00000) (1024K)]
  0x000001c3f3f18330 JavaThread "Timer-3557"                        [_thread_blocked, id=40996, stack(0x000000bfffc00000,0x000000bfffd00000) (1024K)]
  0x000001c3f3f15540 JavaThread "Timer-3558"                        [_thread_blocked, id=38760, stack(0x000000bffff00000,0x000000c000000000) (1024K)]
  0x000001c3f3f15bd0 JavaThread "Timer-3559"                        [_thread_blocked, id=40152, stack(0x000000c000000000,0x000000c000100000) (1024K)]
  0x000001c3f3f17610 JavaThread "Timer-3560"                        [_thread_blocked, id=41236, stack(0x000000c000100000,0x000000c000200000) (1024K)]
  0x000001c3f3f19050 JavaThread "Timer-3561"                        [_thread_blocked, id=40704, stack(0x000000c000200000,0x000000c000300000) (1024K)]
  0x000001c3f3f19d70 JavaThread "Timer-3562"                        [_thread_blocked, id=41256, stack(0x000000c000400000,0x000000c000500000) (1024K)]
  0x000001c3f3f16f80 JavaThread "Timer-3563"                        [_thread_blocked, id=41032, stack(0x000000c000300000,0x000000c000400000) (1024K)]
  0x000001c3f3f1a400 JavaThread "Timer-3564"                        [_thread_blocked, id=40324, stack(0x000000c000600000,0x000000c000700000) (1024K)]
  0x000001c3f3f168f0 JavaThread "Timer-3565"                        [_thread_blocked, id=41748, stack(0x000000c000500000,0x000000c000600000) (1024K)]
  0x000001c3f3f1b120 JavaThread "Timer-3566"                        [_thread_blocked, id=41528, stack(0x000000c000800000,0x000000c000900000) (1024K)]
  0x000001c3f3f1d880 JavaThread "Timer-3567"                        [_thread_blocked, id=41108, stack(0x000000c000a00000,0x000000c000b00000) (1024K)]
  0x000001c3f3f196e0 JavaThread "Worker-8203: Initialize workspace"        [_thread_blocked, id=41860, stack(0x000000bfffe00000,0x000000bffff00000) (1024K)]
  0x000001c3f3f1be40 JavaThread "Timer-3568"                        [_thread_blocked, id=41648, stack(0x000000c000b00000,0x000000c000c00000) (1024K)]
  0x000001c3f3f0f960 JavaThread "Timer-3569"                        [_thread_blocked, id=40496, stack(0x000000bffec00000,0x000000bffed00000) (1024K)]
  0x000001c3f3f1ec30 JavaThread "Timer-3570"                        [_thread_blocked, id=40728, stack(0x000000c000d00000,0x000000c000e00000) (1024K)]
  0x000001c3f3f1c4d0 JavaThread "Timer-3571"                        [_thread_blocked, id=38392, stack(0x000000c000c00000,0x000000c000d00000) (1024K)]
  0x000001c3f3f1f2c0 JavaThread "Timer-3572"                        [_thread_blocked, id=40396, stack(0x000000c001000000,0x000000c001100000) (1024K)]
  0x000001c3f3f1b7b0 JavaThread "Timer-3573"                        [_thread_blocked, id=41404, stack(0x000000c000e00000,0x000000c000f00000) (1024K)]
  0x000001c3f3f1e5a0 JavaThread "Timer-3574"                        [_thread_blocked, id=40796, stack(0x000000c001100000,0x000000c001200000) (1024K)]
  0x000001c3f3f1f950 JavaThread "Timer-3575"                        [_thread_blocked, id=38292, stack(0x000000c001200000,0x000000c001300000) (1024K)]
  0x000001c3f3f1ffe0 JavaThread "Worker-8222: Initialize workspace"        [_thread_blocked, id=41508, stack(0x000000c000700000,0x000000c000800000) (1024K)]
  0x000001c3f3f1d1f0 JavaThread "Timer-3576"                        [_thread_blocked, id=41720, stack(0x000000c000f00000,0x000000c001000000) (1024K)]
  0x000001c3f3f1df10 JavaThread "Timer-3577"                        [_thread_blocked, id=41824, stack(0x000000c000900000,0x000000c000a00000) (1024K)]
  0x000001c3f3f22dd0 JavaThread "Timer-3578"                        [_thread_blocked, id=41756, stack(0x000000c001600000,0x000000c001700000) (1024K)]
  0x000001c3f3f1cb60 JavaThread "Timer-3579"                        [_thread_blocked, id=41460, stack(0x000000c001500000,0x000000c001600000) (1024K)]
  0x000001c3f3f23460 JavaThread "Timer-3580"                        [_thread_blocked, id=36108, stack(0x000000c001800000,0x000000c001900000) (1024K)]
  0x000001c3f3f21390 JavaThread "Timer-3581"                        [_thread_blocked, id=40968, stack(0x000000c001700000,0x000000c001800000) (1024K)]
  0x000001c3f3f22740 JavaThread "Timer-3582"                        [_thread_blocked, id=40988, stack(0x000000c001c00000,0x000000c001d00000) (1024K)]
  0x000001c3f3f24180 JavaThread "Timer-3583"                        [_thread_blocked, id=41888, stack(0x000000c001d00000,0x000000c001e00000) (1024K)]
  0x000001c3f3f20d00 JavaThread "Worker-8241: Initialize workspace"        [_thread_blocked, id=38816, stack(0x000000c001400000,0x000000c001500000) (1024K)]
  0x000001c3f3f20670 JavaThread "Timer-3584"                        [_thread_blocked, id=41788, stack(0x000000c001900000,0x000000c001a00000) (1024K)]
  0x000001c3f3f21a20 JavaThread "Timer-3585"                        [_thread_blocked, id=41400, stack(0x000000c001f00000,0x000000c002000000) (1024K)]
  0x000001c3f3f220b0 JavaThread "Timer-3586"                        [_thread_blocked, id=41372, stack(0x000000c002100000,0x000000c002200000) (1024K)]
  0x000001c3f3f24ea0 JavaThread "Timer-3587"                        [_thread_blocked, id=37208, stack(0x000000c002000000,0x000000c002100000) (1024K)]
  0x000001c3f3f25530 JavaThread "Timer-3588"                        [_thread_blocked, id=41360, stack(0x000000c002300000,0x000000c002400000) (1024K)]
  0x000001c3f3f25bc0 JavaThread "Timer-3589"                        [_thread_blocked, id=41472, stack(0x000000c002200000,0x000000c002300000) (1024K)]
  0x000001c3f3f268e0 JavaThread "Timer-3590"                        [_thread_blocked, id=41504, stack(0x000000c002500000,0x000000c002600000) (1024K)]
  0x000001c3f3f00d20 JavaThread "Timer-3591"                        [_thread_blocked, id=41480, stack(0x000000c002600000,0x000000c002700000) (1024K)]
  0x000001c3f3eff2e0 JavaThread "Timer-3592"                        [_thread_blocked, id=40592, stack(0x000000c002700000,0x000000c002800000) (1024K)]
  0x000001c3f3eff970 JavaThread "Timer-3593"                        [_thread_blocked, id=41448, stack(0x000000c002800000,0x000000c002900000) (1024K)]
  0x000001c3f3f24810 JavaThread "Timer-3594"                        [_thread_blocked, id=41572, stack(0x000000c002b00000,0x000000c002c00000) (1024K)]
  0x000001c3e0db4ad0 JavaThread "Timer-3595"                        [_thread_blocked, id=41428, stack(0x000000c002900000,0x000000c002a00000) (1024K)]
  0x000001c3f3f1aa90 JavaThread "Timer-3596"                        [_thread_blocked, id=41524, stack(0x000000c002c00000,0x000000c002d00000) (1024K)]
  0x000001c3f5315230 JavaThread "Timer-3597"                        [_thread_blocked, id=41416, stack(0x000000c002a00000,0x000000c002b00000) (1024K)]
  0x000001c3ece5ff40 JavaThread "Timer-3598"                        [_thread_blocked, id=41340, stack(0x000000c002e00000,0x000000c002f00000) (1024K)]
  0x000001c3ece60c60 JavaThread "Timer-3599"                        [_thread_blocked, id=41204, stack(0x000000c002f00000,0x000000c003000000) (1024K)]
  0x000001c3ece5d7e0 JavaThread "Worker-8278: Initialize workspace"        [_thread_blocked, id=25944, stack(0x000000c003000000,0x000000c003100000) (1024K)]
  0x000001c3ece612f0 JavaThread "Timer-3600"                        [_thread_blocked, id=40792, stack(0x000000c003200000,0x000000c003300000) (1024K)]
  0x000001c3ece5e500 JavaThread "Timer-3601"                        [_thread_blocked, id=41308, stack(0x000000c003400000,0x000000c003500000) (1024K)]
  0x000001c3ece5eb90 JavaThread "Timer-3602"                        [_thread_blocked, id=41320, stack(0x000000c003100000,0x000000c003200000) (1024K)]
  0x000001c3ece62010 JavaThread "Timer-3603"                        [_thread_blocked, id=40536, stack(0x000000c002d00000,0x000000c002e00000) (1024K)]
  0x000001c3ece626a0 JavaThread "Timer-3604"                        [_thread_blocked, id=41276, stack(0x000000c003600000,0x000000c003700000) (1024K)]
  0x000001c3ece605d0 JavaThread "Timer-3605"                        [_thread_blocked, id=40612, stack(0x000000c003300000,0x000000c003400000) (1024K)]
  0x000001c3ece61980 JavaThread "Timer-3606"                        [_thread_blocked, id=41012, stack(0x000000c003700000,0x000000c003800000) (1024K)]
  0x000001c3ece66840 JavaThread "Timer-3607"                        [_thread_blocked, id=40572, stack(0x000000c003900000,0x000000c003a00000) (1024K)]
  0x000001c3ece633c0 JavaThread "Timer-3608"                        [_thread_blocked, id=41112, stack(0x000000c003a00000,0x000000c003b00000) (1024K)]
  0x000001c3ece64770 JavaThread "Timer-3609"                        [_thread_blocked, id=30112, stack(0x000000c003b00000,0x000000c003c00000) (1024K)]
  0x000001c3ece65490 JavaThread "Timer-3610"                        [_thread_blocked, id=35944, stack(0x000000c003500000,0x000000c003600000) (1024K)]
  0x000001c3ece62d30 JavaThread "Timer-3611"                        [_thread_blocked, id=40028, stack(0x000000c003c00000,0x000000c003d00000) (1024K)]
  0x000001c3ece640e0 JavaThread "Timer-3612"                        [_thread_blocked, id=41440, stack(0x000000c003e00000,0x000000c003f00000) (1024K)]
  0x000001c3ece64e00 JavaThread "Timer-3613"                        [_thread_blocked, id=41444, stack(0x000000c003d00000,0x000000c003e00000) (1024K)]
  0x000001c3ece65b20 JavaThread "Timer-3614"                        [_thread_blocked, id=40100, stack(0x000000c004000000,0x000000c004100000) (1024K)]
  0x000001c3ece63a50 JavaThread "Timer-3615"                        [_thread_blocked, id=41292, stack(0x000000c004200000,0x000000c004300000) (1024K)]
  0x000001c3ece68910 JavaThread "Worker-8320: Initialize workspace"        [_thread_blocked, id=40540, stack(0x000000c003f00000,0x000000c004000000) (1024K)]
  0x000001c3ece68280 JavaThread "Timer-3616"                        [_thread_blocked, id=40296, stack(0x000000c004300000,0x000000c004400000) (1024K)]
  0x000001c3ece68fa0 JavaThread "Timer-3617"                        [_thread_blocked, id=39688, stack(0x000000c004400000,0x000000c004500000) (1024K)]
  0x000001c3ece5de70 JavaThread "Timer-3618"                        [_thread_blocked, id=40304, stack(0x000000c001300000,0x000000c001400000) (1024K)]
  0x000001c3ece66ed0 JavaThread "Timer-3619"                        [_thread_blocked, id=41244, stack(0x000000c004500000,0x000000c004600000) (1024K)]
  0x000001c3ece661b0 JavaThread "Timer-3620"                        [_thread_blocked, id=41672, stack(0x000000c004700000,0x000000c004800000) (1024K)]
  0x000001c3ece6a9e0 JavaThread "Timer-3621"                        [_thread_blocked, id=41856, stack(0x000000c004600000,0x000000c004700000) (1024K)]
  0x000001c3ece69cc0 JavaThread "Timer-3622"                        [_thread_blocked, id=27364, stack(0x000000c004900000,0x000000c004a00000) (1024K)]
  0x000001c3ece67560 JavaThread "Timer-3623"                        [_thread_blocked, id=39472, stack(0x000000c004a00000,0x000000c004b00000) (1024K)]
  0x000001c3ece5f8b0 JavaThread "Worker-8342: Initialize workspace"        [_thread_blocked, id=41540, stack(0x000000c003800000,0x000000c003900000) (1024K)]
  0x000001c3ece6b070 JavaThread "Timer-3624"                        [_thread_blocked, id=40804, stack(0x000000c004b00000,0x000000c004c00000) (1024K)]
  0x000001c3ece67bf0 JavaThread "Timer-3625"                        [_thread_blocked, id=7648, stack(0x000000c004c00000,0x000000c004d00000) (1024K)]
  0x000001c3ece6c420 JavaThread "Timer-3626"                        [_thread_blocked, id=37980, stack(0x000000c004d00000,0x000000c004e00000) (1024K)]
  0x000001c3ece6d7d0 JavaThread "Timer-3627"                        [_thread_blocked, id=41640, stack(0x000000c004e00000,0x000000c004f00000) (1024K)]
  0x000001c3ece6e4f0 JavaThread "Timer-3628"                        [_thread_blocked, id=12324, stack(0x000000c005000000,0x000000c005100000) (1024K)]
  0x000001c3ece6bd90 JavaThread "Timer-3629"                        [_thread_blocked, id=10064, stack(0x000000c004f00000,0x000000c005000000) (1024K)]
  0x000001c3ece6de60 JavaThread "Timer-3630"                        [_thread_blocked, id=39512, stack(0x000000c005200000,0x000000c005300000) (1024K)]
  0x000001c3ece705c0 JavaThread "Timer-3631"                        [_thread_blocked, id=38880, stack(0x000000c005600000,0x000000c005700000) (1024K)]
  0x000001c3ece6cab0 JavaThread "Worker-8364: Initialize workspace"        [_thread_blocked, id=41776, stack(0x000000c004800000,0x000000c004900000) (1024K)]
  0x000001c3ece6d140 JavaThread "Timer-3632"                        [_thread_blocked, id=26296, stack(0x000000c004100000,0x000000c004200000) (1024K)]
  0x000001c3ece6a350 JavaThread "Timer-3633"                        [_thread_blocked, id=41120, stack(0x000000c005100000,0x000000c005200000) (1024K)]
  0x000001c3ece6f210 JavaThread "Timer-3634"                        [_thread_blocked, id=41352, stack(0x000000c005500000,0x000000c005600000) (1024K)]
  0x000001c3ece70c50 JavaThread "Timer-3635"                        [_thread_blocked, id=28676, stack(0x000000c005300000,0x000000c005400000) (1024K)]
  0x000001c3ece71970 JavaThread "Timer-3636"                        [_thread_blocked, id=41692, stack(0x000000c005800000,0x000000c005900000) (1024K)]
  0x000001c3ece72000 JavaThread "Timer-3637"                        [_thread_blocked, id=41840, stack(0x000000c005700000,0x000000c005800000) (1024K)]
  0x000001c3ece6ff30 JavaThread "Timer-3638"                        [_thread_blocked, id=40472, stack(0x000000c005a00000,0x000000c005b00000) (1024K)]
  0x000001c3ece6f8a0 JavaThread "Timer-3639"                        [_thread_blocked, id=39380, stack(0x000000c005b00000,0x000000c005c00000) (1024K)]
  0x000001c3ece6b700 JavaThread "Worker-8387: Initialize workspace"        [_thread_blocked, id=11460, stack(0x000000bf67200000,0x000000bf67300000) (1024K)]
  0x000001c3ece73a40 JavaThread "Timer-3640"                        [_thread_blocked, id=41380, stack(0x000000c005e00000,0x000000c005f00000) (1024K)]
  0x000001c3ece69630 JavaThread "Timer-3641"                        [_thread_blocked, id=35928, stack(0x000000c005900000,0x000000c005a00000) (1024K)]
  0x000001c3ece72690 JavaThread "Timer-3642"                        [_thread_blocked, id=37680, stack(0x000000c005f00000,0x000000c006000000) (1024K)]
  0x000001c3ece712e0 JavaThread "Timer-3643"                        [_thread_blocked, id=36580, stack(0x000000c005d00000,0x000000c005e00000) (1024K)]
  0x000001c3ece740d0 JavaThread "Timer-3644"                        [_thread_blocked, id=34172, stack(0x000000c006100000,0x000000c006200000) (1024K)]
  0x000001c3ece74df0 JavaThread "Timer-3645"                        [_thread_blocked, id=40228, stack(0x000000c006000000,0x000000c006100000) (1024K)]
  0x000001c3ece76830 JavaThread "Timer-3646"                        [_thread_blocked, id=38160, stack(0x000000c006300000,0x000000c006400000) (1024K)]
  0x000001c3ece74760 JavaThread "Timer-3647"                        [_thread_blocked, id=41664, stack(0x000000c006400000,0x000000c006500000) (1024K)]
  0x000001c3ece733b0 JavaThread "Timer-3648"                        [_thread_blocked, id=21860, stack(0x000000c006500000,0x000000c006600000) (1024K)]
  0x000001c3ece72d20 JavaThread "Timer-3649"                        [_thread_blocked, id=41424, stack(0x000000c006700000,0x000000c006800000) (1024K)]
  0x000001c3ece77550 JavaThread "Timer-3650"                        [_thread_blocked, id=41408, stack(0x000000c006900000,0x000000c006a00000) (1024K)]
  0x000001c3ece6eb80 JavaThread "Timer-3651"                        [_thread_blocked, id=41732, stack(0x000000c005400000,0x000000c005500000) (1024K)]
  0x000001c3ece76ec0 JavaThread "Timer-3652"                        [_thread_blocked, id=41864, stack(0x000000c006a00000,0x000000c006b00000) (1024K)]
  0x000001c3ece78f90 JavaThread "Timer-3653"                        [_thread_blocked, id=27544, stack(0x000000c006800000,0x000000c006900000) (1024K)]
  0x000001c3ece77be0 JavaThread "Timer-3654"                        [_thread_blocked, id=41328, stack(0x000000c006c00000,0x000000c006d00000) (1024K)]
  0x000001c3ece7b6f0 JavaThread "Timer-3655"                        [_thread_blocked, id=24924, stack(0x000000c006e00000,0x000000c006f00000) (1024K)]
  0x000001c3ece78900 JavaThread "Timer-3656"                        [_thread_blocked, id=41140, stack(0x000000c006d00000,0x000000c006e00000) (1024K)]
  0x000001c3ece78270 JavaThread "Timer-3657"                        [_thread_blocked, id=7600, stack(0x000000c006f00000,0x000000c007000000) (1024K)]
  0x000001c3ece7d130 JavaThread "Timer-3658"                        [_thread_blocked, id=37132, stack(0x000000c007100000,0x000000c007200000) (1024K)]
  0x000001c3ece79cb0 JavaThread "Timer-3659"                        [_thread_blocked, id=41792, stack(0x000000c007000000,0x000000c007100000) (1024K)]
  0x000001c3ece7bd80 JavaThread "Timer-3660"                        [_thread_blocked, id=40392, stack(0x000000c007300000,0x000000c007400000) (1024K)]
  0x000001c3ece7d7c0 JavaThread "Timer-3661"                        [_thread_blocked, id=41076, stack(0x000000c007200000,0x000000c007300000) (1024K)]
  0x000001c3ece7f200 JavaThread "Timer-3662"                        [_thread_blocked, id=39800, stack(0x000000c007500000,0x000000c007600000) (1024K)]
  0x000001c3ece7de50 JavaThread "Timer-3663"                        [_thread_blocked, id=41548, stack(0x000000c007700000,0x000000c007800000) (1024K)]
  0x000001c3ece7b060 JavaThread "Worker-8455: Initialize workspace"        [_thread_blocked, id=41100, stack(0x000000c007400000,0x000000c007500000) (1024K)]
  0x000001c3ece7f890 JavaThread "Timer-3664"                        [_thread_blocked, id=40488, stack(0x000000c007b00000,0x000000c007c00000) (1024K)]
  0x000001c3ece7a340 JavaThread "Timer-3665"                        [_thread_blocked, id=41268, stack(0x000000c006b00000,0x000000c006c00000) (1024K)]
  0x000001c3ece812d0 JavaThread "Timer-3666"                        [_thread_blocked, id=41168, stack(0x000000c007d00000,0x000000c007e00000) (1024K)]
  0x000001c3ece7caa0 JavaThread "Timer-3667"                        [_thread_blocked, id=41804, stack(0x000000c007600000,0x000000c007700000) (1024K)]
  0x000001c3ece7a9d0 JavaThread "Timer-3668"                        [_thread_blocked, id=40352, stack(0x000000c007900000,0x000000c007a00000) (1024K)]
  0x000001c3ece81960 JavaThread "Timer-3669"                        [_thread_blocked, id=39028, stack(0x000000c007800000,0x000000c007900000) (1024K)]
  0x000001c3ece7e4e0 JavaThread "Timer-3670"                        [_thread_blocked, id=41392, stack(0x000000c007e00000,0x000000c007f00000) (1024K)]
  0x000001c3ece80c40 JavaThread "Timer-3671"                        [_thread_blocked, id=36484, stack(0x000000c007f00000,0x000000c008000000) (1024K)]
  0x000001c3ece7c410 JavaThread "Worker-8475: Initialize workspace"        [_thread_blocked, id=39244, stack(0x000000c007c00000,0x000000c007d00000) (1024K)]
  0x000001c3ece82680 JavaThread "Timer-3672"                        [_thread_blocked, id=41316, stack(0x000000c008000000,0x000000c008100000) (1024K)]
  0x000001c3ece7ff20 JavaThread "Timer-3673"                        [_thread_blocked, id=40608, stack(0x000000c008100000,0x000000c008200000) (1024K)]
  0x000001c3ece82d10 JavaThread "Timer-3674"                        [_thread_blocked, id=28824, stack(0x000000c008300000,0x000000c008400000) (1024K)]
  0x000001c3ece833a0 JavaThread "Timer-3675"                        [_thread_blocked, id=41200, stack(0x000000c008200000,0x000000c008300000) (1024K)]
  0x000001c3ece461d0 JavaThread "Timer-3676"                        [_thread_blocked, id=41500, stack(0x000000c008500000,0x000000c008600000) (1024K)]
  0x000001c3ece44e20 JavaThread "Timer-3677"                        [_thread_blocked, id=8512, stack(0x000000c008400000,0x000000c008500000) (1024K)]
  0x000001c3ece454b0 JavaThread "Timer-3678"                        [_thread_blocked, id=40976, stack(0x000000c008700000,0x000000c008800000) (1024K)]
  0x000001c3ece433e0 JavaThread "Timer-3679"                        [_thread_blocked, id=40156, stack(0x000000c008a00000,0x000000c008b00000) (1024K)]
  0x000001c3ece45b40 JavaThread "Worker-8496: Initialize workspace"        [_thread_blocked, id=41660, stack(0x000000c008800000,0x000000c008900000) (1024K)]
  0x000001c3ece43a70 JavaThread "Timer-3680"                        [_thread_blocked, id=40176, stack(0x000000c008900000,0x000000c008a00000) (1024K)]
  0x000001c3ece44790 JavaThread "Timer-3681"                        [_thread_blocked, id=40308, stack(0x000000c008b00000,0x000000c008c00000) (1024K)]
  0x000001c3ece48fc0 JavaThread "Timer-3682"                        [_thread_blocked, id=33900, stack(0x000000c007a00000,0x000000c007b00000) (1024K)]
  0x000001c3ece46860 JavaThread "Timer-3683"                        [_thread_blocked, id=5876, stack(0x000000c008c00000,0x000000c008d00000) (1024K)]
  0x000001c3ece47580 JavaThread "Timer-3684"                        [_thread_blocked, id=39036, stack(0x000000c008d00000,0x000000c008e00000) (1024K)]
  0x000001c3ece44100 JavaThread "Timer-3685"                        [_thread_blocked, id=41196, stack(0x000000c008e00000,0x000000c008f00000) (1024K)]
  0x000001c3ece49650 JavaThread "Timer-3686"                        [_thread_blocked, id=41632, stack(0x000000c009000000,0x000000c009100000) (1024K)]
  0x000001c3ece47c10 JavaThread "Timer-3687"                        [_thread_blocked, id=39664, stack(0x000000c009200000,0x000000c009300000) (1024K)]
  0x000001c3ece805b0 JavaThread "Worker-8520: Initialize workspace"        [_thread_blocked, id=41608, stack(0x000000c008f00000,0x000000c009000000) (1024K)]
  0x000001c3ece4a370 JavaThread "Timer-3688"                        [_thread_blocked, id=39192, stack(0x000000c009300000,0x000000c009400000) (1024K)]
  0x000001c3ece49ce0 JavaThread "Timer-3689"                        [_thread_blocked, id=37508, stack(0x000000c008600000,0x000000c008700000) (1024K)]
  0x000001c3ece46ef0 JavaThread "Timer-3690"                        [_thread_blocked, id=39728, stack(0x000000c009400000,0x000000c009500000) (1024K)]
  0x000001c3ece48930 JavaThread "Timer-3691"                        [_thread_blocked, id=39980, stack(0x000000c009500000,0x000000c009600000) (1024K)]
  0x000001c3ece4d160 JavaThread "Timer-3692"                        [_thread_blocked, id=35720, stack(0x000000c009700000,0x000000c009800000) (1024K)]
  0x000001c3ece4d7f0 JavaThread "Timer-3693"                        [_thread_blocked, id=40700, stack(0x000000c009600000,0x000000c009700000) (1024K)]
  0x000001c3ece4cad0 JavaThread "Timer-3694"                        [_thread_blocked, id=39744, stack(0x000000c009900000,0x000000c009a00000) (1024K)]
  0x000001c3ece4b720 JavaThread "Timer-3695"                        [_thread_blocked, id=8772, stack(0x000000c009a00000,0x000000c009b00000) (1024K)]
  0x000001c3ece81ff0 JavaThread "Worker-8542: Initialize workspace"        [_thread_blocked, id=8476, stack(0x000000c006200000,0x000000c006300000) (1024K)]
  0x000001c3ece4f230 JavaThread "Timer-3696"                        [_thread_blocked, id=34944, stack(0x000000c00a000000,0x000000c00a100000) (1024K)]
  0x000001c3ece482a0 JavaThread "Timer-3697"                        [_thread_blocked, id=18368, stack(0x000000c009800000,0x000000c009900000) (1024K)]
  0x000001c3ece4bdb0 JavaThread "Timer-3698"                        [_thread_blocked, id=28764, stack(0x000000c009d00000,0x000000c009e00000) (1024K)]
  0x000001c3ece7eb70 JavaThread "Timer-3699"                        [_thread_blocked, id=40556, stack(0x000000c009100000,0x000000c009200000) (1024K)]
  0x000001c3ece4de80 JavaThread "Timer-3700"                        [_thread_blocked, id=41060, stack(0x000000c009e00000,0x000000c009f00000) (1024K)]
  0x000001c3ece4c440 JavaThread "Timer-3701"                        [_thread_blocked, id=42084, stack(0x000000c009c00000,0x000000c009d00000) (1024K)]
  0x000001c3ece4aa00 JavaThread "Timer-3702"                        [_thread_blocked, id=42092, stack(0x000000c00a100000,0x000000c00a200000) (1024K)]
  0x000001c3ece4ff50 JavaThread "Timer-3703"                        [_thread_blocked, id=42312, stack(0x000000c00a400000,0x000000c00a500000) (1024K)]
  0x000001c3ece51990 JavaThread "Timer-3704"                        [_thread_blocked, id=42680, stack(0x000000c00a700000,0x000000c00a800000) (1024K)]
  0x000001c3ece4b090 JavaThread "Timer-3705"                        [_thread_blocked, id=42776, stack(0x000000c009b00000,0x000000c009c00000) (1024K)]
  0x000001c3ece52020 JavaThread "Timer-3706"                        [_thread_blocked, id=42792, stack(0x000000c009f00000,0x000000c00a000000) (1024K)]
  0x000001c3ece526b0 JavaThread "Timer-3707"                        [_thread_blocked, id=42844, stack(0x000000c00a500000,0x000000c00a600000) (1024K)]
  0x000001c3ece51300 JavaThread "Timer-3708"                        [_thread_blocked, id=42856, stack(0x000000c00a900000,0x000000c00aa00000) (1024K)]
  0x000001c3ece52d40 JavaThread "Timer-3709"                        [_thread_blocked, id=42244, stack(0x000000c00a800000,0x000000c00a900000) (1024K)]
  0x000001c3ece533d0 JavaThread "Timer-3710"                        [_thread_blocked, id=42096, stack(0x000000c00ab00000,0x000000c00ac00000) (1024K)]
  0x000001c3ece56850 JavaThread "Timer-3711"                        [_thread_blocked, id=42196, stack(0x000000c00ae00000,0x000000c00af00000) (1024K)]
  0x000001c3ece4eba0 JavaThread "Worker-8589: Initialize workspace"        [_thread_blocked, id=42512, stack(0x000000c00a600000,0x000000c00a700000) (1024K)]
  0x000001c3ece505e0 JavaThread "Timer-3712"                        [_thread_blocked, id=42836, stack(0x000000c00ac00000,0x000000c00ad00000) (1024K)]
  0x000001c3ece554a0 JavaThread "Timer-3713"                        [_thread_blocked, id=42636, stack(0x000000c00ad00000,0x000000c00ae00000) (1024K)]
  0x000001c3ece561c0 JavaThread "Timer-3714"                        [_thread_blocked, id=42840, stack(0x000000c00b000000,0x000000c00b100000) (1024K)]
  0x000001c3ece56ee0 JavaThread "Timer-3715"                        [_thread_blocked, id=42912, stack(0x000000c00af00000,0x000000c00b000000) (1024K)]
  0x000001c3ece540f0 JavaThread "Timer-3716"                        [_thread_blocked, id=41996, stack(0x000000c00b200000,0x000000c00b300000) (1024K)]
  0x000001c3ece55b30 JavaThread "Timer-3717"                        [_thread_blocked, id=38884, stack(0x000000c00b100000,0x000000c00b200000) (1024K)]
  0x000001c3ece57570 JavaThread "Timer-3718"                        [_thread_blocked, id=42736, stack(0x000000c00b300000,0x000000c00b400000) (1024K)]
  0x000001c3ece58290 JavaThread "Timer-3719"                        [_thread_blocked, id=39940, stack(0x000000c00b600000,0x000000c00b700000) (1024K)]
  0x000001c3ece50c70 JavaThread "Worker-8612: Initialize workspace"        [_thread_blocked, id=39476, stack(0x000000c00a300000,0x000000c00a400000) (1024K)]
  0x000001c3ece54e10 JavaThread "Timer-3720"                        [_thread_blocked, id=43004, stack(0x000000c00b700000,0x000000c00b800000) (1024K)]
  0x000001c3ece5bda0 JavaThread "Timer-3721"                        [_thread_blocked, id=36284, stack(0x000000c00b800000,0x000000c00b900000) (1024K)]
  0x000001c3ece58920 JavaThread "Timer-3722"                        [_thread_blocked, id=38732, stack(0x000000c00b900000,0x000000c00ba00000) (1024K)]
  0x000001c3ece5a360 JavaThread "Timer-3723"                        [_thread_blocked, id=38004, stack(0x000000c00b400000,0x000000c00b500000) (1024K)]
  0x000001c3ece58fb0 JavaThread "Timer-3724"                        [_thread_blocked, id=41132, stack(0x000000c00bb00000,0x000000c00bc00000) (1024K)]
  0x000001c3ece59cd0 JavaThread "Timer-3725"                        [_thread_blocked, id=41560, stack(0x000000c00ba00000,0x000000c00bb00000) (1024K)]
  0x000001c3ece5a9f0 JavaThread "Timer-3726"                        [_thread_blocked, id=42320, stack(0x000000c00bd00000,0x000000c00be00000) (1024K)]
  0x000001c3ece5b080 JavaThread "Timer-3727"                        [_thread_blocked, id=27632, stack(0x000000c00bc00000,0x000000c00bd00000) (1024K)]
  0x000001c3ece4f8c0 JavaThread "Worker-8632: Initialize workspace"        [_thread_blocked, id=41260, stack(0x000000bff9200000,0x000000bff9300000) (1024K)]
  0x000001c3ece761a0 JavaThread "PatternSearchJob-worker-19" daemon [_thread_blocked, id=40860, stack(0x000000c00ca00000,0x000000c00cb00000) (1024K)]
  0x000001c3e131bba0 JavaThread "PatternSearchJob-worker-20" daemon [_thread_blocked, id=40212, stack(0x000000c00cb00000,0x000000c00cc00000) (1024K)]
  0x000001c3ec16f6f0 JavaThread "Timer-3728"                        [_thread_blocked, id=41676, stack(0x000000c010a00000,0x000000c010b00000) (1024K)]
  0x000001c3ec6cb090 JavaThread "Timer-3729"                        [_thread_blocked, id=41356, stack(0x000000bf67100000,0x000000bf67200000) (1024K)]
  0x000001c3ec6e5b20 JavaThread "Timer-3730"                        [_thread_blocked, id=42176, stack(0x000000c00be00000,0x000000c00bf00000) (1024K)]
  0x000001c3ec6e61b0 JavaThread "Timer-3731"                        [_thread_blocked, id=8768, stack(0x000000c00bf00000,0x000000c00c000000) (1024K)]
  0x000001c3ec6e2d30 JavaThread "Timer-3732"                        [_thread_blocked, id=37892, stack(0x000000c00aa00000,0x000000c00ab00000) (1024K)]
  0x000001c3ec6e33c0 JavaThread "Timer-3733"                        [_thread_blocked, id=43552, stack(0x000000c00c000000,0x000000c00c100000) (1024K)]
  0x000001c3ec6e6840 JavaThread "Timer-3734"                        [_thread_blocked, id=43564, stack(0x000000c00c200000,0x000000c00c300000) (1024K)]
  0x000001c3ec6e3a50 JavaThread "Timer-3735"                        [_thread_blocked, id=43596, stack(0x000000c00c400000,0x000000c00c500000) (1024K)]
  0x000001c3ec6e40e0 JavaThread "Worker-8822: Initialize workspace"        [_thread_blocked, id=43952, stack(0x000000c00b500000,0x000000c00b600000) (1024K)]
  0x000001c3ec6ed7d0 JavaThread "Timer-3736"                        [_thread_blocked, id=44252, stack(0x000000c00c900000,0x000000c00ca00000) (1024K)]
  0x000001c3ec6eb700 JavaThread "Timer-3737"                        [_thread_blocked, id=44276, stack(0x000000c00cf00000,0x000000c00d000000) (1024K)]
  0x000001c3ec6eb070 JavaThread "Timer-3738"                        [_thread_blocked, id=44284, stack(0x000000c00d600000,0x000000c00d700000) (1024K)]
  0x000001c3ec6ea350 JavaThread "Timer-3739"                        [_thread_blocked, id=44280, stack(0x000000c00d700000,0x000000c00d800000) (1024K)]
  0x000001c3ec6ef210 JavaThread "Timer-3740"                        [_thread_blocked, id=44256, stack(0x000000c00d900000,0x000000c00da00000) (1024K)]
  0x000001c3ec6f05c0 JavaThread "Timer-3741"                        [_thread_blocked, id=44596, stack(0x000000c00d800000,0x000000c00d900000) (1024K)]
  0x000001c3ec6eff30 JavaThread "Timer-3742"                        [_thread_blocked, id=44520, stack(0x000000c00db00000,0x000000c00dc00000) (1024K)]
  0x000001c3ec6f0c50 JavaThread "Timer-3743"                        [_thread_blocked, id=42516, stack(0x000000c00dc00000,0x000000c00dd00000) (1024K)]
  0x000001c3ec6e5490 JavaThread "Timer-3744"                        [_thread_blocked, id=43800, stack(0x000000c00c500000,0x000000c00c600000) (1024K)]
  0x000001c3ec6f2d20 JavaThread "Timer-3745"                        [_thread_blocked, id=44012, stack(0x000000c00e200000,0x000000c00e300000) (1024K)]
  0x000001c3ec6f3a40 JavaThread "Timer-3746"                        [_thread_blocked, id=43968, stack(0x000000c00e300000,0x000000c00e400000) (1024K)]
  0x000001c3ec6f4760 JavaThread "Timer-3747"                        [_thread_blocked, id=44504, stack(0x000000c00e400000,0x000000c00e500000) (1024K)]
  0x000001c3ec6f12e0 JavaThread "Timer-3748"                        [_thread_blocked, id=42384, stack(0x000000c00e600000,0x000000c00e700000) (1024K)]
  0x000001c3ec6f4df0 JavaThread "Timer-3749"                        [_thread_blocked, id=44868, stack(0x000000c00e500000,0x000000c00e600000) (1024K)]
  0x000001c3ec6f5b10 JavaThread "Timer-3750"                        [_thread_blocked, id=44136, stack(0x000000c00e800000,0x000000c00e900000) (1024K)]
  0x000001c3ec6f8270 JavaThread "Timer-3751"                        [_thread_blocked, id=44980, stack(0x000000c00ea00000,0x000000c00eb00000) (1024K)]
  0x000001c3ec6fb6f0 JavaThread "Timer-3752"                        [_thread_blocked, id=44768, stack(0x000000c00f700000,0x000000c00f800000) (1024K)]
  0x000001c3ec6f61a0 JavaThread "Timer-3753"                        [_thread_blocked, id=44652, stack(0x000000c00f200000,0x000000c00f300000) (1024K)]
  0x000001c3ec6fc410 JavaThread "Timer-3754"                        [_thread_blocked, id=43792, stack(0x000000c00f900000,0x000000c00fa00000) (1024K)]
  0x000001c3ec6fbd80 JavaThread "Timer-3755"                        [_thread_blocked, id=42808, stack(0x000000c00f800000,0x000000c00f900000) (1024K)]
  0x000001c3ec6fd7c0 JavaThread "Timer-3756"                        [_thread_blocked, id=44224, stack(0x000000c00fb00000,0x000000c00fc00000) (1024K)]
  0x000001c3ec6fcaa0 JavaThread "Timer-3757"                        [_thread_blocked, id=39324, stack(0x000000c00fa00000,0x000000c00fb00000) (1024K)]
  0x000001c3ec6fde50 JavaThread "Timer-3758"                        [_thread_blocked, id=44948, stack(0x000000c00fd00000,0x000000c00fe00000) (1024K)]
  0x000001c3ec6fe4e0 JavaThread "Timer-3759"                        [_thread_blocked, id=44108, stack(0x000000c00ff00000,0x000000c010000000) (1024K)]
  0x000001c3ec6fff20 JavaThread "Timer-3760"                        [_thread_blocked, id=44896, stack(0x000000c00fe00000,0x000000c00ff00000) (1024K)]
  0x000001c3ec6fd130 JavaThread "Timer-3761"                        [_thread_blocked, id=42708, stack(0x000000c00f500000,0x000000c00f600000) (1024K)]
  0x000001c3ec6ff890 JavaThread "Timer-3762"                        [_thread_blocked, id=44900, stack(0x000000c010300000,0x000000c010400000) (1024K)]
  0x000001c3ec7005b0 JavaThread "Timer-3763"                        [_thread_blocked, id=27516, stack(0x000000c010000000,0x000000c010100000) (1024K)]
  0x000001c3ec700c40 JavaThread "Timer-3764"                        [_thread_blocked, id=44060, stack(0x000000c010400000,0x000000c010500000) (1024K)]
  0x000001c3ec701ff0 JavaThread "Timer-3765"                        [_thread_blocked, id=44148, stack(0x000000c010200000,0x000000c010300000) (1024K)]
  0x000001c3ec7040c0 JavaThread "Timer-3766"                        [_thread_blocked, id=44116, stack(0x000000c010700000,0x000000c010800000) (1024K)]
  0x000001c3ec704750 JavaThread "Timer-3767"                        [_thread_blocked, id=40164, stack(0x000000c010c00000,0x000000c010d00000) (1024K)]
  0x000001c3ec7012d0 JavaThread "Worker-8925: Initialize workspace"        [_thread_blocked, id=41136, stack(0x000000c00fc00000,0x000000c00fd00000) (1024K)]
  0x000001c3ec6ca370 JavaThread "Timer-3768"                        [_thread_blocked, id=40180, stack(0x000000c011a00000,0x000000c011b00000) (1024K)]
  0x000001c3ec6c8930 JavaThread "Timer-3769"                        [_thread_blocked, id=45152, stack(0x000000c011f00000,0x000000c012000000) (1024K)]
  0x000001c3ec706820 JavaThread "Timer-3770"                        [_thread_blocked, id=45268, stack(0x000000c011700000,0x000000c011800000) (1024K)]
  0x000001c3ec6c9ce0 JavaThread "Timer-3771"                        [_thread_blocked, id=45632, stack(0x000000c012400000,0x000000c012500000) (1024K)]
  0x000001c3ec6cd7f0 JavaThread "Timer-3772"                        [_thread_blocked, id=45648, stack(0x000000c012600000,0x000000c012700000) (1024K)]
  0x000001c3ec6cb720 JavaThread "Timer-3773"                        [_thread_blocked, id=42784, stack(0x000000c00d000000,0x000000c00d100000) (1024K)]
  0x000001c3ec6caa00 JavaThread "Timer-3774"                        [_thread_blocked, id=46604, stack(0x000000c00d100000,0x000000c00d200000) (1024K)]
  0x000001c3ec6cc440 JavaThread "Timer-3775"                        [_thread_blocked, id=41784, stack(0x000000c00e100000,0x000000c00e200000) (1024K)]
  0x000001c3ec6cd160 JavaThread "Timer-3776"                        [_thread_blocked, id=6896, stack(0x000000c010f00000,0x000000c011000000) (1024K)]
  0x000001c3ec705b00 JavaThread "Timer-3777"                        [_thread_blocked, id=39748, stack(0x000000c010500000,0x000000c010600000) (1024K)]
  0x000001c3ec702d10 JavaThread "Timer-3778"                        [_thread_blocked, id=46664, stack(0x000000c010800000,0x000000c010900000) (1024K)]
  0x000001c3ec706eb0 JavaThread "Timer-3779"                        [_thread_blocked, id=47100, stack(0x000000c010600000,0x000000c010700000) (1024K)]
  0x000001c3ec708260 JavaThread "Timer-3780"                        [_thread_blocked, id=39488, stack(0x000000c00f400000,0x000000c00f500000) (1024K)]
  0x000001c3ec7088f0 JavaThread "Timer-3781"                        [_thread_blocked, id=33040, stack(0x000000c00c600000,0x000000c00c700000) (1024K)]
  0x000001c3ec6cbdb0 JavaThread "Timer-3782"                        [_thread_blocked, id=46104, stack(0x000000c00ce00000,0x000000c00cf00000) (1024K)]
  0x000001c3ec6c8fc0 JavaThread "Timer-3783"                        [_thread_blocked, id=45116, stack(0x000000c00e700000,0x000000c00e800000) (1024K)]
  0x000001c3ec6ef8a0 JavaThread "Timer-3784"                        [_thread_blocked, id=40060, stack(0x000000c00ee00000,0x000000c00ef00000) (1024K)]
  0x000001c3ec6e8910 JavaThread "Timer-3785"                        [_thread_blocked, id=25736, stack(0x000000c00cc00000,0x000000c00cd00000) (1024K)]
  0x000001c3ec6ede60 JavaThread "Timer-3786"                        [_thread_blocked, id=24184, stack(0x000000c00dd00000,0x000000c00de00000) (1024K)]
  0x000001c3ec6e6ed0 JavaThread "Timer-3787"                        [_thread_blocked, id=45048, stack(0x000000c00d200000,0x000000c00d300000) (1024K)]
  0x000001c3ec6ea9e0 JavaThread "Timer-3788"                        [_thread_blocked, id=16712, stack(0x000000c00f100000,0x000000c00f200000) (1024K)]
  0x000001c3ec6e7560 JavaThread "Timer-3789"                        [_thread_blocked, id=45392, stack(0x000000c00c300000,0x000000c00c400000) (1024K)]
  0x000001c3ec6e9cc0 JavaThread "Timer-3790"                        [_thread_blocked, id=40040, stack(0x000000c00cd00000,0x000000c00ce00000) (1024K)]
  0x000001c3ec6eeb80 JavaThread "Timer-3791"                        [_thread_blocked, id=39188, stack(0x000000c00df00000,0x000000c00e000000) (1024K)]
  0x000001c3ec6ed140 JavaThread "Timer-3792"                        [_thread_blocked, id=35068, stack(0x000000c00d500000,0x000000c00d600000) (1024K)]
  0x000001c3ec6f40d0 JavaThread "Timer-3793"                        [_thread_blocked, id=41904, stack(0x000000c00ed00000,0x000000c00ee00000) (1024K)]
  0x000001c3ec6f1970 JavaThread "Timer-3794"                        [_thread_blocked, id=41084, stack(0x000000c00f000000,0x000000c00f100000) (1024K)]
  0x000001c3ec6f2000 JavaThread "Timer-3795"                        [_thread_blocked, id=38548, stack(0x000000c00ef00000,0x000000c00f000000) (1024K)]
  0x000001c3ec6f6830 JavaThread "Timer-3796"                        [_thread_blocked, id=45980, stack(0x000000c00f600000,0x000000c00f700000) (1024K)]
  0x000001c3ec6e8fa0 JavaThread "Timer-3797"                        [_thread_blocked, id=37560, stack(0x000000c00eb00000,0x000000c00ec00000) (1024K)]
  0x000001c3ec6f8900 JavaThread "Timer-3798"                        [_thread_blocked, id=25776, stack(0x000000c010100000,0x000000c010200000) (1024K)]
  0x000001c3ec6f6ec0 JavaThread "Timer-3799"                        [_thread_blocked, id=19644, stack(0x000000c010900000,0x000000c010a00000) (1024K)]
  0x000001c3ec6f33b0 JavaThread "Worker-9027: Initialize workspace"        [_thread_blocked, id=45892, stack(0x000000c00f300000,0x000000c00f400000) (1024K)]
  0x000001c3ec6ec420 JavaThread "Timer-3800"                        [_thread_blocked, id=24624, stack(0x000000c00c800000,0x000000c00c900000) (1024K)]
  0x000001c3ec6f9620 JavaThread "Timer-3801"                        [_thread_blocked, id=39128, stack(0x000000c010b00000,0x000000c010c00000) (1024K)]
  0x000001c3ec6f9cb0 JavaThread "Timer-3802"                        [_thread_blocked, id=10768, stack(0x000000c010e00000,0x000000c010f00000) (1024K)]
  0x000001c3ec6fb060 JavaThread "Timer-3803"                        [_thread_blocked, id=42332, stack(0x000000c010d00000,0x000000c010e00000) (1024K)]
  0x000001c3ec6fa340 JavaThread "Timer-3804"                        [_thread_blocked, id=18156, stack(0x000000c011100000,0x000000c011200000) (1024K)]
  0x000001c3ec6f8f90 JavaThread "Timer-3805"                        [_thread_blocked, id=44672, stack(0x000000c011000000,0x000000c011100000) (1024K)]
  0x000001c3ec6fa9d0 JavaThread "Timer-3806"                        [_thread_blocked, id=39900, stack(0x000000c011300000,0x000000c011400000) (1024K)]
  0x000001c3ec6ff200 JavaThread "Timer-3807"                        [_thread_blocked, id=40908, stack(0x000000c011400000,0x000000c011500000) (1024K)]
  0x000001c3ec6f7be0 JavaThread "Worker-9057: Initialize workspace"        [_thread_blocked, id=43832, stack(0x000000c011200000,0x000000c011300000) (1024K)]
  0x000001c3ec704de0 JavaThread "Timer-3808"                        [_thread_blocked, id=24264, stack(0x000000c00de00000,0x000000c00df00000) (1024K)]
  0x000001c3ec6cff50 JavaThread "Timer-3809"                        [_thread_blocked, id=45992, stack(0x000000c011900000,0x000000c011a00000) (1024K)]
  0x000001c3ec6cde80 JavaThread "Timer-3810"                        [_thread_blocked, id=43896, stack(0x000000c011b00000,0x000000c011c00000) (1024K)]
  0x000001c3ec6ce510 JavaThread "Timer-3811"                        [_thread_blocked, id=44140, stack(0x000000c012100000,0x000000c012200000) (1024K)]
  0x000001c3ec6ccad0 JavaThread "Timer-3812"                        [_thread_blocked, id=38340, stack(0x000000c012300000,0x000000c012400000) (1024K)]
  0x000001c3ec6d0c70 JavaThread "Timer-3813"                        [_thread_blocked, id=46060, stack(0x000000c012200000,0x000000c012300000) (1024K)]
  0x000001c3ec6ceba0 JavaThread "Timer-3814"                        [_thread_blocked, id=44212, stack(0x000000c012500000,0x000000c012600000) (1024K)]
  0x000001c3ec6cf8c0 JavaThread "Timer-3815"                        [_thread_blocked, id=33660, stack(0x000000c012a00000,0x000000c012b00000) (1024K)]
  0x000001c3ec6feb70 JavaThread "Worker-9086: Initialize workspace"        [_thread_blocked, id=45000, stack(0x000000c011800000,0x000000c011900000) (1024K)]
  0x000001c3ec706190 JavaThread "Timer-3816"                        [_thread_blocked, id=46708, stack(0x000000c012700000,0x000000c012800000) (1024K)]
  0x000001c3ec6d1990 JavaThread "Timer-3817"                        [_thread_blocked, id=38124, stack(0x000000c00c700000,0x000000c00c800000) (1024K)]
  0x000001c3ec6d26b0 JavaThread "Timer-3818"                        [_thread_blocked, id=9480, stack(0x000000c012800000,0x000000c012900000) (1024K)]
  0x000001c3ec6cf230 JavaThread "Timer-3819"                        [_thread_blocked, id=40580, stack(0x000000c011500000,0x000000c011600000) (1024K)]
  0x000001c3ec6d40f0 JavaThread "Timer-3820"                        [_thread_blocked, id=43848, stack(0x000000c012d00000,0x000000c012e00000) (1024K)]
  0x000001c3ec6d2d40 JavaThread "Timer-3821"                        [_thread_blocked, id=45760, stack(0x000000c011600000,0x000000c011700000) (1024K)]
  0x000001c3ec6d4780 JavaThread "Timer-3822"                        [_thread_blocked, id=46472, stack(0x000000c012c00000,0x000000c012d00000) (1024K)]
  0x000001c3ec6d5b30 JavaThread "Timer-3823"                        [_thread_blocked, id=40052, stack(0x000000c013000000,0x000000c013100000) (1024K)]
  0x000001c3ec6d3a60 JavaThread "Worker-9112: Initialize workspace"        [_thread_blocked, id=9256, stack(0x000000c011e00000,0x000000c011f00000) (1024K)]
  0x000001c3ec6d8290 JavaThread "Timer-3824"                        [_thread_blocked, id=41884, stack(0x000000c013200000,0x000000c013300000) (1024K)]
  0x000001c3ec6d4e10 JavaThread "Timer-3825"                        [_thread_blocked, id=42144, stack(0x000000c013300000,0x000000c013400000) (1024K)]
  0x000001c3ec6d05e0 JavaThread "Timer-3826"                        [_thread_blocked, id=42648, stack(0x000000c012000000,0x000000c012100000) (1024K)]
  0x000001c3ec6d7c00 JavaThread "Timer-3827"                        [_thread_blocked, id=26596, stack(0x000000c012f00000,0x000000c013000000) (1024K)]
  0x000001c3ec6d8920 JavaThread "Timer-3828"                        [_thread_blocked, id=44308, stack(0x000000c013400000,0x000000c013500000) (1024K)]
  0x000001c3ec6d54a0 JavaThread "Timer-3829"                        [_thread_blocked, id=38924, stack(0x000000c012900000,0x000000c012a00000) (1024K)]
  0x000001c3ec6d61c0 JavaThread "Timer-3830"                        [_thread_blocked, id=46956, stack(0x000000c013500000,0x000000c013600000) (1024K)]
  0x000001c3ec6d33d0 JavaThread "Timer-3831"                        [_thread_blocked, id=21092, stack(0x000000c013700000,0x000000c013800000) (1024K)]
  0x000001c3ec6d9640 JavaThread "Timer-3832"                        [_thread_blocked, id=23136, stack(0x000000c013800000,0x000000c013900000) (1024K)]
  0x000001c3ec6d7570 JavaThread "Timer-3833"                        [_thread_blocked, id=47008, stack(0x000000c013900000,0x000000c013a00000) (1024K)]
  0x000001c3ec6d9cd0 JavaThread "Timer-3834"                        [_thread_blocked, id=30436, stack(0x000000c013b00000,0x000000c013c00000) (1024K)]
  0x000001c3ec6da360 JavaThread "Timer-3835"                        [_thread_blocked, id=31836, stack(0x000000c013a00000,0x000000c013b00000) (1024K)]
  0x000001c3ec6dc430 JavaThread "Timer-3836"                        [_thread_blocked, id=46876, stack(0x000000c013d00000,0x000000c013e00000) (1024K)]
  0x000001c3ec6d6850 JavaThread "Timer-3837"                        [_thread_blocked, id=45800, stack(0x000000c013100000,0x000000c013200000) (1024K)]
  0x000001c3ec6dd150 JavaThread "Timer-3838"                        [_thread_blocked, id=43780, stack(0x000000c013e00000,0x000000c013f00000) (1024K)]
  0x000001c3ec6dd7e0 JavaThread "Timer-3839"                        [_thread_blocked, id=39096, stack(0x000000c013f00000,0x000000c014000000) (1024K)]
  0x000001c3ec6d2020 JavaThread "Worker-9166: Initialize workspace"        [_thread_blocked, id=37004, stack(0x000000c012b00000,0x000000c012c00000) (1024K)]
  0x000001c3ec6da9f0 JavaThread "Timer-3840"                        [_thread_blocked, id=43148, stack(0x000000c014000000,0x000000c014100000) (1024K)]
  0x000001c3ec6d6ee0 JavaThread "Timer-3841"                        [_thread_blocked, id=43072, stack(0x000000c013600000,0x000000c013700000) (1024K)]
  0x000001c3ec6db080 JavaThread "Timer-3842"                        [_thread_blocked, id=42692, stack(0x000000c014300000,0x000000c014400000) (1024K)]
  0x000001c3ec6d8fb0 JavaThread "Timer-3843"                        [_thread_blocked, id=43104, stack(0x000000c014200000,0x000000c014300000) (1024K)]
  0x000001c3ec6dcac0 JavaThread "Timer-3844"                        [_thread_blocked, id=29668, stack(0x000000c014500000,0x000000c014600000) (1024K)]
  0x000001c3ec6dde70 JavaThread "Timer-3845"                        [_thread_blocked, id=41336, stack(0x000000c014400000,0x000000c014500000) (1024K)]
  0x000001c3ec6e12f0 JavaThread "Timer-3846"                        [_thread_blocked, id=39996, stack(0x000000c014700000,0x000000c014800000) (1024K)]
  0x000001c3ec6e05d0 JavaThread "Timer-3847"                        [_thread_blocked, id=43340, stack(0x000000c014900000,0x000000c014a00000) (1024K)]
  0x000001c3ec6de500 JavaThread "Worker-9193: Initialize workspace"        [_thread_blocked, id=44380, stack(0x000000c013c00000,0x000000c013d00000) (1024K)]
  0x000001c3ec6f2690 JavaThread "Timer-3848"                        [_thread_blocked, id=46724, stack(0x000000c014800000,0x000000c014900000) (1024K)]
  0x000001c3ec702680 JavaThread "Timer-3849"                        [_thread_blocked, id=47068, stack(0x000000c014a00000,0x000000c014b00000) (1024K)]
  0x000001c3ec6e4e00 JavaThread "Timer-3850"                        [_thread_blocked, id=9492, stack(0x000000c00e000000,0x000000c00e100000) (1024K)]
  0x000001c3ec707bd0 JavaThread "Timer-3851"                        [_thread_blocked, id=11344, stack(0x000000c014b00000,0x000000c014c00000) (1024K)]
  0x000001c3ec6deb90 JavaThread "Timer-3852"                        [_thread_blocked, id=44236, stack(0x000000c014d00000,0x000000c014e00000) (1024K)]
  0x000001c3ec705470 JavaThread "Timer-3853"                        [_thread_blocked, id=40904, stack(0x000000c014c00000,0x000000c014d00000) (1024K)]
  0x000001c3ec6df220 JavaThread "Timer-3854"                        [_thread_blocked, id=44836, stack(0x000000c014f00000,0x000000c015000000) (1024K)]
  0x000001c3ec6dbda0 JavaThread "Timer-3855"                        [_thread_blocked, id=39280, stack(0x000000c015000000,0x000000c015100000) (1024K)]
  0x000001c3ec6df8b0 JavaThread "Timer-3856"                        [_thread_blocked, id=24100, stack(0x000000c015c00000,0x000000c015d00000) (1024K)]
  0x000001c3ec6e8280 JavaThread "Timer-3857"                        [_thread_blocked, id=45496, stack(0x000000c015f00000,0x000000c016000000) (1024K)]
  0x000001c3ec6ebd90 JavaThread "Timer-3858"                        [_thread_blocked, id=39956, stack(0x000000c015d00000,0x000000c015e00000) (1024K)]
  0x000001c3ec6dff40 JavaThread "Timer-3859"                        [_thread_blocked, id=45052, stack(0x000000c015500000,0x000000c015600000) (1024K)]
  0x000001c3ec15e350 JavaThread "Timer-3860"                        [_thread_blocked, id=44200, stack(0x000000c015b00000,0x000000c015c00000) (1024K)]
  0x000001c3ec15f070 JavaThread "Timer-3861"                        [_thread_blocked, id=31944, stack(0x000000c015600000,0x000000c015700000) (1024K)]
  0x000001c3ec1617d0 JavaThread "Timer-3862"                        [_thread_blocked, id=46300, stack(0x000000c016100000,0x000000c016200000) (1024K)]
  0x000001c3ec15e9e0 JavaThread "Timer-3863"                        [_thread_blocked, id=25664, stack(0x000000c016000000,0x000000c016100000) (1024K)]
  0x000001c3ec160420 JavaThread "Timer-3864"                        [_thread_blocked, id=42688, stack(0x000000c015300000,0x000000c015400000) (1024K)]
  0x000001c3ec162b80 JavaThread "Timer-3865"                        [_thread_blocked, id=22156, stack(0x000000c015900000,0x000000c015a00000) (1024K)]
  0x000001c3ec161140 JavaThread "Timer-3866"                        [_thread_blocked, id=44196, stack(0x000000c016200000,0x000000c016300000) (1024K)]
  0x000001c3ec1624f0 JavaThread "Timer-3867"                        [_thread_blocked, id=45092, stack(0x000000c015a00000,0x000000c015b00000) (1024K)]
  0x000001c3ec1638a0 JavaThread "Timer-3868"                        [_thread_blocked, id=44328, stack(0x000000c016300000,0x000000c016400000) (1024K)]
  0x000001c3ec15f700 JavaThread "Timer-3869"                        [_thread_blocked, id=45240, stack(0x000000c015100000,0x000000c015200000) (1024K)]
  0x000001c3ec166690 JavaThread "Timer-3870"                        [_thread_blocked, id=24248, stack(0x000000c014e00000,0x000000c014f00000) (1024K)]
  0x000001c3ec163210 JavaThread "Timer-3871"                        [_thread_blocked, id=43852, stack(0x000000c016400000,0x000000c016500000) (1024K)]
  0x000001c3ec160ab0 JavaThread "Worker-9267: Initialize workspace"        [_thread_blocked, id=30092, stack(0x000000c015800000,0x000000c015900000) (1024K)]
  0x000001c3ec1645c0 JavaThread "Timer-3872"                        [_thread_blocked, id=44040, stack(0x000000c016b00000,0x000000c016c00000) (1024K)]
  0x000001c3ec15fd90 JavaThread "Timer-3873"                        [_thread_blocked, id=43376, stack(0x000000c015200000,0x000000c015300000) (1024K)]
  0x000001c3ec166d20 JavaThread "Timer-3874"                        [_thread_blocked, id=46616, stack(0x000000c016c00000,0x000000c016d00000) (1024K)]
  0x000001c3ec163f30 JavaThread "Timer-3875"                        [_thread_blocked, id=43816, stack(0x000000c016500000,0x000000c016600000) (1024K)]
  0x000001c3ec167a40 JavaThread "Timer-3876"                        [_thread_blocked, id=43136, stack(0x000000c016d00000,0x000000c016e00000) (1024K)]
  0x000001c3ec1680d0 JavaThread "Timer-3877"                        [_thread_blocked, id=43036, stack(0x000000c016a00000,0x000000c016b00000) (1024K)]
  0x000001c3ec164c50 JavaThread "Timer-3878"                        [_thread_blocked, id=20468, stack(0x000000c016e00000,0x000000c016f00000) (1024K)]
  0x000001c3ec16c270 JavaThread "Timer-3879"                        [_thread_blocked, id=36480, stack(0x000000c016800000,0x000000c016900000) (1024K)]
  0x000001c3ec16bbe0 JavaThread "Timer-3880"                        [_thread_blocked, id=44132, stack(0x000000c017400000,0x000000c017500000) (1024K)]
  0x000001c3ec168df0 JavaThread "Timer-3881"                        [_thread_blocked, id=45244, stack(0x000000c016900000,0x000000c016a00000) (1024K)]
  0x000001c3ec165970 JavaThread "Timer-3882"                        [_thread_blocked, id=43656, stack(0x000000c017500000,0x000000c017600000) (1024K)]
  0x000001c3ec16aec0 JavaThread "Timer-3883"                        [_thread_blocked, id=40128, stack(0x000000c016f00000,0x000000c017000000) (1024K)]
  0x000001c3ec169480 JavaThread "Timer-3884"                        [_thread_blocked, id=43208, stack(0x000000c017600000,0x000000c017700000) (1024K)]
  0x000001c3ec16a830 JavaThread "Timer-3885"                        [_thread_blocked, id=39456, stack(0x000000c017300000,0x000000c017400000) (1024K)]
  0x000001c3ec169b10 JavaThread "Timer-3886"                        [_thread_blocked, id=7852, stack(0x000000c017800000,0x000000c017900000) (1024K)]
  0x000001c3ec16e9d0 JavaThread "Timer-3887"                        [_thread_blocked, id=43808, stack(0x000000c017900000,0x000000c017a00000) (1024K)]
  0x000001c3ec174c40 JavaThread "PatternSearchJob-worker-21" daemon [_thread_blocked, id=46048, stack(0x000000c018900000,0x000000c018a00000) (1024K)]
  0x000001c3ec175960 JavaThread "Worker-9371: Initialize workspace"        [_thread_blocked, id=42780, stack(0x000000c018f00000,0x000000c019000000) (1024K)]
  0x000001c3ec16d620 JavaThread "Timer-3888"                        [_thread_blocked, id=46976, stack(0x000000bf50500000,0x000000bf50600000) (1024K)]
  0x000001c3f3eed220 JavaThread "Timer-3889"                        [_thread_blocked, id=40224, stack(0x000000bf8a400000,0x000000bf8a500000) (1024K)]
  0x000001c3f0273a80 JavaThread "Timer-3890"                        [_thread_blocked, id=44164, stack(0x000000bfac300000,0x000000bfac400000) (1024K)]
  0x000001c3f6f441c0 JavaThread "Timer-3891"                        [_thread_blocked, id=38840, stack(0x000000bfbf600000,0x000000bfbf700000) (1024K)]
  0x000001c3f6f28380 JavaThread "Timer-3892"                        [_thread_blocked, id=45316, stack(0x000000bfdc200000,0x000000bfdc300000) (1024K)]
  0x000001c3f40deeb0 JavaThread "Timer-3893"                        [_thread_blocked, id=41264, stack(0x000000bf0d800000,0x000000bf0d900000) (1024K)]
  0x000001c3ec978ce0 JavaThread "Timer-3894"                        [_thread_blocked, id=40312, stack(0x000000bfdc600000,0x000000bfdc700000) (1024K)]
  0x000001c3f675e0a0 JavaThread "Timer-3895"                        [_thread_blocked, id=42572, stack(0x000000bfc5500000,0x000000bfc5600000) (1024K)]
  0x000001c3ec166000 JavaThread "Worker-9471: Initialize workspace"        [_thread_blocked, id=24320, stack(0x000000bf30000000,0x000000bf30100000) (1024K)]
  0x000001c3f6f1e600 JavaThread "Timer-3896"                        [_thread_blocked, id=43620, stack(0x000000bfa4f00000,0x000000bfa5000000) (1024K)]
  0x000001c3ec9b6bd0 JavaThread "Timer-3897"                        [_thread_blocked, id=45504, stack(0x000000bfb1900000,0x000000bfb1a00000) (1024K)]
  0x000001c3f415e3a0 JavaThread "Timer-3898"                        [_thread_blocked, id=44528, stack(0x000000bfb9000000,0x000000bfb9100000) (1024K)]
  0x000001c3f4178110 JavaThread "Timer-3899"                        [_thread_blocked, id=43668, stack(0x000000bfc2b00000,0x000000bfc2c00000) (1024K)]
  0x000001c3f4180ae0 JavaThread "Timer-3900"                        [_thread_blocked, id=3020, stack(0x000000bf2bb00000,0x000000bf2bc00000) (1024K)]
  0x000001c3ec985ee0 JavaThread "Timer-3901"                        [_thread_blocked, id=47480, stack(0x000000bf16900000,0x000000bf16a00000) (1024K)]
  0x000001c3f3f01a40 JavaThread "Timer-3902"                        [_thread_blocked, id=47580, stack(0x000000bf87e00000,0x000000bf87f00000) (1024K)]
  0x000001c3e24b1830 JavaThread "Timer-3903"                        [_thread_blocked, id=47888, stack(0x000000bf89b00000,0x000000bf89c00000) (1024K)]
  0x000001c3ec16c900 JavaThread "Timer-3904"                        [_thread_blocked, id=47028, stack(0x000000bfa0900000,0x000000bfa0a00000) (1024K)]
  0x000001c3ec170410 JavaThread "Timer-3905"                        [_thread_blocked, id=48572, stack(0x000000bfa7b00000,0x000000bfa7c00000) (1024K)]
  0x000001c3ec16cf90 JavaThread "Timer-3906"                        [_thread_blocked, id=46284, stack(0x000000bfa9700000,0x000000bfa9800000) (1024K)]
  0x000001c3ec1773a0 JavaThread "Timer-3907"                        [_thread_blocked, id=48008, stack(0x000000bff2100000,0x000000bff2200000) (1024K)]
  0x000001c3ec176d10 JavaThread "Timer-3908"                        [_thread_blocked, id=49220, stack(0x000000bff6a00000,0x000000bff6b00000) (1024K)]
  0x000001c3ece5cac0 JavaThread "Timer-3909"                        [_thread_blocked, id=31124, stack(0x000000bf61100000,0x000000bf61200000) (1024K)]
  0x000001c3ece5d150 JavaThread "Timer-3910"                        [_thread_blocked, id=21248, stack(0x000000bf65400000,0x000000bf65500000) (1024K)]
  0x000001c3f6c0cca0 JavaThread "Timer-3911"                        [_thread_blocked, id=51088, stack(0x000000bf6f300000,0x000000bf6f400000) (1024K)]
  0x000001c3f0a6a950 JavaThread "Worker-9525: Initialize workspace"        [_thread_blocked, id=46840, stack(0x000000bf28200000,0x000000bf28300000) (1024K)]
  0x000001c3f0aa32f0 JavaThread "Timer-3912"                        [_thread_blocked, id=47056, stack(0x000000bf35500000,0x000000bf35600000) (1024K)]
  0x000001c3e0db57f0 JavaThread "Timer-3913"                        [_thread_blocked, id=47660, stack(0x000000bf45c00000,0x000000bf45d00000) (1024K)]
  0x000001c3ef312da0 JavaThread "Timer-3914"                        [_thread_blocked, id=24284, stack(0x000000bf66300000,0x000000bf66400000) (1024K)]
  0x000001c3e0e61b70 JavaThread "Timer-3915"                        [_thread_blocked, id=44368, stack(0x000000bfb1d00000,0x000000bfb1e00000) (1024K)]
  0x000001c3f6f23b50 JavaThread "Timer-3916"                        [_thread_blocked, id=44440, stack(0x000000bfbeb00000,0x000000bfbec00000) (1024K)]
  0x000001c3ec16fd80 JavaThread "Timer-3917"                        [_thread_blocked, id=46460, stack(0x000000bf10400000,0x000000bf10500000) (1024K)]
  0x000001c3ec170aa0 JavaThread "Timer-3918"                        [_thread_blocked, id=50620, stack(0x000000bf1cb00000,0x000000bf1cc00000) (1024K)]
  0x000001c3ec1717c0 JavaThread "Timer-3919"                        [_thread_blocked, id=33836, stack(0x000000bf14500000,0x000000bf14600000) (1024K)]
  0x000001c3f4f1a7d0 JavaThread "Timer-3920"                        [_thread_blocked, id=50980, stack(0x000000bff9800000,0x000000bff9900000) (1024K)]
  0x000001c3f4ef8db0 JavaThread "Timer-3921"                        [_thread_blocked, id=47960, stack(0x000000bffd100000,0x000000bffd200000) (1024K)]
  0x000001c3f4f00a60 JavaThread "Timer-3922"                        [_thread_blocked, id=46896, stack(0x000000bfff300000,0x000000bfff400000) (1024K)]
  0x000001c3e27a9640 JavaThread "Timer-3923"                        [_thread_blocked, id=46188, stack(0x000000bf07400000,0x000000bf07500000) (1024K)]
  0x000001c3f0a8ddb0 JavaThread "Timer-3924"                        [_thread_blocked, id=45364, stack(0x000000c005c00000,0x000000c005d00000) (1024K)]
  0x000001c3effd23b0 JavaThread "Timer-3925"                        [_thread_blocked, id=49264, stack(0x000000bfdd600000,0x000000bfdd700000) (1024K)]
  0x000001c3efffb3f0 JavaThread "Timer-3926"                        [_thread_blocked, id=49052, stack(0x000000c00a200000,0x000000c00a300000) (1024K)]
  0x000001c3ec16a1a0 JavaThread "Timer-3927"                        [_thread_blocked, id=41900, stack(0x000000bf1a800000,0x000000bf1a900000) (1024K)]
  0x000001c3ec161e60 JavaThread "Timer-3928"                        [_thread_blocked, id=34600, stack(0x000000bf55600000,0x000000bf55700000) (1024K)]
  0x000001c3ec1724e0 JavaThread "Timer-3929"                        [_thread_blocked, id=39172, stack(0x000000bf8f500000,0x000000bf8f600000) (1024K)]
  0x000001c3f4f06640 JavaThread "Timer-3930"                        [_thread_blocked, id=43096, stack(0x000000bfa9800000,0x000000bfa9900000) (1024K)]
  0x000001c3f6d47940 JavaThread "Timer-3931"                        [_thread_blocked, id=24332, stack(0x000000bff7000000,0x000000bff7100000) (1024K)]
  0x000001c3f0a85a70 JavaThread "Timer-3932"                        [_thread_blocked, id=35116, stack(0x000000c019800000,0x000000c019900000) (1024K)]
  0x000001c3f0244e60 JavaThread "Timer-3933"                        [_thread_blocked, id=40848, stack(0x000000bf37900000,0x000000bf37a00000) (1024K)]
  0x000001c3f0258ff0 JavaThread "Timer-3934"                        [_thread_blocked, id=19184, stack(0x000000bf40300000,0x000000bf40400000) (1024K)]
  0x000001c3ed6cf920 JavaThread "Timer-3935"                        [_thread_blocked, id=38552, stack(0x000000bf74a00000,0x000000bf74b00000) (1024K)]
  0x000001c3ec17a190 JavaThread "Timer-3936"                        [_thread_blocked, id=33320, stack(0x000000c00e900000,0x000000c00ea00000) (1024K)]
  0x000001c3ec17a820 JavaThread "Timer-3937"                        [_thread_blocked, id=45072, stack(0x000000c017a00000,0x000000c017b00000) (1024K)]
  0x000001c3ec17d610 JavaThread "Timer-3938"                        [_thread_blocked, id=43820, stack(0x000000c017e00000,0x000000c017f00000) (1024K)]
  0x000001c3ec17c8f0 JavaThread "Timer-3939"                        [_thread_blocked, id=48628, stack(0x000000c017b00000,0x000000c017c00000) (1024K)]
  0x000001c3ec16f060 JavaThread "Timer-3940"                        [_thread_blocked, id=22368, stack(0x000000bf4fe00000,0x000000bf4ff00000) (1024K)]
  0x000001c3ec1652e0 JavaThread "Timer-3941"                        [_thread_blocked, id=48824, stack(0x000000bf06200000,0x000000bf06300000) (1024K)]
  0x000001c3ec1673b0 JavaThread "Timer-3942"                        [_thread_blocked, id=52044, stack(0x000000bf07d00000,0x000000bf07e00000) (1024K)]
  0x000001c3ec16e340 JavaThread "Timer-3943"                        [_thread_blocked, id=39672, stack(0x000000bf19f00000,0x000000bf1a000000) (1024K)]
  0x000001c3ec179b00 JavaThread "Worker-9623: Initialize workspace"        [_thread_blocked, id=38724, stack(0x000000bf0dd00000,0x000000bf0de00000) (1024K)]
  0x000001c3ec17b540 JavaThread "Connection worker"                 [_thread_in_native, id=47396, stack(0x000000bf0b400000,0x000000bf0b500000) (1024K)]
  0x000001c3ec17bbd0 JavaThread "Connection worker"                 [_thread_in_native, id=36444, stack(0x000000bf1b100000,0x000000bf1b200000) (1024K)]
  0x000001c3ec178750 JavaThread "Connection worker"                 [_thread_in_native, id=27272, stack(0x000000bf1d500000,0x000000bf1d600000) (1024K)]
  0x000001c3ec171130 JavaThread "Connection worker"                 [_thread_in_native, id=48876, stack(0x000000bf22900000,0x000000bf22a00000) (1024K)]
  0x000001c3ec177a30 JavaThread "Connection worker"                 [_thread_in_native, id=49796, stack(0x000000bf2af00000,0x000000bf2b000000) (1024K)]
  0x000001c3ec1745b0 JavaThread "Connection worker"                 [_thread_in_native, id=38596, stack(0x000000bf2a600000,0x000000bf2a700000) (1024K)]
  0x000001c3ec6d1300 JavaThread "pool-1183-thread-1"                [_thread_blocked, id=46072, stack(0x000000bf39400000,0x000000bf39500000) (1024K)]
  0x000001c3ec6e26a0 JavaThread "Connection worker"                 [_thread_in_native, id=50576, stack(0x000000bf42d00000,0x000000bf42e00000) (1024K)]
  0x000001c3ec6e0c60 JavaThread "pool-1185-thread-1"                [_thread_blocked, id=51144, stack(0x000000bf46500000,0x000000bf46600000) (1024K)]
  0x000001c3ec6e1980 JavaThread "pool-1186-thread-1"                [_thread_blocked, id=51340, stack(0x000000bf47700000,0x000000bf47800000) (1024K)]
  0x000001c3ec6e2010 JavaThread "Connection worker"                 [_thread_in_native, id=47560, stack(0x000000bf49b00000,0x000000bf49c00000) (1024K)]
  0x000001c3ec701960 JavaThread "pool-1189-thread-1"                [_thread_blocked, id=22416, stack(0x000000bf4d400000,0x000000bf4d500000) (1024K)]
  0x000001c3f40d9ff0 JavaThread "Connection worker"                 [_thread_in_native, id=39764, stack(0x000000bf58500000,0x000000bf58600000) (1024K)]
  0x000001c3e169d650 JavaThread "Connection worker"                 [_thread_in_native, id=49672, stack(0x000000bf62200000,0x000000bf62300000) (1024K)]
  0x000001c3e16a2ba0 JavaThread "pool-1193-thread-1"                [_thread_blocked, id=53212, stack(0x000000bf5ad00000,0x000000bf5ae00000) (1024K)]
  0x000001c3f0242070 JavaThread "pool-1194-thread-1"                [_thread_blocked, id=52560, stack(0x000000bf6df00000,0x000000bf6e000000) (1024K)]
  0x000001c3f02554e0 JavaThread "Timer-3944"                        [_thread_blocked, id=53192, stack(0x000000bf6ee00000,0x000000bf6ef00000) (1024K)]
  0x000001c3f0271320 JavaThread "pool-1196-thread-1"                [_thread_blocked, id=53876, stack(0x000000bf75900000,0x000000bf75a00000) (1024K)]
  0x000001c3f0276870 JavaThread "pool-1197-thread-1"                [_thread_blocked, id=50748, stack(0x000000bf76b00000,0x000000bf76c00000) (1024K)]
  0x000001c3e24bea30 JavaThread "pool-1200-thread-1"                [_thread_blocked, id=43028, stack(0x000000bf79e00000,0x000000bf79f00000) (1024K)]
  0x000001c3e24bcff0 JavaThread "pool-1201-thread-1"                [_thread_blocked, id=44636, stack(0x000000bf7a800000,0x000000bf7a900000) (1024K)]
  0x000001c3f720e210 JavaThread "Timer-3945"                        [_thread_blocked, id=31072, stack(0x000000bf71900000,0x000000bf71a00000) (1024K)]
  0x000001c3f7228610 JavaThread "Connection worker"                 [_thread_in_native, id=48564, stack(0x000000bf83600000,0x000000bf83700000) (1024K)]
  0x000001c3f720b420 JavaThread "Timer-3946"                        [_thread_blocked, id=49636, stack(0x000000bf80700000,0x000000bf80800000) (1024K)]
  0x000001c3f527d8d0 JavaThread "pool-1205-thread-1"                [_thread_blocked, id=52424, stack(0x000000bf87a00000,0x000000bf87b00000) (1024K)]
  0x000001c3ed6cbe10 JavaThread "Connection worker"                 [_thread_in_native, id=41248, stack(0x000000bf8eb00000,0x000000bf8ec00000) (1024K)]
  0x000001c3ed6c96b0 JavaThread "pool-1209-thread-1"                [_thread_blocked, id=12208, stack(0x000000bf90300000,0x000000bf90400000) (1024K)]
  0x000001c3ed6d68b0 JavaThread "Timer-3947"                        [_thread_blocked, id=47252, stack(0x000000bf91a00000,0x000000bf91b00000) (1024K)]
  0x000001c3ed6fcb00 JavaThread "Timer-3948"                        [_thread_blocked, id=49076, stack(0x000000bf03b00000,0x000000bf03c00000) (1024K)]
  0x000001c3f0a7eae0 JavaThread "Connection worker"                 [_thread_in_native, id=49904, stack(0x000000bf5e000000,0x000000bf5e100000) (1024K)]
  0x000001c3f0a94d40 JavaThread "Connection worker"                 [_thread_in_native, id=47780, stack(0x000000bf27000000,0x000000bf27100000) (1024K)]
  0x000001c3e27a54a0 JavaThread "Connection worker"                 [_thread_in_native, id=45300, stack(0x000000bf06b00000,0x000000bf06c00000) (1024K)]
  0x000001c3ec996bf0 JavaThread "Connection worker"                 [_thread_in_native, id=18096, stack(0x000000bf5ea00000,0x000000bf5eb00000) (1024K)]
  0x000001c3ed6ff260 JavaThread "Timer-3949"                        [_thread_blocked, id=31108, stack(0x000000bf28b00000,0x000000bf28c00000) (1024K)]
  0x000001c3f6747120 JavaThread "Timer-3950"                        [_thread_blocked, id=27592, stack(0x000000bf8c900000,0x000000bf8ca00000) (1024K)]
  0x000001c3e2ea06e0 JavaThread "Timer-3951"                        [_thread_blocked, id=44592, stack(0x000000bfeca00000,0x000000bfecb00000) (1024K)]
  0x000001c3e0e35d40 JavaThread "Timer-3952"                        [_thread_blocked, id=24560, stack(0x000000bf4f000000,0x000000bf4f100000) (1024K)]
  0x000001c3ef316f40 JavaThread "Timer-3953"                        [_thread_blocked, id=50828, stack(0x000000bf59000000,0x000000bf59100000) (1024K)]
  0x000001c3ef324e60 JavaThread "Timer-3954"                        [_thread_blocked, id=41184, stack(0x000000bf60400000,0x000000bf60500000) (1024K)]
  0x000001c3f40d4410 JavaThread "Timer-3955"                        [_thread_blocked, id=51316, stack(0x000000bfeee00000,0x000000bfeef00000) (1024K)]
  0x000001c3ed6f6890 JavaThread "Timer-3956"                        [_thread_blocked, id=47664, stack(0x000000bfef600000,0x000000bfef700000) (1024K)]
  0x000001c3f6f1cbc0 JavaThread "Connection worker"                 [_thread_in_native, id=46532, stack(0x000000bf93400000,0x000000bf93500000) (1024K)]
  0x000001c3f416ea20 JavaThread "Connection worker"                 [_thread_in_native, id=28252, stack(0x000000bff2d00000,0x000000bff2e00000) (1024K)]
  0x000001c3f4181800 JavaThread "pool-1217-thread-1"                [_thread_blocked, id=37788, stack(0x000000bff2e00000,0x000000bff2f00000) (1024K)]
  0x000001c3f3f113a0 JavaThread "Timer-3957"                        [_thread_blocked, id=52940, stack(0x000000bf5f200000,0x000000bf5f300000) (1024K)]
  0x000001c3e05ada80 JavaThread "Timer-3958"                        [_thread_blocked, id=26316, stack(0x000000bff4a00000,0x000000bff4b00000) (1024K)]
  0x000001c3ec173200 JavaThread "Timer-3959"                        [_thread_blocked, id=12744, stack(0x000000bf7b900000,0x000000bf7ba00000) (1024K)]
  0x000001c3ec17aeb0 JavaThread "Connection worker"                 [_thread_in_native, id=40588, stack(0x000000bf96100000,0x000000bf96200000) (1024K)]
  0x000001c3f40cdb10 JavaThread "Connection worker"                 [_thread_in_native, id=10416, stack(0x000000bf51700000,0x000000bf51800000) (1024K)]
  0x000001c3e24db590 JavaThread "Connection worker"                 [_thread_in_native, id=20100, stack(0x000000bf72d00000,0x000000bf72e00000) (1024K)]
  0x000001c3e24b8130 JavaThread "Worker-9689: Initialize workspace"        [_thread_blocked, id=40548, stack(0x000000bf18500000,0x000000bf18600000) (1024K)]
  0x000001c3e24c66e0 JavaThread "Connection worker"                 [_thread_in_native, id=46600, stack(0x000000bfb9f00000,0x000000bfba000000) (1024K)]
  0x000001c3f3efdf30 JavaThread "Connection worker"                 [_thread_in_native, id=40504, stack(0x000000c017200000,0x000000c017300000) (1024K)]
  0x000001c3ece57c00 JavaThread "Timer-3960"                        [_thread_blocked, id=50340, stack(0x000000c018200000,0x000000c018300000) (1024K)]
  0x000001c3ece5b710 JavaThread "pool-1249-thread-1"                [_thread_blocked, id=46400, stack(0x000000c018500000,0x000000c018600000) (1024K)]
  0x000001c3e2a57f30 JavaThread "Timer-3961"                        [_thread_blocked, id=52640, stack(0x000000c018e00000,0x000000c018f00000) (1024K)]
  0x000001c3f6f33b40 JavaThread "Connection worker"                 [_thread_in_native, id=53328, stack(0x000000bf21d00000,0x000000bf21e00000) (1024K)]
  0x000001c3f6f420f0 JavaThread "Timer-3962"                        [_thread_blocked, id=50356, stack(0x000000bf30900000,0x000000bf30a00000) (1024K)]
  0x000001c3effffc20 JavaThread "Timer-3963"                        [_thread_blocked, id=37976, stack(0x000000c019500000,0x000000c019600000) (1024K)]
  0x000001c3effdd4e0 JavaThread "Timer-3964"                        [_thread_blocked, id=54128, stack(0x000000c019700000,0x000000c019800000) (1024K)]
  0x000001c3f4f0a7e0 JavaThread "Connection worker"                 [_thread_in_native, id=50512, stack(0x000000bf2ee00000,0x000000bf2ef00000) (1024K)]
  0x000001c3e05c98c0 JavaThread "Connection worker"                 [_thread_in_native, id=52236, stack(0x000000bf1de00000,0x000000bf1df00000) (1024K)]
  0x000001c3e059aca0 JavaThread "Connection worker"                 [_thread_in_native, id=51672, stack(0x000000bf3b100000,0x000000bf3b200000) (1024K)]
  0x000001c3e0597eb0 JavaThread "Connection worker"                 [_thread_in_native, id=53932, stack(0x000000bf1e700000,0x000000bf1e800000) (1024K)]
  0x000001c3e059c050 JavaThread "Connection worker"                 [_thread_in_native, id=51628, stack(0x000000bf4ad00000,0x000000bf4ae00000) (1024K)]
  0x000001c3e30e8f30 JavaThread "Connection worker"                 [_thread_in_native, id=46576, stack(0x000000bf4e300000,0x000000bf4e400000) (1024K)]
  0x000001c3e3100540 JavaThread "Connection worker"                 [_thread_in_native, id=43496, stack(0x000000bf77e00000,0x000000bf77f00000) (1024K)]
  0x000001c3e311ca10 JavaThread "Connection worker"                 [_thread_in_native, id=10604, stack(0x000000bf26700000,0x000000bf26800000) (1024K)]
  0x000001c3ec6e7bf0 JavaThread "Connection worker"                 [_thread_in_native, id=48320, stack(0x000000bf20b00000,0x000000bf20c00000) (1024K)]
  0x000001c3ec6f7550 JavaThread "Connection worker"                 [_thread_in_native, id=49072, stack(0x000000bf2c100000,0x000000bf2c200000) (1024K)]
  0x000001c3ec6f5480 JavaThread "Connection worker"                 [_thread_in_native, id=14800, stack(0x000000bf84b00000,0x000000bf84c00000) (1024K)]
  0x000001c3f5282790 JavaThread "Connection worker"                 [_thread_in_native, id=14528, stack(0x000000bf37000000,0x000000bf37100000) (1024K)]
  0x000001c3f5296290 JavaThread "Connection worker"                 [_thread_in_native, id=45780, stack(0x000000bf86400000,0x000000bf86500000) (1024K)]
  0x000001c3f5292e10 JavaThread "Connection worker"                 [_thread_in_native, id=46852, stack(0x000000bf8df00000,0x000000bf8e000000) (1024K)]
  0x000001c3ec99f5c0 JavaThread "Connection worker"                 [_thread_in_native, id=50192, stack(0x000000bf4c200000,0x000000bf4c300000) (1024K)]
  0x000001c3ec9a3760 JavaThread "Connection worker"                 [_thread_in_native, id=53640, stack(0x000000bf52500000,0x000000bf52600000) (1024K)]
  0x000001c3e059da90 JavaThread "Connection worker"                 [_thread_in_native, id=43452, stack(0x000000bf11600000,0x000000bf11700000) (1024K)]
  0x000001c3e05a5dd0 JavaThread "Connection worker"                 [_thread_in_native, id=52388, stack(0x000000bf4bf00000,0x000000bf4c000000) (1024K)]
  0x000001c3e0dadb40 JavaThread "Connection worker"                 [_thread_in_native, id=52740, stack(0x000000bf81500000,0x000000bf81600000) (1024K)]
  0x000001c3e0dbfc00 JavaThread "Connection worker"                 [_thread_in_native, id=48964, stack(0x000000bf95000000,0x000000bf95100000) (1024K)]
  0x000001c3e0d84470 JavaThread "Connection worker"                 [_thread_in_native, id=42788, stack(0x000000bf95b00000,0x000000bf95c00000) (1024K)]
  0x000001c3f7248c80 JavaThread "Connection worker"                 [_thread_in_native, id=48156, stack(0x000000bf7ee00000,0x000000bf7ef00000) (1024K)]
  0x000001c3f7224470 JavaThread "Connection worker"                 [_thread_in_native, id=40828, stack(0x000000bf1fc00000,0x000000bf1fd00000) (1024K)]
  0x000001c3f7226bd0 JavaThread "Connection worker"                 [_thread_in_native, id=42724, stack(0x000000bf79000000,0x000000bf79100000) (1024K)]
  0x000001c3e30f95b0 JavaThread "Connection worker"                 [_thread_in_native, id=53608, stack(0x000000bf88700000,0x000000bf88800000) (1024K)]
  0x000001c3f4f1ae60 JavaThread "Connection worker"                 [_thread_in_native, id=44096, stack(0x000000bfc0b00000,0x000000bfc0c00000) (1024K)]
  0x000001c3effcef30 JavaThread "Connection worker"                 [_thread_in_native, id=46228, stack(0x000000bfcc900000,0x000000bfcca00000) (1024K)]
  0x000001c3f3f26250 JavaThread "Connection worker"                 [_thread_in_native, id=52516, stack(0x000000bf7bd00000,0x000000bf7be00000) (1024K)]
  0x000001c3f3f23af0 JavaThread "Connection worker"                 [_thread_in_native, id=57424, stack(0x000000bf92b00000,0x000000bf92c00000) (1024K)]
  0x000001c3f3f09d80 JavaThread "Connection worker"                 [_thread_in_native, id=57472, stack(0x000000bf98f00000,0x000000bf99000000) (1024K)]
  0x000001c3e16ac290 JavaThread "Connection worker"                 [_thread_in_native, id=57636, stack(0x000000bf84300000,0x000000bf84400000) (1024K)]
  0x000001c3e16c3f30 JavaThread "Connection worker"                 [_thread_in_native, id=50104, stack(0x000000bf9a300000,0x000000bf9a400000) (1024K)]
  0x000001c3e16ac920 JavaThread "Timer-3965"                        [_thread_blocked, id=46560, stack(0x000000bf95c00000,0x000000bf95d00000) (1024K)]
  0x000001c3e1691170 JavaThread "Timer-3966"                        [_thread_blocked, id=41008, stack(0x000000bf9b600000,0x000000bf9b700000) (1024K)]
  0x000001c3f6beb280 JavaThread "Timer-3967"                        [_thread_blocked, id=2372, stack(0x000000bf9d500000,0x000000bf9d600000) (1024K)]
  0x000001c3f6be6a50 JavaThread "Timer-3968"                        [_thread_blocked, id=52088, stack(0x000000bf1ba00000,0x000000bf1bb00000) (1024K)]
  0x000001c3f6bfc620 JavaThread "Connection worker"                 [_thread_in_native, id=23444, stack(0x000000bf0ce00000,0x000000bf0cf00000) (1024K)]
  0x000001c3f6bf9ec0 JavaThread "Connection worker"                 [_thread_blocked, id=47024, stack(0x000000bf13c00000,0x000000bf13d00000) (1024K)]
  0x000001c3f6bfd9d0 JavaThread "Connection worker"                 [_thread_blocked, id=14468, stack(0x000000bf2e500000,0x000000bf2e600000) (1024K)]
  0x000001c3f6bd5d40 JavaThread "pool-1263-thread-1"                [_thread_blocked, id=41188, stack(0x000000bf73e00000,0x000000bf73f00000) (1024K)]
  0x000001c3f6be0e70 JavaThread "Connection worker"                 [_thread_blocked, id=46520, stack(0x000000bf75100000,0x000000bf75200000) (1024K)]
  0x000001c3e30f5aa0 JavaThread "pool-1264-thread-1"                [_thread_blocked, id=44480, stack(0x000000bfa0d00000,0x000000bfa0e00000) (1024K)]
  0x000001c3e30ff820 JavaThread "Connection worker"                 [_thread_blocked, id=39176, stack(0x000000bfa1500000,0x000000bfa1600000) (1024K)]
  0x000001c3e3119590 JavaThread "Connection worker"                 [_thread_blocked, id=38920, stack(0x000000bfa4400000,0x000000bfa4500000) (1024K)]
  0x000001c3ec6e9630 JavaThread "pool-1265-thread-1"                [_thread_blocked, id=45576, stack(0x000000bfa7300000,0x000000bfa7400000) (1024K)]
  0x000001c3ec6db710 JavaThread "Connection worker"                 [_thread_blocked, id=2988, stack(0x000000bfae600000,0x000000bfae700000) (1024K)]
  0x000001c3f418cfc0 JavaThread "pool-1266-thread-1"                [_thread_blocked, id=18272, stack(0x000000bfb2b00000,0x000000bfb2c00000) (1024K)]
  0x000001c3f4158130 JavaThread "pool-1267-thread-1"                [_thread_blocked, id=5344, stack(0x000000bfb3f00000,0x000000bfb4000000) (1024K)]
  0x000001c3f4160470 JavaThread "pool-1268-thread-1"                [_thread_blocked, id=6256, stack(0x000000bfb5300000,0x000000bfb5400000) (1024K)]
  0x000001c3f4171180 JavaThread "pool-1269-thread-1"                [_thread_blocked, id=38916, stack(0x000000bfb6c00000,0x000000bfb6d00000) (1024K)]
  0x000001c3f6753600 JavaThread "Connection worker"                 [_thread_blocked, id=57312, stack(0x000000bfc0200000,0x000000bfc0300000) (1024K)]
  0x000001c3f6759870 JavaThread "Connection worker"                 [_thread_blocked, id=7672, stack(0x000000bfc6b00000,0x000000bfc6c00000) (1024K)]
  0x000001c3e2a34ad0 JavaThread "Connection worker"                 [_thread_blocked, id=54036, stack(0x000000bfcc400000,0x000000bfcc500000) (1024K)]
  0x000001c3e2a3a6b0 JavaThread "pool-1270-thread-1"                [_thread_blocked, id=48088, stack(0x000000bfc7300000,0x000000bfc7400000) (1024K)]
  0x000001c3e2a485d0 JavaThread "Connection worker"                 [_thread_blocked, id=47564, stack(0x000000bfd1100000,0x000000bfd1200000) (1024K)]
  0x000001c3e2a2a6c0 JavaThread "Connection worker"                 [_thread_blocked, id=46796, stack(0x000000bfd3900000,0x000000bfd3a00000) (1024K)]
  0x000001c3ece54780 JavaThread "pool-1271-thread-1"                [_thread_blocked, id=53004, stack(0x000000bfd6300000,0x000000bfd6400000) (1024K)]
  0x000001c3ece4e510 JavaThread "pool-1272-thread-1"                [_thread_blocked, id=42584, stack(0x000000bfd4100000,0x000000bfd4200000) (1024K)]
  0x000001c3ece75b10 JavaThread "pool-1273-thread-1"                [_thread_blocked, id=43940, stack(0x000000bfde600000,0x000000bfde700000) (1024K)]
  0x000001c3ece5f220 JavaThread "pool-1274-thread-1"                [_thread_blocked, id=37228, stack(0x000000bfe0600000,0x000000bfe0700000) (1024K)]
  0x000001c3e48625b0 JavaThread "Connection worker"                 [_thread_blocked, id=54248, stack(0x000000bfe1000000,0x000000bfe1100000) (1024K)]
  0x000001c3e4862c40 JavaThread "Exec process"                      [_thread_in_native, id=39564, stack(0x000000bfe2e00000,0x000000bfe2f00000) (1024K)]
  0x000001c3e4864680 JavaThread "Connection worker"                 [_thread_blocked, id=52776, stack(0x000000bfe5100000,0x000000bfe5200000) (1024K)]
  0x000001c3e0e563b0 JavaThread "Connection worker"                 [_thread_blocked, id=38096, stack(0x000000bfebe00000,0x000000bfebf00000) (1024K)]
  0x000001c3e0e28b40 JavaThread "Exec process Thread 2"             [_thread_blocked, id=43456, stack(0x000000bff6000000,0x000000bff6100000) (1024K)]
  0x000001c3e0e2a580 JavaThread "Connection worker"                 [_thread_blocked, id=57660, stack(0x000000bfe8300000,0x000000bfe8400000) (1024K)]
  0x000001c3f025d820 JavaThread "Connection worker"                 [_thread_blocked, id=46500, stack(0x000000bff0d00000,0x000000bff0e00000) (1024K)]
  0x000001c3f025deb0 JavaThread "pool-1275-thread-1"                [_thread_blocked, id=45724, stack(0x000000bff7400000,0x000000bff7500000) (1024K)]
  0x000001c3f0272040 JavaThread "pool-1276-thread-1"                [_thread_blocked, id=59356, stack(0x000000bffb200000,0x000000bffb300000) (1024K)]
  0x000001c3f027d170 JavaThread "Exec process"                      [_thread_in_native, id=48300, stack(0x000000bffc300000,0x000000bffc400000) (1024K)]
  0x000001c3e0352070 JavaThread "Exec process"                      [_thread_in_native, id=37196, stack(0x000000bfff800000,0x000000bfff900000) (1024K)]
  0x000001c3e034ffa0 JavaThread "pool-1277-thread-1"                [_thread_blocked, id=45148, stack(0x000000c001e00000,0x000000c001f00000) (1024K)]
  0x000001c3ec173f20 JavaThread "Connection worker"                 [_thread_blocked, id=49084, stack(0x000000c002400000,0x000000c002500000) (1024K)]
  0x000001c3ec1752d0 JavaThread "Exec process"                      [_thread_in_native, id=35584, stack(0x000000c006600000,0x000000c006700000) (1024K)]
  0x000001c3ec175ff0 JavaThread "Exec process Thread 2"             [_thread_blocked, id=47504, stack(0x000000c00d300000,0x000000c00d400000) (1024K)]
  0x000001c3ec171e50 JavaThread "pool-1278-thread-1"                [_thread_blocked, id=52660, stack(0x000000c00c100000,0x000000c00c200000) (1024K)]
  0x000001c3ec176680 JavaThread "pool-1279-thread-1"                [_thread_blocked, id=43600, stack(0x000000c00d400000,0x000000c00d500000) (1024K)]
  0x000001c3ec173890 JavaThread "Exec process"                      [_thread_in_native, id=52816, stack(0x000000c00da00000,0x000000c00db00000) (1024K)]
  0x000001c3ec1780c0 JavaThread "pool-1280-thread-1"                [_thread_blocked, id=52264, stack(0x000000c00ec00000,0x000000c00ed00000) (1024K)]
  0x000001c3ec17c260 JavaThread "Connection worker"                 [_thread_blocked, id=49852, stack(0x000000c012e00000,0x000000c012f00000) (1024K)]
  0x000001c3ec179470 JavaThread "Connection worker"                 [_thread_blocked, id=43704, stack(0x000000c014100000,0x000000c014200000) (1024K)]
  0x000001c3ec17cf80 JavaThread "Exec process"                      [_thread_in_native, id=58684, stack(0x000000c014600000,0x000000c014700000) (1024K)]
  0x000001c3effde200 JavaThread "Exec process Thread 2"             [_thread_blocked, id=50228, stack(0x000000c015700000,0x000000c015800000) (1024K)]
  0x000001c3f0003730 JavaThread "Connection worker"                 [_thread_blocked, id=47388, stack(0x000000c015400000,0x000000c015500000) (1024K)]
  0x000001c3e05aee30 JavaThread "Connection worker"                 [_thread_blocked, id=40076, stack(0x000000c016600000,0x000000c016700000) (1024K)]
  0x000001c3f4ee24c0 JavaThread "Exec process Thread 2"             [_thread_blocked, id=40260, stack(0x000000c017700000,0x000000c017800000) (1024K)]
  0x000001c3ec97d510 JavaThread "Exec process Thread 2"             [_thread_blocked, id=53788, stack(0x000000c017c00000,0x000000c017d00000) (1024K)]
  0x000001c3ec97e230 JavaThread "pool-1281-thread-1"                [_thread_blocked, id=53600, stack(0x000000c017d00000,0x000000c017e00000) (1024K)]
  0x000001c3ec9ab410 JavaThread "Connection worker"                 [_thread_blocked, id=39112, stack(0x000000c017100000,0x000000c017200000) (1024K)]
  0x000001c3f5296920 JavaThread "Connection worker"                 [_thread_blocked, id=52096, stack(0x000000c017f00000,0x000000c018000000) (1024K)]
  0x000001c3f5274f00 JavaThread "Exec process Thread 2"             [_thread_blocked, id=39848, stack(0x000000c018100000,0x000000c018200000) (1024K)]
  0x000001c3e0da02b0 JavaThread "Connection worker"                 [_thread_blocked, id=42132, stack(0x000000c018300000,0x000000c018400000) (1024K)]
  0x000001c3f40e2330 JavaThread "Connection worker"                 [_thread_blocked, id=49344, stack(0x000000c018000000,0x000000c018100000) (1024K)]
  0x000001c3f40f9fd0 JavaThread "Connection worker"                 [_thread_blocked, id=50444, stack(0x000000c018700000,0x000000c018800000) (1024K)]
  0x000001c3daa356e0 JavaThread "pool-1282-thread-1"                [_thread_blocked, id=40088, stack(0x000000c018800000,0x000000c018900000) (1024K)]
  0x000001c3daa35d70 JavaThread "Connection worker"                 [_thread_blocked, id=22380, stack(0x000000c018a00000,0x000000c018b00000) (1024K)]
  0x000001c3daa49870 JavaThread "pool-1283-thread-1"                [_thread_blocked, id=55420, stack(0x000000c018400000,0x000000c018500000) (1024K)]
  0x000001c3ed6d4e70 JavaThread "Connection worker"                 [_thread_blocked, id=11864, stack(0x000000c018b00000,0x000000c018c00000) (1024K)]
  0x000001c3ed703400 JavaThread "Connection worker"                 [_thread_blocked, id=46264, stack(0x000000c018c00000,0x000000c018d00000) (1024K)]
  0x000001c3f3f14820 JavaThread "Connection worker"                 [_thread_blocked, id=10004, stack(0x000000c018d00000,0x000000c018e00000) (1024K)]
  0x000001c3f3ef5bf0 JavaThread "Connection worker"                 [_thread_blocked, id=18736, stack(0x000000c019000000,0x000000c019100000) (1024K)]
  0x000001c3e27a7c00 JavaThread "pool-1284-thread-1"                [_thread_blocked, id=5988, stack(0x000000c019200000,0x000000c019300000) (1024K)]
  0x000001c3e27a6ee0 JavaThread "Connection worker"                 [_thread_blocked, id=45896, stack(0x000000c019300000,0x000000c019400000) (1024K)]
  0x000001c3ef349d00 JavaThread "Connection worker"                 [_thread_blocked, id=40364, stack(0x000000c019400000,0x000000c019500000) (1024K)]
  0x000001c3ef349670 JavaThread "Connection worker"                 [_thread_blocked, id=40120, stack(0x000000c019600000,0x000000c019700000) (1024K)]
  0x000001c3ef314150 JavaThread "Connection worker"                 [_thread_blocked, id=41048, stack(0x000000c019900000,0x000000c019a00000) (1024K)]
  0x000001c3ef32b760 JavaThread "Connection worker"                 [_thread_blocked, id=40360, stack(0x000000c019a00000,0x000000c019b00000) (1024K)]
  0x000001c3ef334e50 JavaThread "Connection worker"                 [_thread_blocked, id=50568, stack(0x000000c019b00000,0x000000c019c00000) (1024K)]
  0x000001c3ef33deb0 JavaThread "Connection worker"                 [_thread_blocked, id=50028, stack(0x000000c019c00000,0x000000c019d00000) (1024K)]
  0x000001c3e24c4ca0 JavaThread "Exec process"                      [_thread_in_native, id=38200, stack(0x000000c019d00000,0x000000c019e00000) (1024K)]
  0x000001c3f6d19a40 JavaThread "pool-1286-thread-1"                [_thread_blocked, id=16180, stack(0x000000c019f00000,0x000000c01a000000) (1024K)]
  0x000001c3f6f4df40 JavaThread "pool-1287-thread-1"                [_thread_blocked, id=1568, stack(0x000000c01a000000,0x000000c01a100000) (1024K)]
  0x000001c3e2e9d8f0 JavaThread "Connection worker"                 [_thread_blocked, id=15376, stack(0x000000c01a100000,0x000000c01a200000) (1024K)]
  0x000001c3f4f15910 JavaThread "Connection worker"                 [_thread_blocked, id=1480, stack(0x000000c01a200000,0x000000c01a300000) (1024K)]
  0x000001c3f5272e30 JavaThread "Connection worker"                 [_thread_blocked, id=12168, stack(0x000000c01a300000,0x000000c01a400000) (1024K)]
  0x000001c3ef20ca40 JavaThread "Exec process"                      [_thread_in_native, id=4716, stack(0x000000c01a400000,0x000000c01a500000) (1024K)]
  0x000001c3e1319440 JavaThread "Connection worker"                 [_thread_blocked, id=15624, stack(0x000000c01a500000,0x000000c01a600000) (1024K)]
  0x000001c3f5314510 JavaThread "pool-1288-thread-1"                [_thread_blocked, id=19984, stack(0x000000c01a600000,0x000000c01a700000) (1024K)]
  0x000001c3e0db5e80 JavaThread "Exec process Thread 2"             [_thread_blocked, id=20444, stack(0x000000c01a800000,0x000000c01a900000) (1024K)]
  0x000001c3da5eb5c0 JavaThread "Connection worker"                 [_thread_blocked, id=25368, stack(0x000000c01a900000,0x000000c01aa00000) (1024K)]
  0x000001c3f568ff90 JavaThread "pool-1289-thread-1"                [_thread_blocked, id=3368, stack(0x000000c01aa00000,0x000000c01ab00000) (1024K)]
  0x000001c3e283e210 JavaThread "pool-1290-thread-1"                [_thread_blocked, id=3356, stack(0x000000c01a700000,0x000000c01a800000) (1024K)]
  0x000001c3f7873a70 JavaThread "Connection worker"                 [_thread_blocked, id=20664, stack(0x000000c01ab00000,0x000000c01ac00000) (1024K)]
  0x000001c3e1746270 JavaThread "Exec process"                      [_thread_in_native, id=20364, stack(0x000000c01ac00000,0x000000c01ad00000) (1024K)]
  0x000001c421b4e4d0 JavaThread "pool-1291-thread-1"                [_thread_blocked, id=19188, stack(0x000000c01ad00000,0x000000c01ae00000) (1024K)]
  0x000001c421b4de40 JavaThread "pool-1292-thread-1"                [_thread_blocked, id=55504, stack(0x000000c01ae00000,0x000000c01af00000) (1024K)]
  0x000001c421b4bd70 JavaThread "pool-1293-thread-1"                [_thread_blocked, id=56052, stack(0x000000c01af00000,0x000000c01b000000) (1024K)]
  0x000001c421b4c400 JavaThread "Connection worker"                 [_thread_blocked, id=11848, stack(0x000000c01b000000,0x000000c01b100000) (1024K)]
  0x000001c421b4ca90 JavaThread "pool-1294-thread-1"                [_thread_blocked, id=25284, stack(0x000000c01b100000,0x000000c01b200000) (1024K)]
  0x000001c421b4eb60 JavaThread "Exec process"                      [_thread_in_native, id=33452, stack(0x000000c01b200000,0x000000c01b300000) (1024K)]
  0x000001c421b4d120 JavaThread "pool-1295-thread-1"                [_thread_blocked, id=53356, stack(0x000000c01b300000,0x000000c01b400000) (1024K)]
  0x000001c421b4b6e0 JavaThread "Connection worker"                 [_thread_blocked, id=25336, stack(0x000000c01b400000,0x000000c01b500000) (1024K)]
  0x000001c421b4d7b0 JavaThread "pool-1296-thread-1"                [_thread_blocked, id=22188, stack(0x000000c01b500000,0x000000c01b600000) (1024K)]
  0x000001c421b51950 JavaThread "Exec process"                      [_thread_in_native, id=24116, stack(0x000000c01b600000,0x000000c01b700000) (1024K)]
  0x000001c421b50c30 JavaThread "Exec process Thread 2"             [_thread_blocked, id=52380, stack(0x000000c01b800000,0x000000c01b900000) (1024K)]
  0x000001c421b51fe0 JavaThread "pool-1297-thread-1"                [_thread_blocked, id=23448, stack(0x000000c01b700000,0x000000c01b800000) (1024K)]
  0x000001c421b505a0 JavaThread "Connection worker"                 [_thread_blocked, id=19032, stack(0x000000c01b900000,0x000000c01ba00000) (1024K)]
  0x000001c421b52670 JavaThread "pool-1298-thread-1"                [_thread_blocked, id=14424, stack(0x000000c01ba00000,0x000000c01bb00000) (1024K)]
  0x000001c421b512c0 JavaThread "Exec process"                      [_thread_in_native, id=14140, stack(0x000000c01bb00000,0x000000c01bc00000) (1024K)]
  0x000001c421b4f1f0 JavaThread "pool-1299-thread-1"                [_thread_blocked, id=15080, stack(0x000000c01bc00000,0x000000c01bd00000) (1024K)]
  0x000001c421b4ff10 JavaThread "Exec process Thread 2"             [_thread_blocked, id=25344, stack(0x000000c01be00000,0x000000c01bf00000) (1024K)]
  0x000001c421b52d00 JavaThread "Connection worker"                 [_thread_blocked, id=23124, stack(0x000000c01bd00000,0x000000c01be00000) (1024K)]
  0x000001c421b4f880 JavaThread "Connection worker"                 [_thread_blocked, id=21052, stack(0x000000c01bf00000,0x000000c01c000000) (1024K)]
  0x000001c421b54dd0 JavaThread "Connection worker"                 [_thread_blocked, id=2636, stack(0x000000c01c000000,0x000000c01c100000) (1024K)]
  0x000001c421b54740 JavaThread "pool-1300-thread-1"                [_thread_blocked, id=10708, stack(0x000000c01c100000,0x000000c01c200000) (1024K)]
  0x000001c421b56810 JavaThread "Connection worker"                 [_thread_blocked, id=57684, stack(0x000000c01c200000,0x000000c01c300000) (1024K)]
  0x000001c421b53390 JavaThread "Connection worker"                 [_thread_blocked, id=15096, stack(0x000000c01c300000,0x000000c01c400000) (1024K)]
  0x000001c421b55460 JavaThread "pool-1301-thread-1"                [_thread_blocked, id=39640, stack(0x000000c01c600000,0x000000c01c700000) (1024K)]
  0x000001c421b56ea0 JavaThread "Exec process"                      [_thread_in_native, id=27892, stack(0x000000c01c400000,0x000000c01c500000) (1024K)]
  0x000001c421b57530 JavaThread "Exec process Thread 2"             [_thread_blocked, id=3032, stack(0x000000c01c800000,0x000000c01c900000) (1024K)]
  0x000001c421b55af0 JavaThread "pool-1302-thread-1"                [_thread_blocked, id=23612, stack(0x000000c01c900000,0x000000c01ca00000) (1024K)]
  0x000001c421b540b0 JavaThread "pool-1303-thread-1"                [_thread_blocked, id=13564, stack(0x000000c01ca00000,0x000000c01cb00000) (1024K)]
  0x000001c421b53a20 JavaThread "pool-1304-thread-1"                [_thread_blocked, id=58636, stack(0x000000c01c700000,0x000000c01c800000) (1024K)]
  0x000001c421b58250 JavaThread "Connection worker"                 [_thread_blocked, id=3968, stack(0x000000c01cb00000,0x000000c01cc00000) (1024K)]
  0x000001c421b5a320 JavaThread "pool-1305-thread-1"                [_thread_blocked, id=42440, stack(0x000000c01cc00000,0x000000c01cd00000) (1024K)]
  0x000001c421b5a9b0 JavaThread "pool-1306-thread-1"                [_thread_blocked, id=4612, stack(0x000000c01cd00000,0x000000c01ce00000) (1024K)]
  0x000001c421b588e0 JavaThread "pool-1307-thread-1"                [_thread_blocked, id=38976, stack(0x000000c01ce00000,0x000000c01cf00000) (1024K)]
  0x000001c421b5b040 JavaThread "Exec process"                      [_thread_in_native, id=28404, stack(0x000000c01cf00000,0x000000c01d000000) (1024K)]
  0x000001c421b57bc0 JavaThread "Connection worker"                 [_thread_blocked, id=28516, stack(0x000000c01d000000,0x000000c01d100000) (1024K)]
  0x000001c421b59600 JavaThread "Connection worker"                 [_thread_blocked, id=39356, stack(0x000000c01d100000,0x000000c01d200000) (1024K)]
  0x000001c421b59c90 JavaThread "pool-1308-thread-1"                [_thread_blocked, id=12736, stack(0x000000c01d200000,0x000000c01d300000) (1024K)]
  0x000001c421b5b6d0 JavaThread "pool-1309-thread-1"                [_thread_blocked, id=53528, stack(0x000000c01d300000,0x000000c01d400000) (1024K)]
  0x000001c421b5bd60 JavaThread "Connection worker"                 [_thread_blocked, id=15988, stack(0x000000c01d400000,0x000000c01d500000) (1024K)]
  0x000001c421b5c3f0 JavaThread "pool-1310-thread-1"                [_thread_blocked, id=28552, stack(0x000000c01d500000,0x000000c01d600000) (1024K)]
  0x000001c421b5f870 JavaThread "Exec process Thread 2"             [_thread_blocked, id=42888, stack(0x000000c01d700000,0x000000c01d800000) (1024K)]
  0x000001c421b58f70 JavaThread "Connection worker"                 [_thread_blocked, id=48768, stack(0x000000c01d600000,0x000000c01d700000) (1024K)]
  0x000001c421b5d110 JavaThread "Exec process"                      [_thread_in_native, id=43640, stack(0x000000c01d800000,0x000000c01d900000) (1024K)]
  0x000001c421b5e4c0 JavaThread "pool-1311-thread-1"                [_thread_blocked, id=57348, stack(0x000000c01d900000,0x000000c01da00000) (1024K)]
  0x000001c421b5de30 JavaThread "Exec process Thread 2"             [_thread_blocked, id=44548, stack(0x000000c01db00000,0x000000c01dc00000) (1024K)]
  0x000001c421b5eb50 JavaThread "Connection worker"                 [_thread_blocked, id=6324, stack(0x000000c01dc00000,0x000000c01dd00000) (1024K)]
  0x000001c421b5ff00 JavaThread "Exec process"                      [_thread_in_native, id=24360, stack(0x000000c01da00000,0x000000c01db00000) (1024K)]
  0x000001c421b5d7a0 JavaThread "Exec process Thread 2"             [_thread_blocked, id=21844, stack(0x000000c01de00000,0x000000c01df00000) (1024K)]
  0x000001c421b60c20 JavaThread "pool-1312-thread-1"                [_thread_blocked, id=15156, stack(0x000000c01df00000,0x000000c01e000000) (1024K)]
  0x000001c421b5ca80 JavaThread "Exec process"                      [_thread_in_native, id=17388, stack(0x000000c01dd00000,0x000000c01de00000) (1024K)]
  0x000001c421b612b0 JavaThread "pool-1313-thread-1"                [_thread_blocked, id=31736, stack(0x000000c01e000000,0x000000c01e100000) (1024K)]
  0x000001c421b60590 JavaThread "Connection worker"                 [_thread_blocked, id=53344, stack(0x000000c01e100000,0x000000c01e200000) (1024K)]
  0x000001c421b61940 JavaThread "Connection worker"                 [_thread_blocked, id=20276, stack(0x000000c01e200000,0x000000c01e300000) (1024K)]
  0x000001c421b5f1e0 JavaThread "pool-1314-thread-1"                [_thread_blocked, id=4092, stack(0x000000c01e400000,0x000000c01e500000) (1024K)]
  0x000001c421b62cf0 JavaThread "Exec process Thread 2"             [_thread_blocked, id=19876, stack(0x000000c01e500000,0x000000c01e600000) (1024K)]
  0x000001c421b64730 JavaThread "pool-1315-thread-1"                [_thread_blocked, id=18080, stack(0x000000c01e300000,0x000000c01e400000) (1024K)]
  0x000001c421b63a10 JavaThread "Connection worker"                 [_thread_blocked, id=16668, stack(0x000000c01e700000,0x000000c01e800000) (1024K)]
  0x000001c421b640a0 JavaThread "pool-1316-thread-1"                [_thread_blocked, id=38572, stack(0x000000c01e800000,0x000000c01e900000) (1024K)]
  0x000001c421b63380 JavaThread "Connection worker"                 [_thread_blocked, id=52880, stack(0x000000c01e900000,0x000000c01ea00000) (1024K)]
  0x000001c421b65450 JavaThread "Exec process Thread 2"             [_thread_blocked, id=53352, stack(0x000000c01ea00000,0x000000c01eb00000) (1024K)]
  0x000001c421b61fd0 JavaThread "Exec process"                      [_thread_in_native, id=54184, stack(0x000000c01eb00000,0x000000c01ec00000) (1024K)]
  0x000001c421b62660 JavaThread "pool-1317-thread-1"                [_thread_blocked, id=22124, stack(0x000000c01ec00000,0x000000c01ed00000) (1024K)]
  0x000001c421b67bb0 JavaThread "Connection worker"                 [_thread_blocked, id=56636, stack(0x000000c01ed00000,0x000000c01ee00000) (1024K)]
  0x000001c421b68f60 JavaThread "pool-1318-thread-1"                [_thread_blocked, id=43440, stack(0x000000c01ee00000,0x000000c01ef00000) (1024K)]
  0x000001c421b67520 JavaThread "Connection worker"                 [_thread_blocked, id=53412, stack(0x000000c01ef00000,0x000000c01f000000) (1024K)]
  0x000001c421b688d0 JavaThread "pool-1319-thread-1"                [_thread_blocked, id=27956, stack(0x000000c01f000000,0x000000c01f100000) (1024K)]
  0x000001c421b65ae0 JavaThread "pool-1320-thread-1"                [_thread_blocked, id=52892, stack(0x000000c01f100000,0x000000c01f200000) (1024K)]
  0x000001c421b695f0 JavaThread "Exec process"                      [_thread_in_native, id=39388, stack(0x000000c01f200000,0x000000c01f300000) (1024K)]
  0x000001c421b66170 JavaThread "pool-1321-thread-1"                [_thread_blocked, id=47340, stack(0x000000c01f300000,0x000000c01f400000) (1024K)]
  0x000001c421b66800 JavaThread "pool-1322-thread-1"                [_thread_blocked, id=38832, stack(0x000000c01f400000,0x000000c01f500000) (1024K)]
  0x000001c421b66e90 JavaThread "pool-1323-thread-1"                [_thread_blocked, id=48504, stack(0x000000c01f800000,0x000000c01f900000) (1024K)]
  0x000001c421b6d100 JavaThread "pool-1324-thread-1"                [_thread_blocked, id=31584, stack(0x000000c01f900000,0x000000c01fa00000) (1024K)]
  0x000001c421b6b6c0 JavaThread "pool-1325-thread-1"                [_thread_blocked, id=48324, stack(0x000000c01fa00000,0x000000c01fb00000) (1024K)]
  0x000001c421b6bd50 JavaThread "Connection worker"                 [_thread_blocked, id=40004, stack(0x000000c01fb00000,0x000000c01fc00000) (1024K)]
  0x000001c421b6de20 JavaThread "pool-1326-thread-1"                [_thread_blocked, id=49520, stack(0x000000c01fd00000,0x000000c01fe00000) (1024K)]
  0x000001c421b6a9a0 JavaThread "Connection worker"                 [_thread_blocked, id=49768, stack(0x000000c01fe00000,0x000000c01ff00000) (1024K)]
  0x000001c421b6c3e0 JavaThread "pool-1327-thread-1"                [_thread_blocked, id=49892, stack(0x000000c01ff00000,0x000000c020000000) (1024K)]
  0x000001c421b6d790 JavaThread "pool-1328-thread-1"                [_thread_blocked, id=50052, stack(0x000000c020000000,0x000000c020100000) (1024K)]
  0x000001c421b6ca70 JavaThread "Connection worker"                 [_thread_blocked, id=45696, stack(0x000000c020300000,0x000000c020400000) (1024K)]
  0x000001c421b6eb40 JavaThread "pool-1332-thread-1"                [_thread_blocked, id=51268, stack(0x000000c020600000,0x000000c020700000) (1024K)]
  0x000001c421b70c10 JavaThread "pool-1333-thread-1"                [_thread_blocked, id=51372, stack(0x000000c020700000,0x000000c020800000) (1024K)]
  0x000001c421b71930 JavaThread "pool-1335-thread-1"                [_thread_blocked, id=39268, stack(0x000000c020900000,0x000000c020a00000) (1024K)]
  0x000001c421b6e4b0 JavaThread "Connection worker"                 [_thread_blocked, id=49924, stack(0x000000c020a00000,0x000000c020b00000) (1024K)]
  0x000001c421b75440 JavaThread "Connection worker"                 [_thread_blocked, id=49432, stack(0x000000c020b00000,0x000000c020c00000) (1024K)]
  0x000001c421b74090 JavaThread "Connection worker"                 [_thread_blocked, id=52084, stack(0x000000c020c00000,0x000000c020d00000) (1024K)]
  0x000001c421b74720 JavaThread "Connection worker"                 [_thread_blocked, id=58732, stack(0x000000c020d00000,0x000000c020e00000) (1024K)]
  0x000001c421b74db0 JavaThread "Connection worker"                 [_thread_blocked, id=38364, stack(0x000000c020e00000,0x000000c020f00000) (1024K)]
  0x000001c421b72650 JavaThread "Connection worker"                 [_thread_blocked, id=58452, stack(0x000000c020f00000,0x000000c021000000) (1024K)]
  0x000001c421b73370 JavaThread "Connection worker"                 [_thread_blocked, id=47144, stack(0x000000c021000000,0x000000c021100000) (1024K)]
  0x000001c421b71fc0 JavaThread "Connection worker"                 [_thread_blocked, id=11900, stack(0x000000c021100000,0x000000c021200000) (1024K)]
  0x000001c421b73a00 JavaThread "Connection worker"                 [_thread_blocked, id=8836, stack(0x000000c021200000,0x000000c021300000) (1024K)]
  0x000001c421b75ad0 JavaThread "pool-1336-thread-1"                [_thread_blocked, id=47688, stack(0x000000c021300000,0x000000c021400000) (1024K)]
  0x000001c421b76160 JavaThread "Connection worker"                 [_thread_blocked, id=48508, stack(0x000000c021400000,0x000000c021500000) (1024K)]
  0x000001c421b72ce0 JavaThread "pool-1337-thread-1"                [_thread_blocked, id=48760, stack(0x000000c021500000,0x000000c021600000) (1024K)]
  0x000001c421b77ba0 JavaThread "Connection worker"                 [_thread_blocked, id=53704, stack(0x000000c021600000,0x000000c021700000) (1024K)]
  0x000001c421b77510 JavaThread "pool-1338-thread-1"                [_thread_blocked, id=46052, stack(0x000000c021700000,0x000000c021800000) (1024K)]
  0x000001c421b78230 JavaThread "Connection worker"                 [_thread_blocked, id=15312, stack(0x000000c021800000,0x000000c021900000) (1024K)]
  0x000001c421b788c0 JavaThread "pool-1339-thread-1"                [_thread_blocked, id=55524, stack(0x000000c021900000,0x000000c021a00000) (1024K)]
  0x000001c421b767f0 JavaThread "pool-1340-thread-1"                [_thread_blocked, id=55476, stack(0x000000c021a00000,0x000000c021b00000) (1024K)]
  0x000001c421b78f50 JavaThread "Connection worker"                 [_thread_blocked, id=45508, stack(0x000000c021b00000,0x000000c021c00000) (1024K)]
  0x000001c421b795e0 JavaThread "pool-1341-thread-1"                [_thread_blocked, id=51544, stack(0x000000c021c00000,0x000000c021d00000) (1024K)]
  0x000001c421b79c70 JavaThread "pool-1343-thread-1"                [_thread_blocked, id=56200, stack(0x000000c021d00000,0x000000c021e00000) (1024K)]
  0x000001c421b7a300 JavaThread "pool-1342-thread-1"                [_thread_blocked, id=50776, stack(0x000000c022000000,0x000000c022100000) (1024K)]
  0x000001c421b76e80 JavaThread "Connection worker"                 [_thread_blocked, id=4144, stack(0x000000c022100000,0x000000c022200000) (1024K)]
  0x000001c421b7d0f0 JavaThread "Connection worker"                 [_thread_blocked, id=38656, stack(0x000000c022200000,0x000000c022300000) (1024K)]
  0x000001c421b7bd40 JavaThread "pool-1344-thread-1"                [_thread_blocked, id=26572, stack(0x000000c022300000,0x000000c022400000) (1024K)]
  0x000001c421b7d780 JavaThread "pool-1345-thread-1"                [_thread_blocked, id=46676, stack(0x000000c022400000,0x000000c022500000) (1024K)]
  0x000001c421b7ca60 JavaThread "pool-1346-thread-1"                [_thread_blocked, id=49700, stack(0x000000c022500000,0x000000c022600000) (1024K)]
  0x000001c421b7de10 JavaThread "pool-1347-thread-1"                [_thread_blocked, id=15300, stack(0x000000c022600000,0x000000c022700000) (1024K)]
  0x000001c421b7c3d0 JavaThread "pool-1348-thread-1"                [_thread_blocked, id=54232, stack(0x000000c022700000,0x000000c022800000) (1024K)]
  0x000001c421b7a990 JavaThread "pool-1349-thread-1"                [_thread_blocked, id=38476, stack(0x000000c022800000,0x000000c022900000) (1024K)]
  0x000001c421b7e4a0 JavaThread "pool-1350-thread-1"                [_thread_blocked, id=47132, stack(0x000000c022900000,0x000000c022a00000) (1024K)]
  0x000001c421b7b6b0 JavaThread "Exec process"                      [_thread_in_native, id=22588, stack(0x000000c022a00000,0x000000c022b00000) (1024K)]
  0x000001c421b7b020 JavaThread "Connection worker"                 [_thread_blocked, id=52292, stack(0x000000c022b00000,0x000000c022c00000) (1024K)]
  0x000001c421b7eb30 JavaThread "Connection worker"                 [_thread_blocked, id=49608, stack(0x000000c022c00000,0x000000c022d00000) (1024K)]
  0x000001c421b7f1c0 JavaThread "Connection worker"                 [_thread_blocked, id=38060, stack(0x000000c022d00000,0x000000c022e00000) (1024K)]
  0x000001c421b7f850 JavaThread "pool-1351-thread-1"                [_thread_blocked, id=57612, stack(0x000000c022e00000,0x000000c022f00000) (1024K)]
  0x000001c421b82640 JavaThread "Connection worker"                 [_thread_blocked, id=57340, stack(0x000000c022f00000,0x000000c023000000) (1024K)]
  0x000001c421b80c00 JavaThread "Connection worker"                 [_thread_blocked, id=7968, stack(0x000000c023000000,0x000000c023100000) (1024K)]
  0x000001c421b80570 JavaThread "Connection worker"                 [_thread_blocked, id=22972, stack(0x000000c023100000,0x000000c023200000) (1024K)]
  0x000001c421b81290 JavaThread "Connection worker"                 [_thread_blocked, id=22536, stack(0x000000c023200000,0x000000c023300000) (1024K)]
  0x000001c421b83360 JavaThread "Connection worker"                 [_thread_blocked, id=25548, stack(0x000000c023300000,0x000000c023400000) (1024K)]
  0x000001c421b82cd0 JavaThread "Connection worker"                 [_thread_blocked, id=12544, stack(0x000000c023400000,0x000000c023500000) (1024K)]
  0x000001c421b7fee0 JavaThread "pool-1352-thread-1"                [_thread_blocked, id=9728, stack(0x000000c023500000,0x000000c023600000) (1024K)]
  0x000001c421b84080 JavaThread "pool-1353-thread-1"                [_thread_blocked, id=20348, stack(0x000000c023600000,0x000000c023700000) (1024K)]
  0x000001c421b84da0 JavaThread "pool-1354-thread-1"                [_thread_blocked, id=24964, stack(0x000000c023700000,0x000000c023800000) (1024K)]
  0x000001c421b81920 JavaThread "Connection worker"                 [_thread_blocked, id=3404, stack(0x000000c023800000,0x000000c023900000) (1024K)]
  0x000001c421b839f0 JavaThread "pool-1355-thread-1"                [_thread_blocked, id=21080, stack(0x000000c023900000,0x000000c023a00000) (1024K)]
  0x000001c421b84710 JavaThread "Connection worker"                 [_thread_blocked, id=23596, stack(0x000000c023a00000,0x000000c023b00000) (1024K)]
  0x000001c421b85430 JavaThread "Connection worker"                 [_thread_blocked, id=46904, stack(0x000000c023b00000,0x000000c023c00000) (1024K)]
  0x000001c421b81fb0 JavaThread "pool-1356-thread-1"                [_thread_blocked, id=8480, stack(0x000000c023c00000,0x000000c023d00000) (1024K)]
  0x000001c421b867e0 JavaThread "Connection worker"                 [_thread_blocked, id=21232, stack(0x000000c023d00000,0x000000c023e00000) (1024K)]
  0x000001c421b88f40 JavaThread "Connection worker"                 [_thread_blocked, id=6064, stack(0x000000c023e00000,0x000000c023f00000) (1024K)]
  0x000001c421b86e70 JavaThread "Connection worker"                 [_thread_blocked, id=5232, stack(0x000000c023f00000,0x000000c024000000) (1024K)]
  0x000001c421b87500 JavaThread "Connection worker"                 [_thread_blocked, id=15288, stack(0x000000c024000000,0x000000c024100000) (1024K)]
  0x000001c421b87b90 JavaThread "Connection worker"                 [_thread_blocked, id=23688, stack(0x000000c024100000,0x000000c024200000) (1024K)]
  0x000001c421b88220 JavaThread "pool-1357-thread-1"                [_thread_blocked, id=24316, stack(0x000000c024200000,0x000000c024300000) (1024K)]
  0x000001c421b85ac0 JavaThread "Connection worker"                 [_thread_blocked, id=23824, stack(0x000000c024300000,0x000000c024400000) (1024K)]
  0x000001c421b888b0 JavaThread "pool-1358-thread-1"                [_thread_blocked, id=25308, stack(0x000000c024400000,0x000000c024500000) (1024K)]
  0x000001c421b895d0 JavaThread "pool-1359-thread-1"                [_thread_blocked, id=20908, stack(0x000000c024500000,0x000000c024600000) (1024K)]
  0x000001c421b86150 JavaThread "Connection worker"                 [_thread_blocked, id=11600, stack(0x000000c024600000,0x000000c024700000) (1024K)]
  0x000001c421b89c60 JavaThread "pool-1360-thread-1"                [_thread_blocked, id=15616, stack(0x000000c024700000,0x000000c024800000) (1024K)]
  0x000001c421b8a980 JavaThread "Connection worker"                 [_thread_blocked, id=17760, stack(0x000000c024800000,0x000000c024900000) (1024K)]
  0x000001c421b8b010 JavaThread "Connection worker"                 [_thread_blocked, id=21296, stack(0x000000c024900000,0x000000c024a00000) (1024K)]
  0x000001c421b8a2f0 JavaThread "Connection worker"                 [_thread_blocked, id=8832, stack(0x000000c024a00000,0x000000c024b00000) (1024K)]
  0x000001c421b8b6a0 JavaThread "pool-1361-thread-1"                [_thread_blocked, id=9872, stack(0x000000c024b00000,0x000000c024c00000) (1024K)]
  0x000001c42121f260 JavaThread "Connection worker"                 [_thread_blocked, id=24980, stack(0x000000c024c00000,0x000000c024d00000) (1024K)]
  0x000001c42121deb0 JavaThread "pool-1362-thread-1"                [_thread_blocked, id=20108, stack(0x000000c024d00000,0x000000c024e00000) (1024K)]
  0x000001c42121e540 JavaThread "Connection worker"                 [_thread_blocked, id=5968, stack(0x000000c024e00000,0x000000c024f00000) (1024K)]
  0x000001c42121ebd0 JavaThread "pool-1363-thread-1"                [_thread_blocked, id=15588, stack(0x000000c024f00000,0x000000c025000000) (1024K)]
  0x000001c42121f8f0 JavaThread "Connection worker"                 [_thread_blocked, id=25504, stack(0x000000c025000000,0x000000c025100000) (1024K)]
  0x000001c42121c470 JavaThread "pool-1364-thread-1"                [_thread_blocked, id=16492, stack(0x000000c025100000,0x000000c025200000) (1024K)]
  0x000001c42121ff80 JavaThread "pool-1365-thread-1"                [_thread_blocked, id=5424, stack(0x000000c025200000,0x000000c025300000) (1024K)]
  0x000001c42121cb00 JavaThread "Connection worker"                 [_thread_blocked, id=13280, stack(0x000000c025300000,0x000000c025400000) (1024K)]
  0x000001c421220610 JavaThread "Connection worker"                 [_thread_blocked, id=15816, stack(0x000000c025400000,0x000000c025500000) (1024K)]
  0x000001c42121d190 JavaThread "pool-1366-thread-1"                [_thread_blocked, id=7948, stack(0x000000c025500000,0x000000c025600000) (1024K)]
  0x000001c42121d820 JavaThread "Connection worker"                 [_thread_blocked, id=24436, stack(0x000000c025600000,0x000000c025700000) (1024K)]
  0x000001c421224120 JavaThread "Connection worker"                 [_thread_blocked, id=38792, stack(0x000000c025700000,0x000000c025800000) (1024K)]
  0x000001c421220ca0 JavaThread "pool-1367-thread-1"                [_thread_blocked, id=46308, stack(0x000000c025800000,0x000000c025900000) (1024K)]
  0x000001c4212247b0 JavaThread "Connection worker"                 [_thread_blocked, id=52764, stack(0x000000c025900000,0x000000c025a00000) (1024K)]
  0x000001c421221330 JavaThread "Connection worker"                 [_thread_blocked, id=7856, stack(0x000000c025a00000,0x000000c025b00000) (1024K)]
  0x000001c4212226e0 JavaThread "pool-1368-thread-1"                [_thread_blocked, id=51676, stack(0x000000c025b00000,0x000000c025c00000) (1024K)]
  0x000001c421224e40 JavaThread "Connection worker"                 [_thread_blocked, id=9788, stack(0x000000c025c00000,0x000000c025d00000) (1024K)]
  0x000001c4212219c0 JavaThread "Connection worker"                 [_thread_blocked, id=52204, stack(0x000000c025d00000,0x000000c025e00000) (1024K)]
  0x000001c421222d70 JavaThread "pool-1369-thread-1"                [_thread_blocked, id=29820, stack(0x000000c025e00000,0x000000c025f00000) (1024K)]
  0x000001c4212254d0 JavaThread "Connection worker"                 [_thread_blocked, id=44220, stack(0x000000c025f00000,0x000000c026000000) (1024K)]
  0x000001c421222050 JavaThread "pool-1370-thread-1"                [_thread_blocked, id=45352, stack(0x000000c026000000,0x000000c026100000) (1024K)]
  0x000001c421225b60 JavaThread "Connection worker"                 [_thread_blocked, id=45964, stack(0x000000c026100000,0x000000c026200000) (1024K)]
  0x000001c421223400 JavaThread "Connection worker"                 [_thread_blocked, id=49436, stack(0x000000c026200000,0x000000c026300000) (1024K)]
  0x000001c4212261f0 JavaThread "Connection worker"                 [_thread_blocked, id=45684, stack(0x000000c026300000,0x000000c026400000) (1024K)]
  0x000001c421226880 JavaThread "Connection worker"                 [_thread_blocked, id=50920, stack(0x000000c026400000,0x000000c026500000) (1024K)]
  0x000001c421226f10 JavaThread "pool-1371-thread-1"                [_thread_blocked, id=49540, stack(0x000000c026500000,0x000000c026600000) (1024K)]
  0x000001c421223a90 JavaThread "pool-1372-thread-1"                [_thread_blocked, id=53284, stack(0x000000c026600000,0x000000c026700000) (1024K)]
  0x000001c42122aa20 JavaThread "pool-1373-thread-1"                [_thread_blocked, id=42728, stack(0x000000c026700000,0x000000c026800000) (1024K)]
  0x000001c421228950 JavaThread "Connection worker"                 [_thread_blocked, id=49412, stack(0x000000c026800000,0x000000c026900000) (1024K)]
  0x000001c42122a390 JavaThread "Connection worker"                 [_thread_blocked, id=50372, stack(0x000000c026900000,0x000000c026a00000) (1024K)]
  0x000001c421228fe0 JavaThread "pool-1374-thread-1"                [_thread_blocked, id=42356, stack(0x000000c026a00000,0x000000c026b00000) (1024K)]
  0x000001c4212282c0 JavaThread "Connection worker"                 [_thread_blocked, id=44508, stack(0x000000c026b00000,0x000000c026c00000) (1024K)]
  0x000001c4212275a0 JavaThread "pool-1375-thread-1"                [_thread_blocked, id=47604, stack(0x000000c026c00000,0x000000c026d00000) (1024K)]
  0x000001c421229670 JavaThread "Connection worker"                 [_thread_blocked, id=38892, stack(0x000000c026d00000,0x000000c026e00000) (1024K)]
  0x000001c42122b0b0 JavaThread "Connection worker"                 [_thread_blocked, id=52860, stack(0x000000c026e00000,0x000000c026f00000) (1024K)]
  0x000001c421229d00 JavaThread "pool-1376-thread-1"                [_thread_blocked, id=23988, stack(0x000000c026f00000,0x000000c027000000) (1024K)]
  0x000001c421227c30 JavaThread "Connection worker"                 [_thread_blocked, id=15836, stack(0x000000c027000000,0x000000c027100000) (1024K)]
  0x000001c42122dea0 JavaThread "pool-1377-thread-1"                [_thread_blocked, id=45168, stack(0x000000c027100000,0x000000c027200000) (1024K)]
  0x000001c42122d810 JavaThread "pool-1378-thread-1"                [_thread_blocked, id=49464, stack(0x000000c027200000,0x000000c027300000) (1024K)]
  0x000001c42122ebc0 JavaThread "Exec process Thread 2"             [_thread_blocked, id=7592, stack(0x000000c027400000,0x000000c027500000) (1024K)]
  0x000001c42122caf0 JavaThread "Connection worker"                 [_thread_blocked, id=48140, stack(0x000000c027300000,0x000000c027400000) (1024K)]
  0x000001c42122d180 JavaThread "pool-1379-thread-1"                [_thread_blocked, id=47016, stack(0x000000c027500000,0x000000c027600000) (1024K)]
  0x000001c42122e530 JavaThread "Connection worker"                 [_thread_blocked, id=47692, stack(0x000000c027600000,0x000000c027700000) (1024K)]
  0x000001c42122c460 JavaThread "Exec process"                      [_thread_in_native, id=51636, stack(0x000000c027700000,0x000000c027800000) (1024K)]
  0x000001c42122b740 JavaThread "pool-1380-thread-1"                [_thread_blocked, id=39496, stack(0x000000c027800000,0x000000c027900000) (1024K)]
  0x000001c42122f250 JavaThread "Connection worker"                 [_thread_blocked, id=57308, stack(0x000000c027900000,0x000000c027a00000) (1024K)]
  0x000001c42122bdd0 JavaThread "Connection worker"                 [_thread_blocked, id=2152, stack(0x000000c027a00000,0x000000c027b00000) (1024K)]
  0x000001c421231320 JavaThread "Connection worker"                 [_thread_blocked, id=43776, stack(0x000000c027b00000,0x000000c027c00000) (1024K)]
  0x000001c4212319b0 JavaThread "pool-1381-thread-1"                [_thread_blocked, id=54972, stack(0x000000c027c00000,0x000000c027d00000) (1024K)]
  0x000001c421232040 JavaThread "Connection worker"                 [_thread_blocked, id=25484, stack(0x000000c027d00000,0x000000c027e00000) (1024K)]
  0x000001c4212326d0 JavaThread "Connection worker"                 [_thread_blocked, id=21932, stack(0x000000c027e00000,0x000000c027f00000) (1024K)]
  0x000001c421232d60 JavaThread "Connection worker"                 [_thread_blocked, id=27068, stack(0x000000c027f00000,0x000000c028000000) (1024K)]
  0x000001c42122f8e0 JavaThread "pool-1382-thread-1"                [_thread_blocked, id=38164, stack(0x000000c028000000,0x000000c028100000) (1024K)]
  0x000001c4212333f0 JavaThread "pool-1383-thread-1"                [_thread_blocked, id=40856, stack(0x000000c028100000,0x000000c028200000) (1024K)]
  0x000001c42122ff70 JavaThread "Connection worker"                 [_thread_blocked, id=22468, stack(0x000000c028200000,0x000000c028300000) (1024K)]
  0x000001c421233a80 JavaThread "pool-1384-thread-1"                [_thread_blocked, id=40084, stack(0x000000c028300000,0x000000c028400000) (1024K)]
  0x000001c421230600 JavaThread "Connection worker"                 [_thread_blocked, id=56044, stack(0x000000c028400000,0x000000c028500000) (1024K)]
  0x000001c421230c90 JavaThread "pool-1385-thread-1"                [_thread_blocked, id=19940, stack(0x000000c028500000,0x000000c028600000) (1024K)]
  0x000001c421235b50 JavaThread "Connection worker"                 [_thread_blocked, id=49204, stack(0x000000c028600000,0x000000c028700000) (1024K)]
  0x000001c421234110 JavaThread "Connection worker"                 [_thread_blocked, id=23516, stack(0x000000c028700000,0x000000c028800000) (1024K)]
  0x000001c4212361e0 JavaThread "Connection worker"                 [_thread_blocked, id=40192, stack(0x000000c028800000,0x000000c028900000) (1024K)]
  0x000001c4212347a0 JavaThread "Connection worker"                 [_thread_blocked, id=56036, stack(0x000000c028900000,0x000000c028a00000) (1024K)]
  0x000001c4212354c0 JavaThread "Exec process Thread 2"             [_thread_blocked, id=14724, stack(0x000000c028b00000,0x000000c028c00000) (1024K)]
  0x000001c421236870 JavaThread "Exec process"                      [_thread_in_native, id=29256, stack(0x000000c028c00000,0x000000c028d00000) (1024K)]
  0x000001c421234e30 JavaThread "pool-1386-thread-1"                [_thread_blocked, id=41148, stack(0x000000c028a00000,0x000000c028b00000) (1024K)]
  0x000001c421239660 JavaThread "Connection worker"                 [_thread_blocked, id=24032, stack(0x000000c028d00000,0x000000c028e00000) (1024K)]
  0x000001c421238fd0 JavaThread "pool-1387-thread-1"                [_thread_blocked, id=14400, stack(0x000000c028e00000,0x000000c028f00000) (1024K)]
  0x000001c421239cf0 JavaThread "Connection worker"                 [_thread_blocked, id=53688, stack(0x000000c028f00000,0x000000c029000000) (1024K)]
  0x000001c421238940 JavaThread "Connection worker"                 [_thread_blocked, id=58256, stack(0x000000c029000000,0x000000c029100000) (1024K)]
  0x000001c42123a380 JavaThread "pool-1388-thread-1"                [_thread_blocked, id=39444, stack(0x000000c029100000,0x000000c029200000) (1024K)]
  0x000001c421236f00 JavaThread "Connection worker"                 [_thread_blocked, id=13760, stack(0x000000c029200000,0x000000c029300000) (1024K)]
  0x000001c42123aa10 JavaThread "Connection worker"                 [_thread_blocked, id=58552, stack(0x000000c029300000,0x000000c029400000) (1024K)]
  0x000001c421237590 JavaThread "Connection worker"                 [_thread_blocked, id=58536, stack(0x000000c029400000,0x000000c029500000) (1024K)]
  0x000001c42123b0a0 JavaThread "Connection worker"                 [_thread_blocked, id=19332, stack(0x000000c029500000,0x000000c029600000) (1024K)]
  0x000001c421237c20 JavaThread "Connection worker"                 [_thread_blocked, id=26696, stack(0x000000c029600000,0x000000c029700000) (1024K)]
  0x000001c42123e520 JavaThread "Exec process Thread 2"             [_thread_blocked, id=22680, stack(0x000000c029800000,0x000000c029900000) (1024K)]
  0x000001c42123d800 JavaThread "Exec process"                      [_thread_in_native, id=11196, stack(0x000000c029900000,0x000000c029a00000) (1024K)]
  0x000001c42123b730 JavaThread "pool-1389-thread-1"                [_thread_blocked, id=2728, stack(0x000000c029700000,0x000000c029800000) (1024K)]
  0x000001c4212382b0 JavaThread "Connection worker"                 [_thread_blocked, id=52876, stack(0x000000c029a00000,0x000000c029b00000) (1024K)]
  0x000001c42123bdc0 JavaThread "pool-1390-thread-1"                [_thread_blocked, id=39832, stack(0x000000c029b00000,0x000000c029c00000) (1024K)]
  0x000001c42123de90 JavaThread "Connection worker"                 [_thread_blocked, id=54340, stack(0x000000c029c00000,0x000000c029d00000) (1024K)]
  0x000001c42123c450 JavaThread "Connection worker"                 [_thread_blocked, id=1668, stack(0x000000c029d00000,0x000000c029e00000) (1024K)]
  0x000001c42123cae0 JavaThread "Connection worker"                 [_thread_blocked, id=40148, stack(0x000000c029e00000,0x000000c029f00000) (1024K)]
  0x000001c42123ff60 JavaThread "Connection worker"                 [_thread_blocked, id=39308, stack(0x000000c029f00000,0x000000c02a000000) (1024K)]
  0x000001c42123f240 JavaThread "Connection worker"                 [_thread_blocked, id=56076, stack(0x000000c02a000000,0x000000c02a100000) (1024K)]
  0x000001c42123ebb0 JavaThread "Connection worker"                 [_thread_blocked, id=54816, stack(0x000000c02a100000,0x000000c02a200000) (1024K)]
  0x000001c42123f8d0 JavaThread "pool-1391-thread-1"                [_thread_blocked, id=54508, stack(0x000000c02a200000,0x000000c02a300000) (1024K)]
  0x000001c4212405f0 JavaThread "Connection worker"                 [_thread_blocked, id=48072, stack(0x000000c02a300000,0x000000c02a400000) (1024K)]
  0x000001c42123d170 JavaThread "Connection worker"                 [_thread_blocked, id=50124, stack(0x000000c02a400000,0x000000c02a500000) (1024K)]
  0x000001c421242030 JavaThread "pool-1392-thread-1"                [_thread_blocked, id=15920, stack(0x000000c02a500000,0x000000c02a600000) (1024K)]
  0x000001c421240c80 JavaThread "Connection worker"                 [_thread_blocked, id=51472, stack(0x000000c02a600000,0x000000c02a700000) (1024K)]
  0x000001c4212426c0 JavaThread "Connection worker"                 [_thread_blocked, id=56616, stack(0x000000c02a700000,0x000000c02a800000) (1024K)]
  0x000001c421241310 JavaThread "pool-1393-thread-1"                [_thread_blocked, id=23152, stack(0x000000c02a800000,0x000000c02a900000) (1024K)]
  0x000001c4212419a0 JavaThread "Connection worker"                 [_thread_blocked, id=52972, stack(0x000000c02a900000,0x000000c02aa00000) (1024K)]
  0x000001c421203420 JavaThread "Connection worker"                 [_thread_blocked, id=42036, stack(0x000000c02aa00000,0x000000c02ab00000) (1024K)]
  0x000001c421203ab0 JavaThread "pool-1394-thread-1"                [_thread_blocked, id=44028, stack(0x000000c02ab00000,0x000000c02ac00000) (1024K)]
  0x000001c421204140 JavaThread "pool-1395-thread-1"                [_thread_blocked, id=56776, stack(0x000000c02ac00000,0x000000c02ad00000) (1024K)]
  0x000001c4212047d0 JavaThread "Connection worker"                 [_thread_blocked, id=53084, stack(0x000000c02ad00000,0x000000c02ae00000) (1024K)]
  0x000001c421202d90 JavaThread "pool-1396-thread-1"                [_thread_blocked, id=48900, stack(0x000000c02ae00000,0x000000c02af00000) (1024K)]
  0x000001c421204e60 JavaThread "Connection worker"                 [_thread_blocked, id=15984, stack(0x000000c02af00000,0x000000c02b000000) (1024K)]
  0x000001c4212054f0 JavaThread "Connection worker"                 [_thread_blocked, id=46716, stack(0x000000c02b000000,0x000000c02b100000) (1024K)]
  0x000001c421202700 JavaThread "Exec process Thread 2"             [_thread_blocked, id=46548, stack(0x000000c02b200000,0x000000c02b300000) (1024K)]
  0x000001c4212068a0 JavaThread "Connection worker"                 [_thread_blocked, id=46620, stack(0x000000c02b300000,0x000000c02b400000) (1024K)]
  0x000001c4212082e0 JavaThread "Connection worker"                 [_thread_blocked, id=46040, stack(0x000000c02b400000,0x000000c02b500000) (1024K)]
  0x000001c421208970 JavaThread "Connection worker"                 [_thread_blocked, id=44700, stack(0x000000c02b500000,0x000000c02b600000) (1024K)]
  0x000001c421209000 JavaThread "Connection worker"                 [_thread_blocked, id=20428, stack(0x000000c02b600000,0x000000c02b700000) (1024K)]
  0x000001c421207c50 JavaThread "Connection worker"                 [_thread_blocked, id=42460, stack(0x000000c02b700000,0x000000c02b800000) (1024K)]
  0x000001c421205b80 JavaThread "pool-1397-thread-1"                [_thread_blocked, id=49728, stack(0x000000c02b800000,0x000000c02b900000) (1024K)]
  0x000001c421206210 JavaThread "Connection worker"                 [_thread_blocked, id=55272, stack(0x000000c02b900000,0x000000c02ba00000) (1024K)]
  0x000001c421206f30 JavaThread "pool-1398-thread-1"                [_thread_blocked, id=42228, stack(0x000000c02ba00000,0x000000c02bb00000) (1024K)]
  0x000001c42120aa40 JavaThread "Connection worker"                 [_thread_blocked, id=58824, stack(0x000000c02bb00000,0x000000c02bc00000) (1024K)]
  0x000001c4212075c0 JavaThread "pool-1399-thread-1"                [_thread_blocked, id=49812, stack(0x000000c02bc00000,0x000000c02bd00000) (1024K)]
  0x000001c421202070 JavaThread "Connection worker"                 [_thread_blocked, id=59472, stack(0x000000c02b100000,0x000000c02b200000) (1024K)]
  0x000001c42120cb10 JavaThread "Connection worker"                 [_thread_blocked, id=59476, stack(0x000000c02bd00000,0x000000c02be00000) (1024K)]
  0x000001c42120b760 JavaThread "Connection worker"                 [_thread_blocked, id=59480, stack(0x000000c02be00000,0x000000c02bf00000) (1024K)]
  0x000001c421209690 JavaThread "pool-1400-thread-1"                [_thread_blocked, id=59484, stack(0x000000c02bf00000,0x000000c02c000000) (1024K)]
  0x000001c42120bdf0 JavaThread "Connection worker"                 [_thread_blocked, id=59496, stack(0x000000c02c000000,0x000000c02c100000) (1024K)]
  0x000001c42120d1a0 JavaThread "Connection worker"                 [_thread_blocked, id=59528, stack(0x000000c02c100000,0x000000c02c200000) (1024K)]
  0x000001c42120b0d0 JavaThread "Connection worker"                 [_thread_blocked, id=59544, stack(0x000000c02c200000,0x000000c02c300000) (1024K)]
  0x000001c42120c480 JavaThread "pool-1401-thread-1"                [_thread_blocked, id=59548, stack(0x000000c02c300000,0x000000c02c400000) (1024K)]
  0x000001c421209d20 JavaThread "Connection worker"                 [_thread_blocked, id=59552, stack(0x000000c02c400000,0x000000c02c500000) (1024K)]
  0x000001c42120d830 JavaThread "Connection worker"                 [_thread_blocked, id=59556, stack(0x000000c02c500000,0x000000c02c600000) (1024K)]
  0x000001c42120a3b0 JavaThread "pool-1402-thread-1"                [_thread_blocked, id=59560, stack(0x000000c02c600000,0x000000c02c700000) (1024K)]
  0x000001c42120dec0 JavaThread "pool-1403-thread-1"                [_thread_blocked, id=59564, stack(0x000000c02c700000,0x000000c02c800000) (1024K)]
  0x000001c42120f270 JavaThread "pool-1404-thread-1"                [_thread_blocked, id=59568, stack(0x000000c02c800000,0x000000c02c900000) (1024K)]
  0x000001c42120f900 JavaThread "Connection worker"                 [_thread_blocked, id=59572, stack(0x000000c02c900000,0x000000c02ca00000) (1024K)]
  0x000001c42120ebe0 JavaThread "Connection worker"                 [_thread_blocked, id=59576, stack(0x000000c02ca00000,0x000000c02cb00000) (1024K)]
  0x000001c421210620 JavaThread "pool-1405-thread-1"                [_thread_blocked, id=59580, stack(0x000000c02cb00000,0x000000c02cc00000) (1024K)]
  0x000001c42120ff90 JavaThread "Exec process Thread 2"             [_thread_blocked, id=59592, stack(0x000000c02cd00000,0x000000c02ce00000) (1024K)]
  0x000001c421214e50 JavaThread "pool-1406-thread-1"                [_thread_blocked, id=59612, stack(0x000000c02d000000,0x000000c02d100000) (1024K)]
  0x000001c421211340 JavaThread "pool-1407-thread-1"                [_thread_blocked, id=59616, stack(0x000000c02ce00000,0x000000c02cf00000) (1024K)]
  0x000001c421213aa0 JavaThread "pool-1408-thread-1"                [_thread_blocked, id=59640, stack(0x000000c02cc00000,0x000000c02cd00000) (1024K)]
  0x000001c421210cb0 JavaThread "Exec process"                      [_thread_in_native, id=59672, stack(0x000000c02cf00000,0x000000c02d000000) (1024K)]
  0x000001c4212119d0 JavaThread "pool-1409-thread-1"                [_thread_blocked, id=59676, stack(0x000000c02d100000,0x000000c02d200000) (1024K)]
  0x000001c42120e550 JavaThread "pool-1410-thread-1"                [_thread_blocked, id=59688, stack(0x000000c02d200000,0x000000c02d300000) (1024K)]
  0x000001c421214130 JavaThread "pool-1411-thread-1"                [_thread_blocked, id=59704, stack(0x000000c02d300000,0x000000c02d400000) (1024K)]
  0x000001c4212147c0 JavaThread "pool-1412-thread-1"                [_thread_blocked, id=59708, stack(0x000000c02d400000,0x000000c02d500000) (1024K)]
  0x000001c4212154e0 JavaThread "pool-1413-thread-1"                [_thread_blocked, id=59716, stack(0x000000c02d500000,0x000000c02d600000) (1024K)]
  0x000001c421212060 JavaThread "pool-1414-thread-1"                [_thread_blocked, id=59720, stack(0x000000c02d600000,0x000000c02d700000) (1024K)]
  0x000001c421215b70 JavaThread "pool-1415-thread-1"                [_thread_blocked, id=59724, stack(0x000000c02d700000,0x000000c02d800000) (1024K)]
  0x000001c4212126f0 JavaThread "pool-1416-thread-1"                [_thread_blocked, id=59728, stack(0x000000c02d800000,0x000000c02d900000) (1024K)]
  0x000001c421216200 JavaThread "pool-1417-thread-1"                [_thread_blocked, id=59732, stack(0x000000c02d900000,0x000000c02da00000) (1024K)]
  0x000001c421212d80 JavaThread "pool-1418-thread-1"                [_thread_blocked, id=59748, stack(0x000000c02da00000,0x000000c02db00000) (1024K)]
  0x000001c421216890 JavaThread "pool-1419-thread-1"                [_thread_blocked, id=59752, stack(0x000000c02db00000,0x000000c02dc00000) (1024K)]
  0x000001c421213410 JavaThread "pool-1420-thread-1"                [_thread_blocked, id=59772, stack(0x000000c02dc00000,0x000000c02dd00000) (1024K)]
  0x000001c4212175b0 JavaThread "pool-1422-thread-1"                [_thread_blocked, id=59776, stack(0x000000c02dd00000,0x000000c02de00000) (1024K)]
  0x000001c421217c40 JavaThread "pool-1421-thread-1"                [_thread_blocked, id=59780, stack(0x000000c02de00000,0x000000c02df00000) (1024K)]
  0x000001c421219d10 JavaThread "pool-1423-thread-1"                [_thread_blocked, id=59784, stack(0x000000c02df00000,0x000000c02e000000) (1024K)]
  0x000001c42121a3a0 JavaThread "pool-1424-thread-1"                [_thread_blocked, id=59788, stack(0x000000c02e000000,0x000000c02e100000) (1024K)]
  0x000001c421219680 JavaThread "pool-1425-thread-1"                [_thread_blocked, id=59792, stack(0x000000c02e100000,0x000000c02e200000) (1024K)]
  0x000001c421216f20 JavaThread "pool-1426-thread-1"                [_thread_blocked, id=59804, stack(0x000000c02e200000,0x000000c02e300000) (1024K)]
  0x000001c42121b0c0 JavaThread "pool-1427-thread-1"                [_thread_blocked, id=59808, stack(0x000000c02e300000,0x000000c02e400000) (1024K)]
  0x000001c42121aa30 JavaThread "pool-1428-thread-1"                [_thread_blocked, id=59816, stack(0x000000c02e400000,0x000000c02e500000) (1024K)]
  0x000001c421218960 JavaThread "pool-1429-thread-1"                [_thread_blocked, id=59832, stack(0x000000c02e500000,0x000000c02e600000) (1024K)]
  0x000001c42121b750 JavaThread "pool-1430-thread-1"                [_thread_blocked, id=59844, stack(0x000000c02e600000,0x000000c02e700000) (1024K)]
  0x000001c4212182d0 JavaThread "pool-1431-thread-1"                [_thread_blocked, id=59848, stack(0x000000c02e700000,0x000000c02e800000) (1024K)]
  0x000001c42121bde0 JavaThread "pool-1432-thread-1"                [_thread_blocked, id=59852, stack(0x000000c02e800000,0x000000c02e900000) (1024K)]
  0x000001c421218ff0 JavaThread "pool-1433-thread-1"                [_thread_blocked, id=59856, stack(0x000000c02e900000,0x000000c02ea00000) (1024K)]
  0x000001c436546ff0 JavaThread "pool-1434-thread-1"                [_thread_blocked, id=59860, stack(0x000000c02ea00000,0x000000c02eb00000) (1024K)]
  0x000001c4365455b0 JavaThread "pool-1435-thread-1"                [_thread_blocked, id=59864, stack(0x000000c02eb00000,0x000000c02ec00000) (1024K)]
  0x000001c436544200 JavaThread "pool-1436-thread-1"                [_thread_blocked, id=59868, stack(0x000000c02ec00000,0x000000c02ed00000) (1024K)]
  0x000001c436544890 JavaThread "pool-1437-thread-1"                [_thread_blocked, id=59872, stack(0x000000c02ed00000,0x000000c02ee00000) (1024K)]
  0x000001c436544f20 JavaThread "pool-1438-thread-1"                [_thread_blocked, id=59876, stack(0x000000c02ee00000,0x000000c02ef00000) (1024K)]
  0x000001c4365483a0 JavaThread "pool-1439-thread-1"                [_thread_blocked, id=59880, stack(0x000000c02ef00000,0x000000c02f000000) (1024K)]
  0x000001c436546960 JavaThread "pool-1440-thread-1"                [_thread_blocked, id=59896, stack(0x000000c02f000000,0x000000c02f100000) (1024K)]
  0x000001c436547d10 JavaThread "Exec process Thread 2"             [_thread_blocked, id=60028, stack(0x000000c02f200000,0x000000c02f300000) (1024K)]
  0x000001c436545c40 JavaThread "Exec process"                      [_thread_in_native, id=60032, stack(0x000000c02f300000,0x000000c02f400000) (1024K)]
  0x000001c436548a30 JavaThread "Exec process"                      [_thread_in_native, id=60044, stack(0x000000c02f400000,0x000000c02f500000) (1024K)]
  0x000001c436549de0 JavaThread "pool-1441-thread-1"                [_thread_blocked, id=60048, stack(0x000000c02f500000,0x000000c02f600000) (1024K)]
  0x000001c4365490c0 JavaThread "pool-1442-thread-1"                [_thread_blocked, id=60052, stack(0x000000c02f600000,0x000000c02f700000) (1024K)]
  0x000001c436549750 JavaThread "pool-1443-thread-1"                [_thread_blocked, id=60056, stack(0x000000c02f700000,0x000000c02f800000) (1024K)]
  0x000001c43654a470 JavaThread "pool-1444-thread-1"                [_thread_blocked, id=60060, stack(0x000000c02f800000,0x000000c02f900000) (1024K)]
  0x000001c436547680 JavaThread "Connection worker"                 [_thread_blocked, id=60080, stack(0x000000c02fa00000,0x000000c02fb00000) (1024K)]
  0x000001c43654df80 JavaThread "pool-1445-thread-1"                [_thread_blocked, id=60084, stack(0x000000c02fb00000,0x000000c02fc00000) (1024K)]
  0x000001c4365462d0 JavaThread "Connection worker"                 [_thread_blocked, id=60180, stack(0x000000c016700000,0x000000c016800000) (1024K)]
  0x000001c43654ab00 JavaThread "Exec process Thread 2"             [_thread_blocked, id=60188, stack(0x000000c02f900000,0x000000c02fa00000) (1024K)]
  0x000001c43654e610 JavaThread "Connection worker"                 [_thread_blocked, id=60192, stack(0x000000c02fc00000,0x000000c02fd00000) (1024K)]
  0x000001c43654b190 JavaThread "Connection worker"                 [_thread_blocked, id=60196, stack(0x000000c02fd00000,0x000000c02fe00000) (1024K)]
  0x000001c43654eca0 JavaThread "pool-1446-thread-1"                [_thread_blocked, id=60216, stack(0x000000c02fe00000,0x000000c02ff00000) (1024K)]
  0x000001c43654c540 JavaThread "Connection worker"                 [_thread_blocked, id=60220, stack(0x000000c02ff00000,0x000000c030000000) (1024K)]
  0x000001c43654cbd0 JavaThread "pool-1447-thread-1"                [_thread_blocked, id=60228, stack(0x000000c030100000,0x000000c030200000) (1024K)]
  0x000001c43654f330 JavaThread "Connection worker"                 [_thread_blocked, id=60232, stack(0x000000c030200000,0x000000c030300000) (1024K)]
  0x000001c43654beb0 JavaThread "pool-1448-thread-1"                [_thread_blocked, id=60236, stack(0x000000c030300000,0x000000c030400000) (1024K)]
  0x000001c43654f9c0 JavaThread "Connection worker"                 [_thread_blocked, id=60240, stack(0x000000c030400000,0x000000c030500000) (1024K)]
  0x000001c436550050 JavaThread "Connection worker"                 [_thread_blocked, id=60244, stack(0x000000c030500000,0x000000c030600000) (1024K)]
  0x000001c4365506e0 JavaThread "pool-1449-thread-1"                [_thread_blocked, id=60248, stack(0x000000c030600000,0x000000c030700000) (1024K)]
  0x000001c436552120 JavaThread "pool-1450-thread-1"                [_thread_blocked, id=60260, stack(0x000000c030800000,0x000000c030900000) (1024K)]
  0x000001c43654b820 JavaThread "Connection worker"                 [_thread_blocked, id=60276, stack(0x000000c030000000,0x000000c030100000) (1024K)]
  0x000001c43654d8f0 JavaThread "pool-1451-thread-1"                [_thread_blocked, id=60316, stack(0x000000c030900000,0x000000c030a00000) (1024K)]
  0x000001c4365541f0 JavaThread "Connection worker"                 [_thread_blocked, id=60324, stack(0x000000c030a00000,0x000000c030b00000) (1024K)]
  0x000001c436552e40 JavaThread "pool-1452-thread-1"                [_thread_blocked, id=60328, stack(0x000000c030b00000,0x000000c030c00000) (1024K)]
  0x000001c4365534d0 JavaThread "Connection worker"                 [_thread_blocked, id=60332, stack(0x000000c030c00000,0x000000c030d00000) (1024K)]
  0x000001c436553b60 JavaThread "Exec process"                      [_thread_in_native, id=60336, stack(0x000000c030d00000,0x000000c030e00000) (1024K)]
  0x000001c436551a90 JavaThread "pool-1453-thread-1"                [_thread_blocked, id=60340, stack(0x000000c030e00000,0x000000c030f00000) (1024K)]
  0x000001c4365527b0 JavaThread "Connection worker"                 [_thread_blocked, id=60344, stack(0x000000c030f00000,0x000000c031000000) (1024K)]
  0x000001c436554880 JavaThread "pool-1454-thread-1"                [_thread_blocked, id=60372, stack(0x000000c031000000,0x000000c031100000) (1024K)]
  0x000001c436551400 JavaThread "Connection worker"                 [_thread_blocked, id=60376, stack(0x000000c031100000,0x000000c031200000) (1024K)]
  0x000001c4365555a0 JavaThread "Connection worker"                 [_thread_blocked, id=60380, stack(0x000000c031200000,0x000000c031300000) (1024K)]
  0x000001c436556950 JavaThread "Connection worker"                 [_thread_blocked, id=60396, stack(0x000000c031300000,0x000000c031400000) (1024K)]
  0x000001c436557670 JavaThread "Exec process"                      [_thread_in_native, id=60400, stack(0x000000c031400000,0x000000c031500000) (1024K)]
  0x000001c436555c30 JavaThread "Exec process Thread 2"             [_thread_blocked, id=19624, stack(0x000000c031600000,0x000000c031700000) (1024K)]
  0x000001c436556fe0 JavaThread "Connection worker"                 [_thread_blocked, id=46076, stack(0x000000c031700000,0x000000c031800000) (1024K)]
  0x000001c436554f10 JavaThread "Exec process"                      [_thread_in_native, id=59604, stack(0x000000c031800000,0x000000c031900000) (1024K)]
  0x000001c436557d00 JavaThread "Connection worker"                 [_thread_blocked, id=59588, stack(0x000000c031900000,0x000000c031a00000) (1024K)]
  0x000001c436559740 JavaThread "Connection worker"                 [_thread_blocked, id=50100, stack(0x000000c031a00000,0x000000c031b00000) (1024K)]
  0x000001c436558a20 JavaThread "Connection worker"                 [_thread_blocked, id=59584, stack(0x000000c031b00000,0x000000c031c00000) (1024K)]
  0x000001c436558390 JavaThread "pool-1455-thread-1"                [_thread_blocked, id=46128, stack(0x000000c031500000,0x000000c031600000) (1024K)]
  0x000001c4365590b0 JavaThread "pool-1456-thread-1"                [_thread_blocked, id=59684, stack(0x000000c031c00000,0x000000c031d00000) (1024K)]
  0x000001c4365562c0 JavaThread "Connection worker"                 [_thread_blocked, id=56456, stack(0x000000c031d00000,0x000000c031e00000) (1024K)]
  0x000001c436559dd0 JavaThread "Connection worker"                 [_thread_blocked, id=53124, stack(0x000000c031e00000,0x000000c031f00000) (1024K)]
  0x000001c43655cbc0 JavaThread "Connection worker"                 [_thread_blocked, id=55276, stack(0x000000c031f00000,0x000000c032000000) (1024K)]
  0x000001c436550d70 JavaThread "Connection worker"                 [_thread_blocked, id=35776, stack(0x000000c02f100000,0x000000c02f200000) (1024K)]
  0x000001c43655b180 JavaThread "Exec process"                      [_thread_in_native, id=60108, stack(0x000000c032200000,0x000000c032300000) (1024K)]
  0x000001c43655d8e0 JavaThread "pool-1457-thread-1"                [_thread_blocked, id=51708, stack(0x000000c032400000,0x000000c032500000) (1024K)]
  0x000001c43655d250 JavaThread "Connection worker"                 [_thread_blocked, id=60024, stack(0x000000c032500000,0x000000c032600000) (1024K)]
  0x000001c43655c530 JavaThread "Connection worker"                 [_thread_blocked, id=59692, stack(0x000000c032600000,0x000000c032700000) (1024K)]
  0x000001c43655aaf0 JavaThread "Connection worker"                 [_thread_blocked, id=60072, stack(0x000000c032700000,0x000000c032800000) (1024K)]
  0x000001c43655a460 JavaThread "Connection worker"                 [_thread_blocked, id=60156, stack(0x000000c032800000,0x000000c032900000) (1024K)]
  0x000001c43655b810 JavaThread "pool-1458-thread-1"                [_thread_blocked, id=60224, stack(0x000000c032900000,0x000000c032a00000) (1024K)]
  0x000001c43655df70 JavaThread "Connection worker"                 [_thread_blocked, id=60184, stack(0x000000c032a00000,0x000000c032b00000) (1024K)]
  0x000001c436560040 JavaThread "Connection worker"                 [_thread_blocked, id=56460, stack(0x000000c032b00000,0x000000c032c00000) (1024K)]
  0x000001c436561a80 JavaThread "pool-1459-thread-1"                [_thread_blocked, id=45512, stack(0x000000c032c00000,0x000000c032d00000) (1024K)]
  0x000001c43655e600 JavaThread "Connection worker"                 [_thread_blocked, id=53744, stack(0x000000c032e00000,0x000000c032f00000) (1024K)]
  0x000001c436562110 JavaThread "Exec process"                      [_thread_in_native, id=58520, stack(0x000000c032f00000,0x000000c033000000) (1024K)]
  0x000001c4365627a0 JavaThread "Connection worker"                 [_thread_blocked, id=43012, stack(0x000000c033100000,0x000000c033200000) (1024K)]
  0x000001c4365613f0 JavaThread "Connection worker"                 [_thread_blocked, id=34948, stack(0x000000c033200000,0x000000c033300000) (1024K)]
  0x000001c436560d60 JavaThread "pool-1461-thread-1"                [_thread_blocked, id=49988, stack(0x000000c033300000,0x000000c033400000) (1024K)]
  0x000001c43655f320 JavaThread "Connection worker"                 [_thread_blocked, id=57836, stack(0x000000c033400000,0x000000c033500000) (1024K)]
  0x000001c43655f9b0 JavaThread "Connection worker"                 [_thread_blocked, id=59488, stack(0x000000c033500000,0x000000c033600000) (1024K)]
  0x000001c4365641e0 JavaThread "pool-1462-thread-1"                [_thread_blocked, id=43448, stack(0x000000c033600000,0x000000c033700000) (1024K)]
  0x000001c436562e30 JavaThread "Connection worker"                 [_thread_blocked, id=60420, stack(0x000000c033700000,0x000000c033800000) (1024K)]
  0x000001c4365662b0 JavaThread "pool-1463-thread-1"                [_thread_blocked, id=60424, stack(0x000000c033800000,0x000000c033900000) (1024K)]
  0x000001c436565c20 JavaThread "Exec process Thread 2"             [_thread_blocked, id=60500, stack(0x000000c033a00000,0x000000c033b00000) (1024K)]
  0x000001c43655bea0 JavaThread "Connection worker"                 [_thread_blocked, id=60512, stack(0x000000c032300000,0x000000c032400000) (1024K)]
  0x000001c436565590 JavaThread "Worker-9754: Building"             [_thread_in_Java, id=60516, stack(0x000000c033b00000,0x000000c033c00000) (1024K)]
  0x000001c436566940 JavaThread "pool-1464-thread-1"                [_thread_blocked, id=60524, stack(0x000000c033c00000,0x000000c033d00000) (1024K)]
  0x000001c4365634c0 JavaThread "Connection worker"                 [_thread_blocked, id=60528, stack(0x000000c033d00000,0x000000c033e00000) (1024K)]
  0x000001c436564f00 JavaThread "Connection worker"                 [_thread_blocked, id=60532, stack(0x000000c033e00000,0x000000c033f00000) (1024K)]
  0x000001c436566fd0 JavaThread "pool-1465-thread-1"                [_thread_blocked, id=60536, stack(0x000000c033f00000,0x000000c034000000) (1024K)]
  0x000001c436563b50 JavaThread "pool-1466-thread-1"                [_thread_blocked, id=60544, stack(0x000000c034000000,0x000000c034100000) (1024K)]
  0x000001c436567cf0 JavaThread "pool-1467-thread-1"                [_thread_blocked, id=60552, stack(0x000000c034100000,0x000000c034200000) (1024K)]
  0x000001c436568380 JavaThread "pool-1468-thread-1"                [_thread_blocked, id=60556, stack(0x000000c034200000,0x000000c034300000) (1024K)]
  0x000001c436569730 JavaThread "pool-1469-thread-1"                [_thread_blocked, id=60564, stack(0x000000c034300000,0x000000c034400000) (1024K)]
  0x000001c436567660 JavaThread "pool-1470-thread-1"                [_thread_blocked, id=60576, stack(0x000000c034400000,0x000000c034500000) (1024K)]
  0x000001c436568a10 JavaThread "pool-1471-thread-1"                [_thread_blocked, id=60580, stack(0x000000c034500000,0x000000c034600000) (1024K)]
  0x000001c4365690a0 JavaThread "pool-1472-thread-1"                [_thread_blocked, id=60584, stack(0x000000c034600000,0x000000c034700000) (1024K)]
  0x000001c436529e00 JavaThread "pool-1473-thread-1"                [_thread_blocked, id=60588, stack(0x000000c034700000,0x000000c034800000) (1024K)]
  0x000001c43652ab20 JavaThread "Exec process Thread 2"             [_thread_blocked, id=60744, stack(0x000000c034a00000,0x000000c034b00000) (1024K)]
  0x000001c43652b1b0 JavaThread "Exec process Thread 2"             [_thread_blocked, id=60752, stack(0x000000c034c00000,0x000000c034d00000) (1024K)]
  0x000001c436564870 JavaThread "pool-1474-thread-1"                [_thread_blocked, id=60768, stack(0x000000c033900000,0x000000c033a00000) (1024K)]
  0x000001c43652e630 JavaThread "Exec process Thread 2"             [_thread_blocked, id=60784, stack(0x000000c034d00000,0x000000c034e00000) (1024K)]
  0x000001c43652dfa0 JavaThread "pool-1475-thread-1"                [_thread_blocked, id=60788, stack(0x000000c034800000,0x000000c034900000) (1024K)]
  0x000001c43652ecc0 JavaThread "pool-1476-thread-1"                [_thread_blocked, id=60792, stack(0x000000c034e00000,0x000000c034f00000) (1024K)]
  0x000001c43652c560 JavaThread "pool-1477-thread-1"                [_thread_blocked, id=60796, stack(0x000000c034f00000,0x000000c035000000) (1024K)]
  0x000001c43652b840 JavaThread "pool-1478-thread-1"                [_thread_blocked, id=60804, stack(0x000000c035000000,0x000000c035100000) (1024K)]
  0x000001c43652f350 JavaThread "pool-1479-thread-1"                [_thread_blocked, id=60812, stack(0x000000c035100000,0x000000c035200000) (1024K)]
  0x000001c43652bed0 JavaThread "pool-1481-thread-1"                [_thread_blocked, id=60840, stack(0x000000c035300000,0x000000c035400000) (1024K)]
  0x000001c43652d910 JavaThread "pool-1482-thread-1"                [_thread_blocked, id=60844, stack(0x000000c034900000,0x000000c034a00000) (1024K)]
  0x000001c43652a490 JavaThread "Exec process Thread 2"             [_thread_blocked, id=60868, stack(0x000000c035400000,0x000000c035500000) (1024K)]
  0x000001c4365327d0 JavaThread "pool-1483-thread-1"                [_thread_blocked, id=60880, stack(0x000000c035500000,0x000000c035600000) (1024K)]
  0x000001c43652f9e0 JavaThread "Exec process Thread 2"             [_thread_blocked, id=60888, stack(0x000000c034b00000,0x000000c034c00000) (1024K)]
  0x000001c436530070 JavaThread "pool-1484-thread-1"                [_thread_blocked, id=61036, stack(0x000000c035600000,0x000000c035700000) (1024K)]
  0x000001c43652d280 JavaThread "Exec process Thread 2"             [_thread_blocked, id=61044, stack(0x000000c035800000,0x000000c035900000) (1024K)]
  0x000001c436531420 JavaThread "pool-1485-thread-1"                [_thread_blocked, id=61060, stack(0x000000c035900000,0x000000c035a00000) (1024K)]
  0x000001c4365334f0 JavaThread "pool-1486-thread-1"                [_thread_blocked, id=61064, stack(0x000000c035a00000,0x000000c035b00000) (1024K)]
  0x000001c436532e60 JavaThread "pool-1487-thread-1"                [_thread_blocked, id=61072, stack(0x000000c035b00000,0x000000c035c00000) (1024K)]
  0x000001c436530d90 JavaThread "pool-1488-thread-1"                [_thread_blocked, id=61076, stack(0x000000c035c00000,0x000000c035d00000) (1024K)]
  0x000001c436533b80 JavaThread "pool-1489-thread-1"                [_thread_blocked, id=61084, stack(0x000000c035e00000,0x000000c035f00000) (1024K)]
  0x000001c436534210 JavaThread "Exec process Thread 2"             [_thread_blocked, id=61108, stack(0x000000c035f00000,0x000000c036000000) (1024K)]
  0x000001c436532140 JavaThread "LocalFile Deleter"          daemon [_thread_blocked, id=61244, stack(0x000000bfb7300000,0x000000bfb7400000) (1024K)]
  0x000001c436531ab0 JavaThread "LocalFile Deleter"          daemon [_thread_blocked, id=61248, stack(0x000000bfcc300000,0x000000bfcc400000) (1024K)]
  0x000001c436530700 JavaThread "LocalFile Deleter"          daemon [_thread_blocked, id=61252, stack(0x000000c035700000,0x000000c035800000) (1024K)]
  0x000001c4365355c0 JavaThread "LocalFile Deleter"          daemon [_thread_blocked, id=61256, stack(0x000000c036000000,0x000000c036100000) (1024K)]
  0x000001c4365362e0 JavaThread "LocalFile Deleter"          daemon [_thread_blocked, id=61260, stack(0x000000c036100000,0x000000c036200000) (1024K)]
  0x000001c4365383b0 JavaThread "LocalFile Deleter"          daemon [_thread_blocked, id=61268, stack(0x000000c036200000,0x000000c036300000) (1024K)]
  0x000001c436535c50 JavaThread "LocalFile Deleter"          daemon [_thread_blocked, id=61272, stack(0x000000c036300000,0x000000c036400000) (1024K)]
  0x000001c436534f30 JavaThread "LocalFile Deleter"          daemon [_thread_blocked, id=61276, stack(0x000000c036400000,0x000000c036500000) (1024K)]
  0x000001c436537d20 JavaThread "LocalFile Deleter"          daemon [_thread_blocked, id=61280, stack(0x000000c036500000,0x000000c036600000) (1024K)]
  0x000001c436537690 JavaThread "LocalFile Deleter"          daemon [_thread_blocked, id=61284, stack(0x000000c036600000,0x000000c036700000) (1024K)]
  0x000001c4365390d0 JavaThread "LocalFile Deleter"          daemon [_thread_blocked, id=61288, stack(0x000000c036700000,0x000000c036800000) (1024K)]
  0x000001c436539760 JavaThread "LocalFile Deleter"          daemon [_thread_blocked, id=61292, stack(0x000000c036800000,0x000000c036900000) (1024K)]
  0x000001c436538a40 JavaThread "LocalFile Deleter"          daemon [_thread_blocked, id=61296, stack(0x000000c036900000,0x000000c036a00000) (1024K)]
  0x000001c436539df0 JavaThread "LocalFile Deleter"          daemon [_thread_blocked, id=61300, stack(0x000000c036a00000,0x000000c036b00000) (1024K)]
  0x000001c436536970 JavaThread "LocalFile Deleter"          daemon [_thread_blocked, id=61304, stack(0x000000c036b00000,0x000000c036c00000) (1024K)]
  0x000001c43653a480 JavaThread "LocalFile Deleter"          daemon [_thread_blocked, id=61308, stack(0x000000c036c00000,0x000000c036d00000) (1024K)]
  0x000001c436537000 JavaThread "LocalFile Deleter"          daemon [_thread_blocked, id=61312, stack(0x000000c036d00000,0x000000c036e00000) (1024K)]
  0x000001c43653b1a0 JavaThread "LocalFile Deleter"          daemon [_thread_blocked, id=61316, stack(0x000000c036e00000,0x000000c036f00000) (1024K)]
  0x000001c43653df90 JavaThread "Exec process"                      [_thread_in_native, id=56916, stack(0x000000c036f00000,0x000000c037000000) (1024K)]
  0x000001c43653bec0 JavaThread "Exec process"                      [_thread_in_native, id=60572, stack(0x000000c037100000,0x000000c037200000) (1024K)]
  0x000001c43653e620 JavaThread "Exec process"                      [_thread_in_native, id=60956, stack(0x000000c037200000,0x000000c037300000) (1024K)]
  0x000001c43653ecb0 JavaThread "Exec process"                      [_thread_in_native, id=53924, stack(0x000000c037300000,0x000000c037400000) (1024K)]
  0x000001c43653d900 JavaThread "Compiler Source File Reader" daemon [_thread_blocked, id=37484, stack(0x000000c037400000,0x000000c037500000) (1024K)]
  0x000001c43653b830 JavaThread "Compiler Source File Reader" daemon [_thread_blocked, id=48120, stack(0x000000c037500000,0x000000c037600000) (1024K)]
  0x000001c43653c550 JavaThread "Compiler Source File Reader" daemon [_thread_blocked, id=61188, stack(0x000000c037600000,0x000000c037700000) (1024K)]
  0x000001c436540060 JavaThread "Compiler Source File Reader" daemon [_thread_blocked, id=60296, stack(0x000000c037700000,0x000000c037800000) (1024K)]
  0x000001c43653f340 JavaThread "Compiler Source File Reader" daemon [_thread_blocked, id=41364, stack(0x000000c037800000,0x000000c037900000) (1024K)]
  0x000001c43653f9d0 JavaThread "Compiler Source File Reader" daemon [_thread_blocked, id=24328, stack(0x000000c037900000,0x000000c037a00000) (1024K)]
  0x000001c43653d270 JavaThread "Compiler Source File Reader" daemon [_thread_blocked, id=61172, stack(0x000000c037a00000,0x000000c037b00000) (1024K)]
  0x000001c43653cbe0 JavaThread "Compiler Source File Reader" daemon [_thread_blocked, id=61444, stack(0x000000c037b00000,0x000000c037c00000) (1024K)]
  0x000001c436542130 JavaThread "Compiler Source File Reader" daemon [_thread_blocked, id=61448, stack(0x000000c037c00000,0x000000c037d00000) (1024K)]
  0x000001c4365406f0 JavaThread "Compiler Source File Reader" daemon [_thread_blocked, id=61452, stack(0x000000c037d00000,0x000000c037e00000) (1024K)]
  0x000001c436541410 JavaThread "Compiler Source File Reader" daemon [_thread_blocked, id=61456, stack(0x000000c037e00000,0x000000c037f00000) (1024K)]
  0x000001c436541aa0 JavaThread "Compiler Source File Reader" daemon [_thread_blocked, id=61460, stack(0x000000c037f00000,0x000000c038000000) (1024K)]
  0x000001c436543b70 JavaThread "Compiler Source File Reader" daemon [_thread_blocked, id=61464, stack(0x000000c038000000,0x000000c038100000) (1024K)]
  0x000001c436540d80 JavaThread "Compiler Source File Reader" daemon [_thread_blocked, id=61468, stack(0x000000c038100000,0x000000c038200000) (1024K)]
  0x000001c4365427c0 JavaThread "Compiler Source File Reader" daemon [_thread_blocked, id=61472, stack(0x000000c038200000,0x000000c038300000) (1024K)]
  0x000001c436542e50 JavaThread "Exec process"                      [_thread_in_native, id=61480, stack(0x000000c038300000,0x000000c038400000) (1024K)]
  0x000001c4365434e0 JavaThread "Exec process"                      [_thread_in_native, id=61516, stack(0x000000c038400000,0x000000c038500000) (1024K)]
  0x000001c3f0a88860 JavaThread "Exec process Thread 2"             [_thread_blocked, id=61644, stack(0x000000c038700000,0x000000c038800000) (1024K)]
  0x000001c3ec168760 JavaThread "Exec process"                      [_thread_in_native, id=61656, stack(0x000000c038800000,0x000000c038900000) (1024K)]
  0x000001c421afd640 JavaThread "Exec process Thread 2"             [_thread_blocked, id=61848, stack(0x000000c038c00000,0x000000c038d00000) (1024K)]
  0x000001c421afdcd0 JavaThread "Exec process Thread 2"             [_thread_blocked, id=62064, stack(0x000000c038d00000,0x000000c038e00000) (1024K)]
  0x000001c421afe360 JavaThread "Exec process Thread 2"             [_thread_blocked, id=62276, stack(0x000000c038e00000,0x000000c038f00000) (1024K)]
  0x000001c421afe9f0 JavaThread "Exec process Thread 2"             [_thread_blocked, id=62300, stack(0x000000c038f00000,0x000000c039000000) (1024K)]
  0x000001c421affda0 JavaThread "Exec process Thread 2"             [_thread_blocked, id=62360, stack(0x000000c039000000,0x000000c039100000) (1024K)]
  0x000001c421b02500 JavaThread "Exec process"                      [_thread_in_native, id=62380, stack(0x000000c038b00000,0x000000c038c00000) (1024K)]
  0x000001c421b01e70 JavaThread "Exec process Thread 2"             [_thread_blocked, id=48984, stack(0x000000bfbcc00000,0x000000bfbcd00000) (1024K)]
  0x000001c421aff080 JavaThread "Exec process"                      [_thread_in_native, id=61840, stack(0x000000bfad100000,0x000000bfad200000) (1024K)]
  0x000001c421b00430 JavaThread "Exec process"                      [_thread_in_native, id=61068, stack(0x000000c038a00000,0x000000c038b00000) (1024K)]
  0x000001c421afcfb0 JavaThread "Exec process"                      [_thread_in_native, id=18152, stack(0x000000c038600000,0x000000c038700000) (1024K)]
  0x000001c421aff710 JavaThread "Exec process Thread 2"             [_thread_blocked, id=57908, stack(0x000000c038900000,0x000000c038a00000) (1024K)]
  0x000001c421b038b0 JavaThread "Exec process"                      [_thread_in_native, id=9244, stack(0x000000c038500000,0x000000c038600000) (1024K)]
  0x000001c421b02b90 JavaThread "Exec process"                      [_thread_in_native, id=61812, stack(0x000000bfd0c00000,0x000000bfd0d00000) (1024K)]
  0x000001c421b00ac0 JavaThread "Exec process"                      [_thread_in_native, id=40132, stack(0x000000bfd7900000,0x000000bfd7a00000) (1024K)]
  0x000001c421b03f40 JavaThread "Exec process Thread 2"             [_thread_blocked, id=19192, stack(0x000000c039200000,0x000000c039300000) (1024K)]
  0x000001c421b01150 JavaThread "Exec process Thread 2"             [_thread_blocked, id=17436, stack(0x000000c039300000,0x000000c039400000) (1024K)]
  0x000001c421b045d0 JavaThread "Exec process"                      [_thread_in_native, id=14148, stack(0x000000c039100000,0x000000c039200000) (1024K)]
  0x000001c421b04c60 JavaThread "Exec process"                      [_thread_in_native, id=62496, stack(0x000000c039400000,0x000000c039500000) (1024K)]
  0x000001c421b03220 JavaThread "Exec process"                      [_thread_in_native, id=62536, stack(0x000000c039500000,0x000000c039600000) (1024K)]
  0x000001c421b066a0 JavaThread "Exec process Thread 2"             [_thread_blocked, id=62556, stack(0x000000c039700000,0x000000c039800000) (1024K)]
  0x000001c421b073c0 JavaThread "Exec process"                      [_thread_in_native, id=62820, stack(0x000000c039900000,0x000000c039a00000) (1024K)]
  0x000001c421b05980 JavaThread "Exec process Thread 2"             [_thread_blocked, id=62860, stack(0x000000c039c00000,0x000000c039d00000) (1024K)]
  0x000001c421b09490 JavaThread "Exec process Thread 2"             [_thread_blocked, id=63212, stack(0x000000c039f00000,0x000000c03a000000) (1024K)]
  0x000001c421b080e0 JavaThread "Exec process Thread 2"             [_thread_blocked, id=63404, stack(0x000000c03a000000,0x000000c03a100000) (1024K)]
  0x000001c421b07a50 JavaThread "Exec process Thread 2"             [_thread_blocked, id=20568, stack(0x000000bfeb300000,0x000000bfeb400000) (1024K)]
  0x000001c3df7b24d0 JavaThread "C1 CompilerThread1"         daemon [_thread_blocked, id=59668, stack(0x000000c039b00000,0x000000c039c00000) (1024K)]
  0x000001c421b09b20 JavaThread "Exec process Thread 2"             [_thread_blocked, id=14480, stack(0x000000bfdb400000,0x000000bfdb500000) (1024K)]
  0x000001c421b0aed0 JavaThread "Compiler Processing Task"   daemon [_thread_blocked, id=63648, stack(0x000000c03a400000,0x000000c03a500000) (1024K)]
  0x000001c421b0a1b0 JavaThread "Compiler Class File Writer" daemon [_thread_blocked, id=63852, stack(0x000000c039e00000,0x000000c039f00000) (1024K)]
  0x000001c421b0a840 JavaThread "Compiler Class File Writer" daemon [_thread_blocked, id=63876, stack(0x000000c03a600000,0x000000c03a700000) (1024K)]
  0x000001c421b0e350 JavaThread "Compiler Class File Writer" daemon [_thread_blocked, id=63884, stack(0x000000c03a700000,0x000000c03a800000) (1024K)]
  0x000001c421b0e9e0 JavaThread "Compiler Class File Writer" daemon [_thread_blocked, id=63888, stack(0x000000c03a800000,0x000000c03a900000) (1024K)]
  0x000001c421b0b560 JavaThread "Compiler Class File Writer" daemon [_thread_blocked, id=63892, stack(0x000000c03a900000,0x000000c03aa00000) (1024K)]
  0x000001c421b11e60 JavaThread "Compiler Class File Writer" daemon [_thread_blocked, id=63896, stack(0x000000c03aa00000,0x000000c03ab00000) (1024K)]
  0x000001c421b124f0 JavaThread "Compiler Class File Writer" daemon [_thread_blocked, id=63968, stack(0x000000c03ab00000,0x000000c03ac00000) (1024K)]
  0x000001c421b10ab0 JavaThread "Compiler Class File Writer" daemon [_thread_blocked, id=63972, stack(0x000000c03ac00000,0x000000c03ad00000) (1024K)]
  0x000001c421b10420 JavaThread "Compiler Class File Writer" daemon [_thread_blocked, id=64200, stack(0x000000c03af00000,0x000000c03b000000) (1024K)]
  0x000001c421b0f700 JavaThread "Compiler Class File Writer" daemon [_thread_blocked, id=64204, stack(0x000000c03b000000,0x000000c03b100000) (1024K)]
  0x000001c421b117d0 JavaThread "Compiler Class File Writer" daemon [_thread_blocked, id=64208, stack(0x000000c03b100000,0x000000c03b200000) (1024K)]
  0x000001c421b12b80 JavaThread "Compiler Class File Writer" daemon [_thread_blocked, id=64212, stack(0x000000c03b200000,0x000000c03b300000) (1024K)]
  0x000001c421b13210 JavaThread "Compiler Class File Writer" daemon [_thread_blocked, id=64216, stack(0x000000c03b300000,0x000000c03b400000) (1024K)]
  0x000001c421b0fd90 JavaThread "Compiler Class File Writer" daemon [_thread_blocked, id=64220, stack(0x000000c03b400000,0x000000c03b500000) (1024K)]
  0x000001c421b138a0 JavaThread "Compiler Class File Writer" daemon [_thread_blocked, id=64224, stack(0x000000c03b500000,0x000000c03b600000) (1024K)]
  0x000001c421b16690 JavaThread "Compiler Class File Writer" daemon [_thread_blocked, id=64228, stack(0x000000c03b600000,0x000000c03b700000) (1024K)]
  0x000001c421b16d20 JavaThread "Exec process Thread 2"             [_thread_blocked, id=64312, stack(0x000000c03b700000,0x000000c03b800000) (1024K)]
  0x000001c421b0f070 JavaThread "Exec process"                      [_thread_in_native, id=64372, stack(0x000000c03ad00000,0x000000c03ae00000) (1024K)]
  0x000001c421b13f30 JavaThread "Exec process Thread 2"             [_thread_blocked, id=61756, stack(0x000000c03b900000,0x000000c03ba00000) (1024K)]
  0x000001c421b145c0 JavaThread "Exec process Thread 2"             [_thread_blocked, id=63604, stack(0x000000c03bb00000,0x000000c03bc00000) (1024K)]
  0x000001c421b052f0 JavaThread "Connection worker"                 [_thread_blocked, id=64656, stack(0x000000bfd7b00000,0x000000bfd7c00000) (1024K)]
  0x000001c421b0bbf0 JavaThread "Connection worker"                 [_thread_blocked, id=64764, stack(0x000000bfd9300000,0x000000bfd9400000) (1024K)]
  0x000001c421b06d30 JavaThread "Connection worker"                 [_thread_blocked, id=64800, stack(0x000000c01f700000,0x000000c01f800000) (1024K)]
  0x000001c421b08770 JavaThread "Exec process"                      [_thread_in_native, id=65024, stack(0x000000c015e00000,0x000000c015f00000) (1024K)]
  0x000001c421b0d630 JavaThread "Exec process Thread 2"             [_thread_blocked, id=65264, stack(0x000000c01fc00000,0x000000c01fd00000) (1024K)]
  0x000001c421b017e0 JavaThread "Connection worker"                 [_thread_blocked, id=65276, stack(0x000000bfc7200000,0x000000bfc7300000) (1024K)]
  0x000001c421b08e00 JavaThread "Connection worker"                 [_thread_blocked, id=65280, stack(0x000000bfd2800000,0x000000bfd2900000) (1024K)]
  0x000001c421b0c280 JavaThread "Connection worker"                 [_thread_blocked, id=51500, stack(0x000000c017000000,0x000000c017100000) (1024K)]
  0x000001c421b11140 JavaThread "Connection worker"                 [_thread_blocked, id=15556, stack(0x000000bfb5c00000,0x000000bfb5d00000) (1024K)]
Total: 4964

Other Threads:
  0x000001c3d8815c20 VMThread "VM Thread"                           [id=3176, stack(0x000000bf62f00000,0x000000bf63000000) (1024K)]
  0x000001c39621ca00 WatcherThread "VM Periodic Task Thread"        [id=15272, stack(0x000000bf62e00000,0x000000bf62f00000) (1024K)]
  0x000001c3fdc8c110 WorkerThread "GC Thread#0"                     [id=18304, stack(0x000000bf62d00000,0x000000bf62e00000) (1024K)]
  0x000001c3da9c0640 WorkerThread "GC Thread#1"                     [id=11736, stack(0x000000bf63e00000,0x000000bf63f00000) (1024K)]
  0x000001c3da9c09f0 WorkerThread "GC Thread#2"                     [id=3416, stack(0x000000bf63f00000,0x000000bf64000000) (1024K)]
  0x000001c3da9bf020 WorkerThread "GC Thread#3"                     [id=23704, stack(0x000000bf64000000,0x000000bf64100000) (1024K)]
  0x000001c3da9c0290 WorkerThread "GC Thread#4"                     [id=9752, stack(0x000000bf64100000,0x000000bf64200000) (1024K)]
  0x000001c3da9bf3d0 WorkerThread "GC Thread#5"                     [id=14788, stack(0x000000bf64200000,0x000000bf64300000) (1024K)]
  0x000001c3da9bf780 WorkerThread "GC Thread#6"                     [id=24440, stack(0x000000bf64300000,0x000000bf64400000) (1024K)]
  0x000001c3da9bfee0 WorkerThread "GC Thread#7"                     [id=9144, stack(0x000000bf64700000,0x000000bf64800000) (1024K)]
  0x000001c3df4806a0 WorkerThread "GC Thread#8"                     [id=4960, stack(0x000000bf64400000,0x000000bf64500000) (1024K)]
  0x000001c3df480a50 WorkerThread "GC Thread#9"                     [id=15004, stack(0x000000bf64b00000,0x000000bf64c00000) (1024K)]
  0x000001c3df481560 WorkerThread "GC Thread#10"                    [id=5384, stack(0x000000bf64c00000,0x000000bf64d00000) (1024K)]
  0x000001c3df481910 WorkerThread "GC Thread#11"                    [id=22476, stack(0x000000bf65000000,0x000000bf65100000) (1024K)]
  0x000001c3df4811b0 WorkerThread "GC Thread#12"                    [id=23380, stack(0x000000bf65100000,0x000000bf65200000) (1024K)]
  0x000001c3df47ecd0 WorkerThread "GC Thread#13"                    [id=23864, stack(0x000000bf65200000,0x000000bf65300000) (1024K)]
Total: 16

Threads with active compile tasks:
C2 CompilerThread0  2283608 33338       4       org.eclipse.jdt.internal.compiler.parser.Parser::consumeRule (7843 bytes)
Total: 1

VM state: not at safepoint (normal execution)

VM Mutex/Monitor currently owned by a thread: None

Heap address: 0x0000000080000000, size: 2048 MB, Compressed Oops mode: 32-bit

CDS archive(s) mapped at: [0x000001c397000000-0x000001c397ba0000-0x000001c397ba0000), size 12189696, SharedBaseAddress: 0x000001c397000000, ArchiveRelocationMode: 1.
Compressed class space mapped at: 0x000001c398000000-0x000001c3d8000000, reserved size: 1073741824
Narrow klass base: 0x000001c397000000, Narrow klass shift: 0, Narrow klass range: 0x100000000

GC Precious Log:
 CardTable entry size: 512
 CPUs: 18 total, 18 available
 Memory: 15953M
 Large Page Support: Disabled
 NUMA Support: Disabled
 Compressed Oops: Enabled (32-bit)
 Alignments: Space 512K, Generation 512K, Heap 2M
 Heap Min Capacity: 100M
 Heap Initial Capacity: 100M
 Heap Max Capacity: 2G
 Pre-touch: Disabled
 Parallel Workers: 14

Heap:
 PSYoungGen      total 16384K, used 11809K [0x00000000d5580000, 0x00000000d6900000, 0x0000000100000000)
  eden space 15872K, 72% used [0x00000000d5580000,0x00000000d60d0750,0x00000000d6500000)
  from space 512K, 43% used [0x00000000d6880000,0x00000000d68b8000,0x00000000d6900000)
  to   space 512K, 0% used [0x00000000d6800000,0x00000000d6800000,0x00000000d6880000)
 ParOldGen       total 488960K, used 488814K [0x0000000080000000, 0x000000009dd80000, 0x00000000d5580000)
  object space 488960K, 99% used [0x0000000080000000,0x000000009dd5b970,0x000000009dd80000)
 Metaspace       used 111717K, committed 116160K, reserved 1179648K
  class space    used 13519K, committed 15744K, reserved 1048576K

Card table byte_map: [0x000001c3fd610000,0x000001c3fda20000] _byte_map_base: 0x000001c3fd210000

Marking Bits: (ParMarkBitMap*) 0x00007ff99cf244a0
 Begin Bits: [0x000001c392140000, 0x000001c394140000)
 End Bits:   [0x000001c394140000, 0x000001c396140000)

Polling page: 0x000001c3fb870000

Metaspace:

Usage:
  Non-class:     95.90 MB used.
      Class:     13.20 MB used.
       Both:    109.10 MB used.

Virtual space:
  Non-class space:      128.00 MB reserved,      98.06 MB ( 77%) committed,  2 nodes.
      Class space:        1.00 GB reserved,      15.38 MB (  2%) committed,  1 nodes.
             Both:        1.12 GB reserved,     113.44 MB ( 10%) committed. 

Chunk freelists:
   Non-Class:  13.75 MB
       Class:  843.00 KB
        Both:  14.57 MB

MaxMetaspaceSize: unlimited
CompressedClassSpaceSize: 1.00 GB
Initial GC threshold: 21.00 MB
Current GC threshold: 188.12 MB
CDS: on
 - commit_granule_bytes: 65536.
 - commit_granule_words: 8192.
 - virtual_space_node_default_size: 8388608.
 - enlarge_chunks_in_place: 1.
 - use_allocation_guard: 0.


Internal statistics:

num_allocs_failed_limit: 11.
num_arena_births: 4768.
num_arena_deaths: 618.
num_vsnodes_births: 3.
num_vsnodes_deaths: 0.
num_space_committed: 1815.
num_space_uncommitted: 0.
num_chunks_returned_to_freelist: 738.
num_chunks_taken_from_freelist: 12264.
num_chunk_merges: 233.
num_chunk_splits: 6854.
num_chunks_enlarged: 3175.
num_inconsistent_stats: 0.

CodeHeap 'non-profiled nmethods': size=119168Kb used=23432Kb max_used=23432Kb free=95735Kb
 bounds [0x000001c38ace0000, 0x000001c38c3d0000, 0x000001c392140000]
CodeHeap 'profiled nmethods': size=119104Kb used=30820Kb max_used=48734Kb free=88283Kb
 bounds [0x000001c383140000, 0x000001c3860e0000, 0x000001c38a590000]
CodeHeap 'non-nmethods': size=7488Kb used=2020Kb max_used=3256Kb free=5467Kb
 bounds [0x000001c38a590000, 0x000001c38a8d0000, 0x000001c38ace0000]
CodeCache: size=245760Kb, used=56272Kb, max_used=75422Kb, free=189485Kb
 total_blobs=14952, nmethods=14184, adapters=670, full_count=0
Compilation: enabled, stopped_count=0, restarted_count=0

Compilation events (20 events):
Event: 2282.174 Thread 0x000001c3fdd21df0 nmethod 33376 0x000001c38c3bfd10 code [0x000001c38c3bfea0, 0x000001c38c3bff68]
Event: 2282.179 Thread 0x000001c3fdd21df0 33377       3       org.eclipse.jdt.internal.compiler.parser.Parser::consumeEmptyDimsopt (6 bytes)
Event: 2282.179 Thread 0x000001c3fdd21df0 nmethod 33377 0x000001c3856eb390 code [0x000001c3856eb540, 0x000001c3856eb708]
Event: 2282.179 Thread 0x000001c3df7b24d0 33378       3       org.eclipse.jdt.internal.compiler.SourceElementParser::constructTypeReference (765 bytes)
Event: 2282.182 Thread 0x000001c3df7b24d0 nmethod 33378 0x000001c383f4b990 code [0x000001c383f4bd80, 0x000001c383f4de20]
Event: 2282.194 Thread 0x000001c3df7b24d0 33379       3       org.eclipse.jdt.internal.compiler.SourceElementParser::consumeAnnotationAsModifier (49 bytes)
Event: 2282.194 Thread 0x000001c3fdd21df0 33380       3       org.eclipse.jdt.internal.compiler.parser.Parser::consumeClassBodyDeclarationsopt (11 bytes)
Event: 2282.194 Thread 0x000001c3fdd21df0 nmethod 33380 0x000001c3856eb010 code [0x000001c3856eb1a0, 0x000001c3856eb2b8]
Event: 2282.194 Thread 0x000001c3df7b24d0 nmethod 33379 0x000001c383f4b110 code [0x000001c383f4b300, 0x000001c383f4b7c0]
Event: 2282.194 Thread 0x000001c3fdd21df0 33381       3       org.eclipse.jdt.internal.compiler.parser.Parser::consumeInternalCompilationUnitWithTypes (130 bytes)
Event: 2282.195 Thread 0x000001c3fdd21df0 nmethod 33381 0x000001c383f4a390 code [0x000001c383f4a5c0, 0x000001c383f4ae50]
Event: 2282.201 Thread 0x000001c3fdd21df0 33382       3       lombok.eclipse.handlers.HandleConstructor::generateConstructor (19 bytes)
Event: 2282.202 Thread 0x000001c3df7b24d0 33383       3       lombok.eclipse.handlers.HandleConstructor::generate (257 bytes)
Event: 2282.202 Thread 0x000001c3fdd21df0 nmethod 33382 0x000001c3856eaa10 code [0x000001c3856eabc0, 0x000001c3856ead48]
Event: 2282.214 Thread 0x000001c3fdd21df0 33384       3       org.eclipse.jdt.internal.compiler.parser.Parser::consumeExpressionStatement (53 bytes)
Event: 2282.214 Thread 0x000001c3fdd21df0 nmethod 33384 0x000001c383f49e90 code [0x000001c383f4a040, 0x000001c383f4a268]
Event: 2282.230 Thread 0x000001c3fdd21df0 33385       3       org.eclipse.jdt.core.Signature::checkArrayDimension (92 bytes)
Event: 2282.230 Thread 0x000001c3fdd21df0 nmethod 33385 0x000001c383f49810 code [0x000001c383f499e0, 0x000001c383f49d80]
Event: 2282.237 Thread 0x000001c3fdd21df0 33386       1       org.eclipse.jdt.internal.core.SourceMethodInfo::setReturnType (6 bytes)
Event: 2282.929 Thread 0x000001c3fdd21df0 nmethod 33386 0x000001c38c3c0010 code [0x000001c38c3c01a0, 0x000001c38c3c0280]

GC Heap History (20 events):
Event: 2260.386 GC heap before
{Heap before GC invocations=93385 (full 14):
 PSYoungGen      total 22016K, used 21975K [0x00000000d5580000, 0x00000000d7300000, 0x0000000100000000)
  eden space 20992K, 99% used [0x00000000d5580000,0x00000000d69f5fd0,0x00000000d6a00000)
  from space 1024K, 100% used [0x00000000d6b00000,0x00000000d6c00000,0x00000000d6c00000)
  to   space 4608K, 0% used [0x00000000d6e80000,0x00000000d6e80000,0x00000000d7300000)
 ParOldGen       total 462336K, used 462108K [0x0000000080000000, 0x000000009c380000, 0x00000000d5580000)
  object space 462336K, 99% used [0x0000000080000000,0x000000009c347088,0x000000009c380000)
 Metaspace       used 110680K, committed 115584K, reserved 1179648K
  class space    used 13460K, committed 15744K, reserved 1048576K
}
Event: 2260.394 GC heap after
{Heap after GC invocations=93385 (full 14):
 PSYoungGen      total 20480K, used 4606K [0x00000000d5580000, 0x00000000d7d00000, 0x0000000100000000)
  eden space 15872K, 0% used [0x00000000d5580000,0x00000000d5580000,0x00000000d6500000)
  from space 4608K, 99% used [0x00000000d6e80000,0x00000000d72ff860,0x00000000d7300000)
  to   space 9728K, 0% used [0x00000000d6500000,0x00000000d6500000,0x00000000d6e80000)
 ParOldGen       total 466432K, used 465980K [0x0000000080000000, 0x000000009c780000, 0x00000000d5580000)
  object space 466432K, 99% used [0x0000000080000000,0x000000009c70f0a8,0x000000009c780000)
 Metaspace       used 110680K, committed 115584K, reserved 1179648K
  class space    used 13460K, committed 15744K, reserved 1048576K
}
Event: 2263.028 GC heap before
{Heap before GC invocations=93386 (full 14):
 PSYoungGen      total 20480K, used 20476K [0x00000000d5580000, 0x00000000d7d00000, 0x0000000100000000)
  eden space 15872K, 99% used [0x00000000d5580000,0x00000000d64ffb10,0x00000000d6500000)
  from space 4608K, 99% used [0x00000000d6e80000,0x00000000d72ff860,0x00000000d7300000)
  to   space 9728K, 0% used [0x00000000d6500000,0x00000000d6500000,0x00000000d6e80000)
 ParOldGen       total 466432K, used 465980K [0x0000000080000000, 0x000000009c780000, 0x00000000d5580000)
  object space 466432K, 99% used [0x0000000080000000,0x000000009c70f0a8,0x000000009c780000)
 Metaspace       used 110725K, committed 115584K, reserved 1179648K
  class space    used 13462K, committed 15744K, reserved 1048576K
}
Event: 2263.038 GC heap after
{Heap after GC invocations=93386 (full 14):
 PSYoungGen      total 17920K, used 1740K [0x00000000d5580000, 0x00000000d6f00000, 0x0000000100000000)
  eden space 15872K, 0% used [0x00000000d5580000,0x00000000d5580000,0x00000000d6500000)
  from space 2048K, 84% used [0x00000000d6500000,0x00000000d66b31a0,0x00000000d6700000)
  to   space 4608K, 0% used [0x00000000d6a80000,0x00000000d6a80000,0x00000000d6f00000)
 ParOldGen       total 471040K, used 470585K [0x0000000080000000, 0x000000009cc00000, 0x00000000d5580000)
  object space 471040K, 99% used [0x0000000080000000,0x000000009cb8e670,0x000000009cc00000)
 Metaspace       used 110725K, committed 115584K, reserved 1179648K
  class space    used 13462K, committed 15744K, reserved 1048576K
}
Event: 2264.093 GC heap before
{Heap before GC invocations=93387 (full 14):
 PSYoungGen      total 17920K, used 17612K [0x00000000d5580000, 0x00000000d6f00000, 0x0000000100000000)
  eden space 15872K, 100% used [0x00000000d5580000,0x00000000d6500000,0x00000000d6500000)
  from space 2048K, 84% used [0x00000000d6500000,0x00000000d66b31a0,0x00000000d6700000)
  to   space 4608K, 0% used [0x00000000d6a80000,0x00000000d6a80000,0x00000000d6f00000)
 ParOldGen       total 471040K, used 470585K [0x0000000080000000, 0x000000009cc00000, 0x00000000d5580000)
  object space 471040K, 99% used [0x0000000080000000,0x000000009cb8e670,0x000000009cc00000)
 Metaspace       used 110780K, committed 115584K, reserved 1179648K
  class space    used 13462K, committed 15744K, reserved 1048576K
}
Event: 2264.099 GC heap after
{Heap after GC invocations=93387 (full 14):
 PSYoungGen      total 19456K, used 3232K [0x00000000d5580000, 0x00000000d6e00000, 0x0000000100000000)
  eden space 15872K, 0% used [0x00000000d5580000,0x00000000d5580000,0x00000000d6500000)
  from space 3584K, 90% used [0x00000000d6a80000,0x00000000d6da8000,0x00000000d6e00000)
  to   space 3584K, 0% used [0x00000000d6700000,0x00000000d6700000,0x00000000d6a80000)
 ParOldGen       total 472064K, used 472018K [0x0000000080000000, 0x000000009cd00000, 0x00000000d5580000)
  object space 472064K, 99% used [0x0000000080000000,0x000000009ccf4be0,0x000000009cd00000)
 Metaspace       used 110780K, committed 115584K, reserved 1179648K
  class space    used 13462K, committed 15744K, reserved 1048576K
}
Event: 2265.190 GC heap before
{Heap before GC invocations=93388 (full 14):
 PSYoungGen      total 19456K, used 19104K [0x00000000d5580000, 0x00000000d6e00000, 0x0000000100000000)
  eden space 15872K, 100% used [0x00000000d5580000,0x00000000d6500000,0x00000000d6500000)
  from space 3584K, 90% used [0x00000000d6a80000,0x00000000d6da8000,0x00000000d6e00000)
  to   space 3584K, 0% used [0x00000000d6700000,0x00000000d6700000,0x00000000d6a80000)
 ParOldGen       total 472064K, used 472018K [0x0000000080000000, 0x000000009cd00000, 0x00000000d5580000)
  object space 472064K, 99% used [0x0000000080000000,0x000000009ccf4be0,0x000000009cd00000)
 Metaspace       used 110785K, committed 115584K, reserved 1179648K
  class space    used 13462K, committed 15744K, reserved 1048576K
}
Event: 2265.198 GC heap after
{Heap after GC invocations=93388 (full 14):
 PSYoungGen      total 19456K, used 3584K [0x00000000d5580000, 0x00000000d7400000, 0x0000000100000000)
  eden space 15872K, 0% used [0x00000000d5580000,0x00000000d5580000,0x00000000d6500000)
  from space 3584K, 100% used [0x00000000d6700000,0x00000000d6a80000,0x00000000d6a80000)
  to   space 7680K, 0% used [0x00000000d6c80000,0x00000000d6c80000,0x00000000d7400000)
 ParOldGen       total 475136K, used 475134K [0x0000000080000000, 0x000000009d000000, 0x00000000d5580000)
  object space 475136K, 99% used [0x0000000080000000,0x000000009cfff988,0x000000009d000000)
 Metaspace       used 110785K, committed 115584K, reserved 1179648K
  class space    used 13462K, committed 15744K, reserved 1048576K
}
Event: 2267.500 GC heap before
{Heap before GC invocations=93389 (full 14):
 PSYoungGen      total 19456K, used 19342K [0x00000000d5580000, 0x00000000d7400000, 0x0000000100000000)
  eden space 15872K, 99% used [0x00000000d5580000,0x00000000d64e3920,0x00000000d6500000)
  from space 3584K, 100% used [0x00000000d6700000,0x00000000d6a80000,0x00000000d6a80000)
  to   space 7680K, 0% used [0x00000000d6c80000,0x00000000d6c80000,0x00000000d7400000)
 ParOldGen       total 475136K, used 475134K [0x0000000080000000, 0x000000009d000000, 0x00000000d5580000)
  object space 475136K, 99% used [0x0000000080000000,0x000000009cfff988,0x000000009d000000)
 Metaspace       used 110806K, committed 115584K, reserved 1179648K
  class space    used 13462K, committed 15744K, reserved 1048576K
}
Event: 2267.513 GC heap after
{Heap after GC invocations=93389 (full 14):
 PSYoungGen      total 18432K, used 2048K [0x00000000d5580000, 0x00000000d6f00000, 0x0000000100000000)
  eden space 15872K, 0% used [0x00000000d5580000,0x00000000d5580000,0x00000000d6500000)
  from space 2560K, 80% used [0x00000000d6c80000,0x00000000d6e80010,0x00000000d6f00000)
  to   space 4096K, 0% used [0x00000000d6700000,0x00000000d6700000,0x00000000d6b00000)
 ParOldGen       total 478720K, used 478650K [0x0000000080000000, 0x000000009d380000, 0x00000000d5580000)
  object space 478720K, 99% used [0x0000000080000000,0x000000009d36e9d8,0x000000009d380000)
 Metaspace       used 110806K, committed 115584K, reserved 1179648K
  class space    used 13462K, committed 15744K, reserved 1048576K
}
Event: 2270.265 GC heap before
{Heap before GC invocations=93390 (full 14):
 PSYoungGen      total 18432K, used 17920K [0x00000000d5580000, 0x00000000d6f00000, 0x0000000100000000)
  eden space 15872K, 100% used [0x00000000d5580000,0x00000000d6500000,0x00000000d6500000)
  from space 2560K, 80% used [0x00000000d6c80000,0x00000000d6e80010,0x00000000d6f00000)
  to   space 4096K, 0% used [0x00000000d6700000,0x00000000d6700000,0x00000000d6b00000)
 ParOldGen       total 478720K, used 478650K [0x0000000080000000, 0x000000009d380000, 0x00000000d5580000)
  object space 478720K, 99% used [0x0000000080000000,0x000000009d36e9d8,0x000000009d380000)
 Metaspace       used 110848K, committed 115584K, reserved 1179648K
  class space    used 13462K, committed 15744K, reserved 1048576K
}
Event: 2270.272 GC heap after
{Heap after GC invocations=93390 (full 14):
 PSYoungGen      total 18432K, used 2141K [0x00000000d5580000, 0x00000000d6d00000, 0x0000000100000000)
  eden space 15872K, 0% used [0x00000000d5580000,0x00000000d5580000,0x00000000d6500000)
  from space 2560K, 83% used [0x00000000d6700000,0x00000000d6917510,0x00000000d6980000)
  to   space 2560K, 0% used [0x00000000d6a80000,0x00000000d6a80000,0x00000000d6d00000)
 ParOldGen       total 480768K, used 480338K [0x0000000080000000, 0x000000009d580000, 0x00000000d5580000)
  object space 480768K, 99% used [0x0000000080000000,0x000000009d514ab8,0x000000009d580000)
 Metaspace       used 110848K, committed 115584K, reserved 1179648K
  class space    used 13462K, committed 15744K, reserved 1048576K
}
Event: 2271.526 GC heap before
{Heap before GC invocations=93391 (full 14):
 PSYoungGen      total 18432K, used 18013K [0x00000000d5580000, 0x00000000d6d00000, 0x0000000100000000)
  eden space 15872K, 100% used [0x00000000d5580000,0x00000000d6500000,0x00000000d6500000)
  from space 2560K, 83% used [0x00000000d6700000,0x00000000d6917510,0x00000000d6980000)
  to   space 2560K, 0% used [0x00000000d6a80000,0x00000000d6a80000,0x00000000d6d00000)
 ParOldGen       total 480768K, used 480338K [0x0000000080000000, 0x000000009d580000, 0x00000000d5580000)
  object space 480768K, 99% used [0x0000000080000000,0x000000009d514ab8,0x000000009d580000)
 Metaspace       used 110945K, committed 115648K, reserved 1179648K
  class space    used 13462K, committed 15744K, reserved 1048576K
}
Event: 2271.534 GC heap after
{Heap after GC invocations=93391 (full 14):
 PSYoungGen      total 18432K, used 2166K [0x00000000d5580000, 0x00000000d6d00000, 0x0000000100000000)
  eden space 15872K, 0% used [0x00000000d5580000,0x00000000d5580000,0x00000000d6500000)
  from space 2560K, 84% used [0x00000000d6a80000,0x00000000d6c9d9a8,0x00000000d6d00000)
  to   space 2560K, 0% used [0x00000000d6700000,0x00000000d6700000,0x00000000d6980000)
 ParOldGen       total 482304K, used 482005K [0x0000000080000000, 0x000000009d700000, 0x00000000d5580000)
  object space 482304K, 99% used [0x0000000080000000,0x000000009d6b5798,0x000000009d700000)
 Metaspace       used 110945K, committed 115648K, reserved 1179648K
  class space    used 13462K, committed 15744K, reserved 1048576K
}
Event: 2272.037 GC heap before
{Heap before GC invocations=93392 (full 14):
 PSYoungGen      total 18432K, used 18038K [0x00000000d5580000, 0x00000000d6d00000, 0x0000000100000000)
  eden space 15872K, 100% used [0x00000000d5580000,0x00000000d6500000,0x00000000d6500000)
  from space 2560K, 84% used [0x00000000d6a80000,0x00000000d6c9d9a8,0x00000000d6d00000)
  to   space 2560K, 0% used [0x00000000d6700000,0x00000000d6700000,0x00000000d6980000)
 ParOldGen       total 482304K, used 482005K [0x0000000080000000, 0x000000009d700000, 0x00000000d5580000)
  object space 482304K, 99% used [0x0000000080000000,0x000000009d6b5798,0x000000009d700000)
 Metaspace       used 111283K, committed 115904K, reserved 1179648K
  class space    used 13462K, committed 15744K, reserved 1048576K
}
Event: 2272.044 GC heap after
{Heap after GC invocations=93392 (full 14):
 PSYoungGen      total 18432K, used 2534K [0x00000000d5580000, 0x00000000d6f00000, 0x0000000100000000)
  eden space 15872K, 0% used [0x00000000d5580000,0x00000000d5580000,0x00000000d6500000)
  from space 2560K, 99% used [0x00000000d6700000,0x00000000d6979bd0,0x00000000d6980000)
  to   space 5120K, 0% used [0x00000000d6a00000,0x00000000d6a00000,0x00000000d6f00000)
 ParOldGen       total 484352K, used 483922K [0x0000000080000000, 0x000000009d900000, 0x00000000d5580000)
  object space 484352K, 99% used [0x0000000080000000,0x000000009d894998,0x000000009d900000)
 Metaspace       used 111283K, committed 115904K, reserved 1179648K
  class space    used 13462K, committed 15744K, reserved 1048576K
}
Event: 2275.350 GC heap before
{Heap before GC invocations=93393 (full 14):
 PSYoungGen      total 18432K, used 18406K [0x00000000d5580000, 0x00000000d6f00000, 0x0000000100000000)
  eden space 15872K, 99% used [0x00000000d5580000,0x00000000d64ffff0,0x00000000d6500000)
  from space 2560K, 99% used [0x00000000d6700000,0x00000000d6979bd0,0x00000000d6980000)
  to   space 5120K, 0% used [0x00000000d6a00000,0x00000000d6a00000,0x00000000d6f00000)
 ParOldGen       total 484352K, used 483922K [0x0000000080000000, 0x000000009d900000, 0x00000000d5580000)
  object space 484352K, 99% used [0x0000000080000000,0x000000009d894998,0x000000009d900000)
 Metaspace       used 111302K, committed 115904K, reserved 1179648K
  class space    used 13462K, committed 15744K, reserved 1048576K
}
Event: 2275.380 GC heap after
{Heap after GC invocations=93393 (full 14):
 PSYoungGen      total 17920K, used 1741K [0x00000000d5580000, 0x00000000d6c00000, 0x0000000100000000)
  eden space 15872K, 0% used [0x00000000d5580000,0x00000000d5580000,0x00000000d6500000)
  from space 2048K, 85% used [0x00000000d6a00000,0x00000000d6bb3510,0x00000000d6c00000)
  to   space 3072K, 0% used [0x00000000d6600000,0x00000000d6600000,0x00000000d6900000)
 ParOldGen       total 486400K, used 486292K [0x0000000080000000, 0x000000009db00000, 0x00000000d5580000)
  object space 486400K, 99% used [0x0000000080000000,0x000000009dae5188,0x000000009db00000)
 Metaspace       used 111302K, committed 115904K, reserved 1179648K
  class space    used 13462K, committed 15744K, reserved 1048576K
}
Event: 2278.834 GC heap before
{Heap before GC invocations=93394 (full 14):
 PSYoungGen      total 17920K, used 17613K [0x00000000d5580000, 0x00000000d6c00000, 0x0000000100000000)
  eden space 15872K, 99% used [0x00000000d5580000,0x00000000d64ffef8,0x00000000d6500000)
  from space 2048K, 85% used [0x00000000d6a00000,0x00000000d6bb3510,0x00000000d6c00000)
  to   space 3072K, 0% used [0x00000000d6600000,0x00000000d6600000,0x00000000d6900000)
 ParOldGen       total 486400K, used 486292K [0x0000000080000000, 0x000000009db00000, 0x00000000d5580000)
  object space 486400K, 99% used [0x0000000080000000,0x000000009dae5188,0x000000009db00000)
 Metaspace       used 111535K, committed 115968K, reserved 1179648K
  class space    used 13507K, committed 15744K, reserved 1048576K
}
Event: 2278.865 GC heap after
{Heap after GC invocations=93394 (full 14):
 PSYoungGen      total 18944K, used 928K [0x00000000d5580000, 0x00000000d6a80000, 0x0000000100000000)
  eden space 15872K, 0% used [0x00000000d5580000,0x00000000d5580000,0x00000000d6500000)
  from space 3072K, 30% used [0x00000000d6600000,0x00000000d66e8010,0x00000000d6900000)
  to   space 1536K, 0% used [0x00000000d6900000,0x00000000d6900000,0x00000000d6a80000)
 ParOldGen       total 487936K, used 487697K [0x0000000080000000, 0x000000009dc80000, 0x00000000d5580000)
  object space 487936K, 99% used [0x0000000080000000,0x000000009dc446d8,0x000000009dc80000)
 Metaspace       used 111535K, committed 115968K, reserved 1179648K
  class space    used 13507K, committed 15744K, reserved 1048576K
}

Dll operation events (20 events):
Event: 0.177 Attempting to load shared library C:\Users\yoohy\.vscode\extensions\redhat.java-1.56.0-win32-x64\jre\21.0.12.1-win32-x86_64\bin\zip.dll
Event: 0.177 Loaded shared library C:\Users\yoohy\.vscode\extensions\redhat.java-1.56.0-win32-x64\jre\21.0.12.1-win32-x86_64\bin\zip.dll
Event: 0.203 Attempting to load shared library C:\Users\yoohy\.vscode\extensions\redhat.java-1.56.0-win32-x64\jre\21.0.12.1-win32-x86_64\bin\jimage.dll
Event: 0.203 Loaded shared library C:\Users\yoohy\.vscode\extensions\redhat.java-1.56.0-win32-x64\jre\21.0.12.1-win32-x86_64\bin\jimage.dll
Event: 0.300 Attempting to load shared library c:\Users\yoohy\.vscode\extensions\redhat.java-1.56.0-win32-x64\jre\21.0.12.1-win32-x86_64\bin\verify.dll
Event: 0.301 Loaded shared library c:\Users\yoohy\.vscode\extensions\redhat.java-1.56.0-win32-x64\jre\21.0.12.1-win32-x86_64\bin\verify.dll
Event: 1.974 Attempting to load shared library C:\Users\yoohy\AppData\Roaming\Code\User\globalStorage\redhat.java\1.56.0\config_win\org.eclipse.equinox.launcher\org.eclipse.equinox.launcher.win32.win32.x86_64_1.3.100.v20260804-1928\eclipse_11924.dll
Event: 1.978 Loaded shared library C:\Users\yoohy\AppData\Roaming\Code\User\globalStorage\redhat.java\1.56.0\config_win\org.eclipse.equinox.launcher\org.eclipse.equinox.launcher.win32.win32.x86_64_1.3.100.v20260804-1928\eclipse_11924.dll
Event: 4.378 Attempting to load shared library C:\Users\yoohy\AppData\Local\Temp\jna-115162858\jna5922655172823912633.dll
Event: 4.513 Loaded shared library C:\Users\yoohy\AppData\Local\Temp\jna-115162858\jna5922655172823912633.dll
Event: 25.021 Attempting to load shared library C:\Users\yoohy\.gradle\native\660c5614fbf4a5f2a75b1949f50a0caf5cd603558e7d8a26e50b933a0cfb79d1\windows-amd64\native-platform.dll
Event: 25.022 Loaded shared library C:\Users\yoohy\.gradle\native\660c5614fbf4a5f2a75b1949f50a0caf5cd603558e7d8a26e50b933a0cfb79d1\windows-amd64\native-platform.dll
Event: 25.621 Attempting to load shared library C:\Users\yoohy\.vscode\extensions\redhat.java-1.56.0-win32-x64\jre\21.0.12.1-win32-x86_64\bin\management.dll
Event: 25.621 Loaded shared library C:\Users\yoohy\.vscode\extensions\redhat.java-1.56.0-win32-x64\jre\21.0.12.1-win32-x86_64\bin\management.dll
Event: 25.625 Attempting to load shared library C:\Users\yoohy\.vscode\extensions\redhat.java-1.56.0-win32-x64\jre\21.0.12.1-win32-x86_64\bin\management_ext.dll
Event: 25.626 Loaded shared library C:\Users\yoohy\.vscode\extensions\redhat.java-1.56.0-win32-x64\jre\21.0.12.1-win32-x86_64\bin\management_ext.dll
Event: 29.171 Attempting to load shared library C:\Users\yoohy\.vscode\extensions\redhat.java-1.56.0-win32-x64\jre\21.0.12.1-win32-x86_64\bin\extnet.dll
Event: 29.171 Loaded shared library C:\Users\yoohy\.vscode\extensions\redhat.java-1.56.0-win32-x64\jre\21.0.12.1-win32-x86_64\bin\extnet.dll
Event: 33.617 Attempting to load shared library C:\Users\yoohy\.vscode\extensions\redhat.java-1.56.0-win32-x64\jre\21.0.12.1-win32-x86_64\bin\sunmscapi.dll
Event: 33.621 Loaded shared library C:\Users\yoohy\.vscode\extensions\redhat.java-1.56.0-win32-x64\jre\21.0.12.1-win32-x86_64\bin\sunmscapi.dll

Deoptimization events (20 events):
Event: 2282.007 Thread 0x000001c436565590 Uncommon trap: trap_request=0xffffffde fr.pc=0x000001c38bd3c60c relative=0x000000000000022c
Event: 2282.007 Thread 0x000001c436565590 Uncommon trap: reason=class_check action=maybe_recompile pc=0x000001c38bd3c60c method=org.eclipse.jdt.internal.core.Openable.openAncestors(Ljava/util/Map;Lorg/eclipse/core/runtime/IProgressMonitor;)V @ 21 c2
Event: 2282.007 Thread 0x000001c436565590 DEOPT PACKING pc=0x000001c38bd3c60c sp=0x000000c033bfe870
Event: 2282.007 Thread 0x000001c436565590 DEOPT UNPACKING pc=0x000001c38a5e3aa2 sp=0x000000c033bfe810 mode 2
Event: 2282.059 Thread 0x000001c436565590 Uncommon trap: trap_request=0xffffffc6 fr.pc=0x000001c38b02f134 relative=0x0000000000000eb4
Event: 2282.059 Thread 0x000001c436565590 Uncommon trap: reason=bimorphic_or_optimized_type_check action=maybe_recompile pc=0x000001c38b02f134 method=org.eclipse.jdt.internal.compiler.parser.Parser.consumeToken(Lorg/eclipse/jdt/internal/compiler/parser/TerminalToken;)V @ 1862 c2
Event: 2282.059 Thread 0x000001c436565590 DEOPT PACKING pc=0x000001c38b02f134 sp=0x000000c033bfe390
Event: 2282.059 Thread 0x000001c436565590 DEOPT UNPACKING pc=0x000001c38a5e3aa2 sp=0x000000c033bfe348 mode 2
Event: 2282.111 Thread 0x000001c436565590 Uncommon trap: trap_request=0xffffffde fr.pc=0x000001c38bd3c60c relative=0x000000000000022c
Event: 2282.111 Thread 0x000001c436565590 Uncommon trap: reason=class_check action=maybe_recompile pc=0x000001c38bd3c60c method=org.eclipse.jdt.internal.core.Openable.openAncestors(Ljava/util/Map;Lorg/eclipse/core/runtime/IProgressMonitor;)V @ 21 c2
Event: 2282.111 Thread 0x000001c436565590 DEOPT PACKING pc=0x000001c38bd3c60c sp=0x000000c033bfe870
Event: 2282.111 Thread 0x000001c436565590 DEOPT UNPACKING pc=0x000001c38a5e3aa2 sp=0x000000c033bfe810 mode 2
Event: 2282.185 Thread 0x000001c436565590 Uncommon trap: trap_request=0xffffff3d fr.pc=0x000001c38c3b8568 relative=0x0000000000000148
Event: 2282.185 Thread 0x000001c436565590 Uncommon trap: reason=unstable_fused_if action=reinterpret pc=0x000001c38c3b8568 method=org.eclipse.jdt.core.Signature.checkArrayDimension([CII)I @ 8 c2
Event: 2282.185 Thread 0x000001c436565590 DEOPT PACKING pc=0x000001c38c3b8568 sp=0x000000c033bfdf30
Event: 2282.185 Thread 0x000001c436565590 DEOPT UNPACKING pc=0x000001c38a5e3aa2 sp=0x000000c033bfdec0 mode 2
Event: 2282.185 Thread 0x000001c436565590 Uncommon trap: trap_request=0xffffff45 fr.pc=0x000001c38c3bd748 relative=0x0000000000000608
Event: 2282.185 Thread 0x000001c436565590 Uncommon trap: reason=unstable_if action=reinterpret pc=0x000001c38c3bd748 method=org.eclipse.jdt.core.Signature.encodeQualifiedName([CIILjava/lang/StringBuilder;)I @ 16 c2
Event: 2282.185 Thread 0x000001c436565590 DEOPT PACKING pc=0x000001c38c3bd748 sp=0x000000c033bfdef0
Event: 2282.185 Thread 0x000001c436565590 DEOPT UNPACKING pc=0x000001c38a5e3aa2 sp=0x000000c033bfdea0 mode 2

Classes loaded (20 events):
Event: 139.869 Loading class java/util/stream/Nodes$ConcNode
Event: 139.869 Loading class java/util/stream/Nodes$AbstractConcNode
Event: 139.869 Loading class java/util/stream/Nodes$AbstractConcNode done
Event: 139.869 Loading class java/util/stream/Nodes$ConcNode done
Event: 724.867 Loading class com/sun/org/apache/xerces/internal/xni/grammars/XMLGrammarPool
Event: 724.867 Loading class com/sun/org/apache/xerces/internal/xni/grammars/XMLGrammarPool done
Event: 1173.420 Loading class java/util/LinkedList$LLSpliterator
Event: 1173.421 Loading class java/util/LinkedList$LLSpliterator done
Event: 1240.073 Loading class java/net/DatagramPacket
Event: 1240.088 Loading class java/net/DatagramPacket done
Event: 1637.499 Loading class jdk/internal/module/IllegalAccessLogger
Event: 1637.500 Loading class jdk/internal/module/IllegalAccessLogger done
Event: 1654.231 Loading class jdk/internal/module/IllegalAccessLogger
Event: 1654.231 Loading class jdk/internal/module/IllegalAccessLogger done
Event: 1673.395 Loading class java/io/SequenceInputStream
Event: 1673.395 Loading class java/io/SequenceInputStream done
Event: 2270.615 Loading class jdk/internal/module/IllegalAccessLogger
Event: 2270.616 Loading class jdk/internal/module/IllegalAccessLogger done
Event: 2274.072 Loading class jdk/internal/module/IllegalAccessLogger
Event: 2274.072 Loading class jdk/internal/module/IllegalAccessLogger done

Classes unloaded (20 events):
Event: 2238.811 Thread 0x000001c3d8815c20 Unloading class 0x000001c398016400 'java/lang/invoke/LambdaForm$MH+0x000001c398016400'
Event: 2238.811 Thread 0x000001c3d8815c20 Unloading class 0x000001c398014800 'java/lang/invoke/LambdaForm$MH+0x000001c398014800'
Event: 2238.812 Thread 0x000001c3d8815c20 Unloading class 0x000001c39800d800 'java/lang/invoke/LambdaForm$MH+0x000001c39800d800'
Event: 2238.812 Thread 0x000001c3d8815c20 Unloading class 0x000001c39800d400 'java/lang/invoke/LambdaForm$MH+0x000001c39800d400'
Event: 2238.812 Thread 0x000001c3d8815c20 Unloading class 0x000001c39800d000 'java/lang/invoke/LambdaForm$MH+0x000001c39800d000'
Event: 2238.812 Thread 0x000001c3d8815c20 Unloading class 0x000001c39800cc00 'java/lang/invoke/LambdaForm$MH+0x000001c39800cc00'
Event: 2238.812 Thread 0x000001c3d8815c20 Unloading class 0x000001c39800c800 'java/lang/invoke/LambdaForm$BMH+0x000001c39800c800'
Event: 2238.812 Thread 0x000001c3d8815c20 Unloading class 0x000001c39800c000 'java/lang/invoke/LambdaForm$DMH+0x000001c39800c000'
Event: 2238.812 Thread 0x000001c3d8815c20 Unloading class 0x000001c398008c00 'java/lang/invoke/LambdaForm$MH+0x000001c398008c00'
Event: 2238.813 Thread 0x000001c3d8815c20 Unloading class 0x000001c398008800 'java/lang/invoke/LambdaForm$MH+0x000001c398008800'
Event: 2238.813 Thread 0x000001c3d8815c20 Unloading class 0x000001c398008400 'java/lang/invoke/LambdaForm$MH+0x000001c398008400'
Event: 2238.813 Thread 0x000001c3d8815c20 Unloading class 0x000001c398007000 'java/lang/invoke/LambdaForm$MH+0x000001c398007000'
Event: 2238.813 Thread 0x000001c3d8815c20 Unloading class 0x000001c398006c00 'java/lang/invoke/LambdaForm$MH+0x000001c398006c00'
Event: 2238.813 Thread 0x000001c3d8815c20 Unloading class 0x000001c398006800 'java/lang/invoke/LambdaForm$MH+0x000001c398006800'
Event: 2238.813 Thread 0x000001c3d8815c20 Unloading class 0x000001c398006400 'java/lang/invoke/LambdaForm$MH+0x000001c398006400'
Event: 2238.813 Thread 0x000001c3d8815c20 Unloading class 0x000001c398005c00 'java/lang/invoke/LambdaForm$BMH+0x000001c398005c00'
Event: 2238.813 Thread 0x000001c3d8815c20 Unloading class 0x000001c398004800 'java/lang/invoke/LambdaForm$DMH+0x000001c398004800'
Event: 2238.813 Thread 0x000001c3d8815c20 Unloading class 0x000001c398002400 'java/lang/invoke/LambdaForm$MH+0x000001c398002400'
Event: 2238.813 Thread 0x000001c3d8815c20 Unloading class 0x000001c398002000 'java/lang/invoke/LambdaForm$MH+0x000001c398002000'
Event: 2238.813 Thread 0x000001c3d8815c20 Unloading class 0x000001c398001800 'java/lang/invoke/LambdaForm$MH+0x000001c398001800'

Classes redefined (0 events):
No events

Internal exceptions (20 events):
Event: 2282.174 Thread 0x000001c436565590 Exception <a 'java/io/IOException'{0x00000000d62d7698}> (0x00000000d62d7698) 
thrown [s\src\hotspot\share\prims\jni.cpp, line 520]
Event: 2282.181 Thread 0x000001c436565590 Implicit null exception at 0x000001c38326e21b to 0x000001c38326e7d5
Event: 2282.181 Thread 0x000001c436565590 Exception <a 'java/lang/NullPointerException'{0x00000000d62fac90}> (0x00000000d62fac90) 
thrown [s\src\hotspot\share\runtime\sharedRuntime.cpp, line 625]
Event: 2282.181 Thread 0x000001c436565590 Implicit null exception at 0x000001c38326e21b to 0x000001c38326e7d5
Event: 2282.181 Thread 0x000001c436565590 Exception <a 'java/lang/NullPointerException'{0x00000000d62fb530}> (0x00000000d62fb530) 
thrown [s\src\hotspot\share\runtime\sharedRuntime.cpp, line 625]
Event: 2282.181 Thread 0x000001c436565590 Implicit null exception at 0x000001c38326e21b to 0x000001c38326e7d5
Event: 2282.181 Thread 0x000001c436565590 Exception <a 'java/lang/NullPointerException'{0x00000000d62fbca8}> (0x00000000d62fbca8) 
thrown [s\src\hotspot\share\runtime\sharedRuntime.cpp, line 625]
Event: 2282.181 Thread 0x000001c436565590 Implicit null exception at 0x000001c38326e21b to 0x000001c38326e7d5
Event: 2282.181 Thread 0x000001c436565590 Exception <a 'java/lang/NullPointerException'{0x00000000d62fc438}> (0x00000000d62fc438) 
thrown [s\src\hotspot\share\runtime\sharedRuntime.cpp, line 625]
Event: 2282.181 Thread 0x000001c436565590 Implicit null exception at 0x000001c38326e21b to 0x000001c38326e7d5
Event: 2282.181 Thread 0x000001c436565590 Exception <a 'java/lang/NullPointerException'{0x00000000d62fcf78}> (0x00000000d62fcf78) 
thrown [s\src\hotspot\share\runtime\sharedRuntime.cpp, line 625]
Event: 2282.191 Thread 0x000001c436565590 Exception <a 'java/io/IOException'{0x00000000d6317900}> (0x00000000d6317900) 
thrown [s\src\hotspot\share\prims\jni.cpp, line 520]
Event: 2282.191 Thread 0x000001c436565590 Exception <a 'java/io/IOException'{0x00000000d6317ed0}> (0x00000000d6317ed0) 
thrown [s\src\hotspot\share\prims\jni.cpp, line 520]
Event: 2282.191 Thread 0x000001c436565590 Exception <a 'java/io/IOException'{0x00000000d63184a0}> (0x00000000d63184a0) 
thrown [s\src\hotspot\share\prims\jni.cpp, line 520]
Event: 2282.214 Thread 0x000001c436565590 Implicit null exception at 0x000001c38326e21b to 0x000001c38326e7d5
Event: 2282.214 Thread 0x000001c436565590 Exception <a 'java/lang/NullPointerException'{0x00000000d6439ac8}> (0x00000000d6439ac8) 
thrown [s\src\hotspot\share\runtime\sharedRuntime.cpp, line 625]
Event: 2282.214 Thread 0x000001c436565590 Implicit null exception at 0x000001c38326e21b to 0x000001c38326e7d5
Event: 2282.214 Thread 0x000001c436565590 Exception <a 'java/lang/NullPointerException'{0x00000000d643a2c0}> (0x00000000d643a2c0) 
thrown [s\src\hotspot\share\runtime\sharedRuntime.cpp, line 625]
Event: 2282.214 Thread 0x000001c436565590 Implicit null exception at 0x000001c38326e21b to 0x000001c38326e7d5
Event: 2282.214 Thread 0x000001c436565590 Exception <a 'java/lang/NullPointerException'{0x00000000d643b0e8}> (0x00000000d643b0e8) 
thrown [s\src\hotspot\share\runtime\sharedRuntime.cpp, line 625]

ZGC Phase Switch (0 events):
No events

VM Operations (20 events):
Event: 2276.700 Executing safepoint VM operation: Cleanup done
Event: 2277.563 Executing non-safepoint VM operation: HandshakeAllThreads (Deoptimize)
Event: 2277.587 Executing non-safepoint VM operation: HandshakeAllThreads (Deoptimize) done
Event: 2277.624 Executing non-safepoint VM operation: HandshakeAllThreads (Deoptimize)
Event: 2277.634 Executing non-safepoint VM operation: HandshakeAllThreads (Deoptimize) done
Event: 2277.671 Executing non-safepoint VM operation: HandshakeAllThreads (Deoptimize)
Event: 2277.681 Executing non-safepoint VM operation: HandshakeAllThreads (Deoptimize) done
Event: 2277.695 Executing non-safepoint VM operation: HandshakeAllThreads (Deoptimize)
Event: 2277.704 Executing non-safepoint VM operation: HandshakeAllThreads (Deoptimize) done
Event: 2277.704 Executing safepoint VM operation: Cleanup
Event: 2277.704 Executing safepoint VM operation: Cleanup done
Event: 2278.834 Executing safepoint VM operation: ParallelGCFailedAllocation (Allocation Failure)
Event: 2278.865 Executing safepoint VM operation: ParallelGCFailedAllocation (Allocation Failure) done
Event: 2280.245 Executing non-safepoint VM operation: HandshakeAllThreads (Deoptimize)
Event: 2280.256 Executing non-safepoint VM operation: HandshakeAllThreads (Deoptimize) done
Event: 2280.256 Executing safepoint VM operation: Cleanup
Event: 2280.257 Executing safepoint VM operation: Cleanup done
Event: 2281.258 Executing safepoint VM operation: Cleanup
Event: 2281.259 Executing safepoint VM operation: Cleanup done
Event: 2282.622 Executing safepoint VM operation: ParallelGCFailedAllocation (Allocation Failure)

Memory protections (0 events):
No events

Nmethod flushes (20 events):
Event: 2239.308 Thread 0x000001c3d8815c20 flushing  nmethod 0x000001c3859c9490
Event: 2239.309 Thread 0x000001c3d8815c20 flushing  nmethod 0x000001c3859d2790
Event: 2239.309 Thread 0x000001c3d8815c20 flushing  nmethod 0x000001c385a48010
Event: 2239.309 Thread 0x000001c3d8815c20 flushing  nmethod 0x000001c385a5f490
Event: 2239.309 Thread 0x000001c3d8815c20 flushing  nmethod 0x000001c385a84d10
Event: 2239.309 Thread 0x000001c3d8815c20 flushing  nmethod 0x000001c385abb790
Event: 2239.309 Thread 0x000001c3d8815c20 flushing  nmethod 0x000001c385b75a90
Event: 2239.309 Thread 0x000001c3d8815c20 flushing  nmethod 0x000001c385bf1410
Event: 2239.309 Thread 0x000001c3d8815c20 flushing  nmethod 0x000001c385cd6690
Event: 2239.309 Thread 0x000001c3d8815c20 flushing  nmethod 0x000001c385cdbd90
Event: 2239.309 Thread 0x000001c3d8815c20 flushing  nmethod 0x000001c385d44090
Event: 2239.309 Thread 0x000001c3d8815c20 flushing  nmethod 0x000001c385dabf10
Event: 2239.309 Thread 0x000001c3d8815c20 flushing  nmethod 0x000001c385de9a90
Event: 2239.309 Thread 0x000001c3d8815c20 flushing  nmethod 0x000001c385e5c510
Event: 2239.309 Thread 0x000001c3d8815c20 flushing  nmethod 0x000001c385f08090
Event: 2239.309 Thread 0x000001c3d8815c20 flushing  nmethod 0x000001c385f32190
Event: 2239.309 Thread 0x000001c3d8815c20 flushing  nmethod 0x000001c385f72790
Event: 2239.309 Thread 0x000001c3d8815c20 flushing  nmethod 0x000001c385facc90
Event: 2239.309 Thread 0x000001c3d8815c20 flushing  nmethod 0x000001c385fb5c90
Event: 2239.309 Thread 0x000001c3d8815c20 flushing  nmethod 0x000001c386013c10

Events (20 events):
Event: 2278.373 Thread 0x000001c421b68240 Thread exited: 0x000001c421b68240
Event: 2278.386 Thread 0x000001c3e2a529e0 Thread exited: 0x000001c3e2a529e0
Event: 2278.386 Thread 0x000001c3ec179b00 Thread added: 0x000001c421b017e0
Event: 2278.386 Thread 0x000001c3ef329000 Thread added: 0x000001c421b08e00
Event: 2278.387 Thread 0x000001c43655ec90 Thread exited: 0x000001c43655ec90
Event: 2278.387 Thread 0x000001c421b0c280 Thread exited: 0x000001c421b0c280
Event: 2278.832 Thread 0x000001c3e27a8fb0 Thread exited: 0x000001c3e27a8fb0
Event: 2278.871 Thread 0x000001c421b56180 Thread exited: 0x000001c421b56180
Event: 2280.169 Thread 0x000001c421b64dc0 Thread exited: 0x000001c421b64dc0
Event: 2280.170 Thread 0x000001c3e24ab5c0 Thread exited: 0x000001c3e24ab5c0
Event: 2280.170 Thread 0x000001c421b69c80 Thread exited: 0x000001c421b69c80
Event: 2280.171 Thread 0x000001c3e05b7e90 Thread exited: 0x000001c3e05b7e90
Event: 2280.186 Thread 0x000001c3ece68910 Thread added: 0x000001c421b0c280
Event: 2280.318 Thread 0x000001c3f4164610 Thread exited: 0x000001c3f4164610
Event: 2280.318 Thread 0x000001c3f0a9f7e0 Thread exited: 0x000001c3f0a9f7e0
Event: 2280.877 Thread 0x000001c43653ab10 Thread exited: 0x000001c43653ab10
Event: 2280.877 Thread 0x000001c4365348a0 Thread exited: 0x000001c4365348a0
Event: 2280.877 Thread 0x000001c421b6f860 Thread exited: 0x000001c421b6f860
Event: 2280.880 Thread 0x000001c421b712a0 Thread exited: 0x000001c421b712a0
Event: 2280.883 Thread 0x000001c3e0e47770 Thread added: 0x000001c421b11140


Dynamic libraries:
0x00007ff664880000 - 0x00007ff66488e000 	c:\Users\yoohy\.vscode\extensions\redhat.java-1.56.0-win32-x64\jre\21.0.12.1-win32-x86_64\bin\java.exe
0x00007ffa53940000 - 0x00007ffa53ba6000 	C:\windows\SYSTEM32\ntdll.dll
0x00007ffa517e0000 - 0x00007ffa518a9000 	C:\windows\System32\KERNEL32.DLL
0x00007ffa50c80000 - 0x00007ffa5107f000 	C:\windows\System32\KERNELBASE.dll
0x00007ffa51150000 - 0x00007ffa5129c000 	C:\windows\System32\ucrtbase.dll
0x00007ff9bbe30000 - 0x00007ff9bbe4e000 	c:\Users\yoohy\.vscode\extensions\redhat.java-1.56.0-win32-x64\jre\21.0.12.1-win32-x86_64\bin\VCRUNTIME140.dll
0x00007ff9bb0e0000 - 0x00007ff9bb0f8000 	c:\Users\yoohy\.vscode\extensions\redhat.java-1.56.0-win32-x64\jre\21.0.12.1-win32-x86_64\bin\jli.dll
0x00007ffa52020000 - 0x00007ffa521e6000 	C:\windows\System32\USER32.dll
0x00007ffa34650000 - 0x00007ffa348e1000 	C:\windows\WinSxS\amd64_microsoft.windows.common-controls_6595b64144ccf1df_6.0.26100.8972_none_3e0da176e32f9d4b\COMCTL32.dll
0x00007ffa514f0000 - 0x00007ffa51517000 	C:\windows\System32\win32u.dll
0x00007ffa53330000 - 0x00007ffa533d9000 	C:\windows\System32\msvcrt.dll
0x00007ffa531c0000 - 0x00007ffa531eb000 	C:\windows\System32\GDI32.dll
0x00007ffa50b50000 - 0x00007ffa50c79000 	C:\windows\System32\gdi32full.dll
0x00007ffa51440000 - 0x00007ffa514e3000 	C:\windows\System32\msvcp_win.dll
0x00007ffa52e10000 - 0x00007ffa52e42000 	C:\windows\System32\IMM32.DLL
0x00007ffa337b0000 - 0x00007ffa337bc000 	c:\Users\yoohy\.vscode\extensions\redhat.java-1.56.0-win32-x64\jre\21.0.12.1-win32-x86_64\bin\vcruntime140_1.dll
0x00007ff99d010000 - 0x00007ff99d09d000 	c:\Users\yoohy\.vscode\extensions\redhat.java-1.56.0-win32-x64\jre\21.0.12.1-win32-x86_64\bin\msvcp140.dll
0x00007ff99c260000 - 0x00007ff99d002000 	c:\Users\yoohy\.vscode\extensions\redhat.java-1.56.0-win32-x64\jre\21.0.12.1-win32-x86_64\bin\server\jvm.dll
0x00007ffa53830000 - 0x00007ffa538ec000 	C:\windows\System32\ADVAPI32.dll
0x00007ffa536f0000 - 0x00007ffa5379a000 	C:\windows\System32\sechost.dll
0x00007ffa519b0000 - 0x00007ffa51ac8000 	C:\windows\System32\RPCRT4.dll
0x00007ffa533e0000 - 0x00007ffa53462000 	C:\windows\System32\WS2_32.dll
0x00007ffa509b0000 - 0x00007ffa50a0e000 	C:\windows\SYSTEM32\POWRPROF.dll
0x00007ffa37940000 - 0x00007ffa37976000 	C:\windows\SYSTEM32\WINMM.dll
0x00007ffa30cf0000 - 0x00007ffa30cfb000 	C:\windows\SYSTEM32\VERSION.dll
0x00007ffa50990000 - 0x00007ffa509a5000 	C:\windows\SYSTEM32\UMPDC.dll
0x00007ffa4f830000 - 0x00007ffa4f84b000 	C:\windows\SYSTEM32\kernel.appcore.dll
0x00007ffa27d20000 - 0x00007ffa27d2a000 	c:\Users\yoohy\.vscode\extensions\redhat.java-1.56.0-win32-x64\jre\21.0.12.1-win32-x86_64\bin\jimage.dll
0x00007ffa4d910000 - 0x00007ffa4db52000 	C:\windows\SYSTEM32\DBGHELP.DLL
0x00007ffa51ad0000 - 0x00007ffa51e55000 	C:\windows\System32\combase.dll
0x00007ffa52f00000 - 0x00007ffa52fd9000 	C:\windows\System32\OLEAUT32.dll
0x00007ffa2a450000 - 0x00007ffa2a48b000 	C:\windows\SYSTEM32\dbgcore.DLL
0x00007ffa515b0000 - 0x00007ffa5165c000 	C:\windows\System32\bcryptPrimitives.dll
0x00007ffa27cf0000 - 0x00007ffa27cff000 	c:\Users\yoohy\.vscode\extensions\redhat.java-1.56.0-win32-x64\jre\21.0.12.1-win32-x86_64\bin\instrument.dll
0x00007ff9ba9b0000 - 0x00007ff9ba9d0000 	c:\Users\yoohy\.vscode\extensions\redhat.java-1.56.0-win32-x64\jre\21.0.12.1-win32-x86_64\bin\java.dll
0x00007ffa52680000 - 0x00007ffa52e08000 	C:\windows\System32\SHELL32.dll
0x00007ffa4e5d0000 - 0x00007ffa4ee6b000 	C:\windows\SYSTEM32\windows.storage.dll
0x00007ffa53470000 - 0x00007ffa53569000 	C:\windows\System32\SHCORE.dll
0x00007ffa518b0000 - 0x00007ffa51916000 	C:\windows\System32\shlwapi.dll
0x00007ffa50a70000 - 0x00007ffa50a99000 	C:\windows\SYSTEM32\profapi.dll
0x00007ff9ba990000 - 0x00007ff9ba9a8000 	c:\Users\yoohy\.vscode\extensions\redhat.java-1.56.0-win32-x64\jre\21.0.12.1-win32-x86_64\bin\zip.dll
0x00007ffa27b30000 - 0x00007ffa27b40000 	C:\Users\yoohy\.vscode\extensions\redhat.java-1.56.0-win32-x64\jre\21.0.12.1-win32-x86_64\bin\net.dll
0x00007ffa48330000 - 0x00007ffa48458000 	C:\windows\SYSTEM32\WINHTTP.dll
0x00007ffa4fde0000 - 0x00007ffa4fe4c000 	C:\windows\system32\mswsock.dll
0x00007ff9ba8b0000 - 0x00007ff9ba8c6000 	C:\Users\yoohy\.vscode\extensions\redhat.java-1.56.0-win32-x64\jre\21.0.12.1-win32-x86_64\bin\nio.dll
0x00007ffa16990000 - 0x00007ffa169a0000 	c:\Users\yoohy\.vscode\extensions\redhat.java-1.56.0-win32-x64\jre\21.0.12.1-win32-x86_64\bin\verify.dll
0x00007ffa31780000 - 0x00007ffa317c5000 	C:\Users\yoohy\AppData\Roaming\Code\User\globalStorage\redhat.java\1.56.0\config_win\org.eclipse.equinox.launcher\org.eclipse.equinox.launcher.win32.win32.x86_64_1.3.100.v20260804-1928\eclipse_11924.dll
0x00007ffa51e60000 - 0x00007ffa51ff9000 	C:\windows\System32\ole32.dll
0x00007ffa500d0000 - 0x00007ffa500eb000 	C:\windows\SYSTEM32\CRYPTSP.dll
0x00007ffa4f790000 - 0x00007ffa4f7c9000 	C:\windows\system32\rsaenh.dll
0x00007ffa4fe90000 - 0x00007ffa4fec2000 	C:\windows\SYSTEM32\USERENV.dll
0x00007ffa50a40000 - 0x00007ffa50a6a000 	C:\windows\SYSTEM32\bcrypt.dll
0x00007ffa500f0000 - 0x00007ffa500fc000 	C:\windows\SYSTEM32\CRYPTBASE.dll
0x00007ffa4f280000 - 0x00007ffa4f2b3000 	C:\windows\SYSTEM32\IPHLPAPI.DLL
0x00007ffa51920000 - 0x00007ffa5192a000 	C:\windows\System32\NSI.dll
0x00007ffa29ef0000 - 0x00007ffa29f39000 	C:\Users\yoohy\AppData\Local\Temp\jna-115162858\jna5922655172823912633.dll
0x00007ffa532f0000 - 0x00007ffa532f8000 	C:\windows\System32\PSAPI.DLL
0x00007ffa49930000 - 0x00007ffa4994d000 	C:\windows\SYSTEM32\dhcpcsvc6.DLL
0x00007ffa49900000 - 0x00007ffa49925000 	C:\windows\SYSTEM32\dhcpcsvc.DLL
0x00007ffa29420000 - 0x00007ffa29447000 	C:\Users\yoohy\.gradle\native\660c5614fbf4a5f2a75b1949f50a0caf5cd603558e7d8a26e50b933a0cfb79d1\windows-amd64\native-platform.dll
0x00007ffa316c0000 - 0x00007ffa316ca000 	C:\Users\yoohy\.vscode\extensions\redhat.java-1.56.0-win32-x64\jre\21.0.12.1-win32-x86_64\bin\management.dll
0x00007ffa29ee0000 - 0x00007ffa29eec000 	C:\Users\yoohy\.vscode\extensions\redhat.java-1.56.0-win32-x64\jre\21.0.12.1-win32-x86_64\bin\management_ext.dll
0x00007ffa316d0000 - 0x00007ffa316d9000 	C:\Users\yoohy\.vscode\extensions\redhat.java-1.56.0-win32-x64\jre\21.0.12.1-win32-x86_64\bin\extnet.dll
0x00007ffa317d0000 - 0x00007ffa317de000 	C:\Users\yoohy\.vscode\extensions\redhat.java-1.56.0-win32-x64\jre\21.0.12.1-win32-x86_64\bin\sunmscapi.dll
0x00007ffa512b0000 - 0x00007ffa5142e000 	C:\windows\System32\CRYPT32.dll
0x00007ffa50310000 - 0x00007ffa50340000 	C:\windows\SYSTEM32\ncrypt.dll
0x00007ffa502c0000 - 0x00007ffa502ff000 	C:\windows\SYSTEM32\NTASN1.dll
0x00007ffa31ae0000 - 0x00007ffa31ae8000 	C:\windows\system32\wshunix.dll

JVMTI agents:
c:\Users\yoohy\.vscode\extensions\redhat.java-1.56.0-win32-x64\lombok\lombok-1.18.39-4050.jar path:c:\Users\yoohy\.vscode\extensions\redhat.java-1.56.0-win32-x64\jre\21.0.12.1-win32-x86_64\bin\instrument.dll, loaded, initialized, instrumentlib options:none

dbghelp: loaded successfully - version: 4.0.5 - missing functions: none
symbol engine: initialized successfully - sym options: 0x614 - pdb path: .;c:\Users\yoohy\.vscode\extensions\redhat.java-1.56.0-win32-x64\jre\21.0.12.1-win32-x86_64\bin;C:\windows\SYSTEM32;C:\windows\WinSxS\amd64_microsoft.windows.common-controls_6595b64144ccf1df_6.0.26100.8972_none_3e0da176e32f9d4b;c:\Users\yoohy\.vscode\extensions\redhat.java-1.56.0-win32-x64\jre\21.0.12.1-win32-x86_64\bin\server;C:\Users\yoohy\AppData\Roaming\Code\User\globalStorage\redhat.java\1.56.0\config_win\org.eclipse.equinox.launcher\org.eclipse.equinox.launcher.win32.win32.x86_64_1.3.100.v20260804-1928;C:\Users\yoohy\AppData\Local\Temp\jna-115162858;C:\Users\yoohy\.gradle\native\660c5614fbf4a5f2a75b1949f50a0caf5cd603558e7d8a26e50b933a0cfb79d1\windows-amd64

VM Arguments:
jvm_args: --add-modules=ALL-SYSTEM --add-opens=java.base/java.util=ALL-UNNAMED --add-opens=java.base/java.lang=ALL-UNNAMED --add-opens=java.base/sun.nio.fs=ALL-UNNAMED -Declipse.application=org.eclipse.jdt.ls.core.id1 -Dosgi.bundles.defaultStartLevel=4 -Declipse.product=org.eclipse.jdt.ls.core.product -Djava.import.generatesMetadataFilesAtProjectRoot=false -Dm2e.project.cache.size=50 -DDetectVMInstallationsJob.disabled=true -Dfile.encoding=utf8 -XX:+UseParallelGC -XX:GCTimeRatio=4 -XX:AdaptiveSizePolicyWeight=90 -Dsun.zip.disableMemoryMapping=true -Xmx2G -Xms100m -Xlog:disable -javaagent:c:\Users\yoohy\.vscode\extensions\redhat.java-1.56.0-win32-x64\lombok\lombok-1.18.39-4050.jar -XX:+HeapDumpOnOutOfMemoryError -XX:HeapDumpPath=c:\Users\yoohy\AppData\Roaming\Code\User\workspaceStorage\56d48d326b710127b2fff327b6ce23a8\redhat.java -Daether.dependencyCollector.impl=bf 
java_command: c:\Users\yoohy\.vscode\extensions\redhat.java-1.56.0-win32-x64\server\plugins\org.eclipse.equinox.launcher_1.8.0.v20260804-1928.jar -configuration c:\Users\yoohy\AppData\Roaming\Code\User\globalStorage\redhat.java\1.56.0\config_win -data c:\Users\yoohy\AppData\Roaming\Code\User\workspaceStorage\56d48d326b710127b2fff327b6ce23a8\redhat.java\jdt_ws --stdio
java_class_path (initial): c:\Users\yoohy\.vscode\extensions\redhat.java-1.56.0-win32-x64\server\plugins\org.eclipse.equinox.launcher_1.8.0.v20260804-1928.jar
Launcher Type: SUN_STANDARD

[Global flags]
    uintx AdaptiveSizePolicyWeight                 = 90                                        {product} {command line}
     intx CICompilerCount                          = 12                                        {product} {ergonomic}
    uintx GCTimeRatio                              = 4                                         {product} {command line}
     bool HeapDumpOnOutOfMemoryError               = true                                   {manageable} {command line}
    ccstr HeapDumpPath                             = c:\Users\yoohy\AppData\Roaming\Code\User\workspaceStorage\56d48d326b710127b2fff327b6ce23a8\redhat.java         {manageable} {command line}
   size_t InitialHeapSize                          = 104857600                                 {product} {command line}
   size_t MaxHeapSize                              = 2147483648                                {product} {command line}
   size_t MaxNewSize                               = 715653120                                 {product} {ergonomic}
   size_t MinHeapDeltaBytes                        = 524288                                    {product} {ergonomic}
   size_t MinHeapSize                              = 104857600                                 {product} {command line}
   size_t NewSize                                  = 34603008                                  {product} {ergonomic}
    uintx NonNMethodCodeHeapSize                   = 7602480                                {pd product} {ergonomic}
    uintx NonProfiledCodeHeapSize                  = 122027880                              {pd product} {ergonomic}
   size_t OldSize                                  = 70254592                                  {product} {ergonomic}
    uintx ProfiledCodeHeapSize                     = 122027880                              {pd product} {ergonomic}
    uintx ReservedCodeCacheSize                    = 251658240                              {pd product} {ergonomic}
     bool SegmentedCodeCache                       = true                                      {product} {ergonomic}
   size_t SoftMaxHeapSize                          = 2147483648                             {manageable} {ergonomic}
     bool UseCompressedOops                        = true                           {product lp64_product} {ergonomic}
     bool UseLargePagesIndividualAllocation        = false                                  {pd product} {ergonomic}
     bool UseParallelGC                            = true                                      {product} {command line}

Logging:
Log output configuration:
 #0: stdout all=off uptime,level,tags foldmultilines=false
 #1: stderr all=off uptime,level,tags foldmultilines=false

Release file:
JAVA_VERSION="21.0.12.1" 
MODULES="java.base java.compiler java.datatransfer java.xml java.prefs java.desktop java.instrument java.logging java.management java.security.sasl java.naming java.rmi java.management.rmi java.net.http java.scripting java.security.jgss java.transaction.xa java.sql java.sql.rowset java.xml.crypto java.se java.smartcardio jdk.accessibility jdk.internal.jvmstat jdk.attach jdk.charsets jdk.internal.opt jdk.zipfs jdk.compiler jdk.crypto.ec jdk.crypto.cryptoki jdk.crypto.mscapi jdk.dynalink jdk.internal.ed jdk.editpad jdk.hotspot.agent jdk.httpserver jdk.internal.le jdk.internal.vm.ci jdk.internal.vm.compiler jdk.internal.vm.compiler.management jdk.jartool jdk.javadoc jdk.jcmd jdk.management jdk.management.agent jdk.jconsole jdk.jdeps jdk.jdwp.agent jdk.jdi jdk.jfr jdk.jshell jdk.jsobject jdk.jstatd jdk.localedata jdk.management.jfr jdk.naming.dns jdk.naming.rmi jdk.net jdk.nio.mapmode jdk.random jdk.sctp jdk.security.auth jdk.security.jgss jdk.unsupported jdk.unsupported.desktop jdk.xml.dom" 

Environment Variables:
PATH=C:\Program Files\Common Files\Oracle\Java\javapath;C:\windows\system32;C:\windows;C:\windows\System32\Wbem;C:\windows\System32\WindowsPowerShell\v1.0\;C:\windows\System32\OpenSSH\;C:\Program Files\MySQL\MySQL Server 8.0\bin;C:\Program Files\dotnet\;C:\Program Files\Git\cmd;C:\Users\yoohy\.local\bin;C:\Users\yoohy\AppData\Local\Microsoft\WindowsApps;C:\Users\yoohy\AppData\Local\Programs\Microsoft VS Code\bin;C:\ProgramData\anaconda3;C:\ProgramData\anaconda3\Library;C:\ProgramData\anaconda3\Scripts;C:\Users\yoohy\AppData\Local\Programs\Antigravity\bin
USERNAME=yoohy
OS=Windows_NT
PROCESSOR_IDENTIFIER=Intel64 Family 6 Model 170 Stepping 4, GenuineIntel
TMP=C:\Users\yoohy\AppData\Local\Temp
TEMP=C:\Users\yoohy\AppData\Local\Temp




Periodic native trim disabled

---------------  S Y S T E M  ---------------

OS:
 Windows 11 , 64 bit Build 26100 (10.0.26100.9168)
OS uptime: 0 days 0:46 hours
Hyper-V role detected

CPU: total 18 (initial active 18) (9 cores per cpu, 2 threads per core) family 6 model 170 stepping 4 microcode 0x1a, cx8, cmov, fxsr, ht, mmx, 3dnowpref, sse, sse2, sse3, ssse3, sse4.1, sse4.2, popcnt, lzcnt, tsc, tscinvbit, avx, avx2, aes, erms, clmul, bmi1, bmi2, adx, sha, fma, vzeroupper, clflush, clflushopt, clwb, hv, serialize, rdtscp, rdpid, fsrm, f16c, cet_ibt, cet_ss
Processor Information for processor 0
  Max Mhz: 1200, Current Mhz: 1200, Mhz Limit: 1200
Processor Information for processor 1
  Max Mhz: 1200, Current Mhz: 1200, Mhz Limit: 1200
Processor Information for processor 2
  Max Mhz: 3600, Current Mhz: 700, Mhz Limit: 684
Processor Information for processor 3
  Max Mhz: 3600, Current Mhz: 700, Mhz Limit: 684
Processor Information for processor 4
  Max Mhz: 3600, Current Mhz: 700, Mhz Limit: 684
Processor Information for processor 5
  Max Mhz: 3600, Current Mhz: 700, Mhz Limit: 684
Processor Information for processor 6
  Max Mhz: 3600, Current Mhz: 700, Mhz Limit: 684
Processor Information for processor 7
  Max Mhz: 3600, Current Mhz: 700, Mhz Limit: 684
Processor Information for processor 8
  Max Mhz: 3600, Current Mhz: 700, Mhz Limit: 684
Processor Information for processor 9
  Max Mhz: 3600, Current Mhz: 700, Mhz Limit: 684
Processor Information for processor 10
  Max Mhz: 1200, Current Mhz: 1200, Mhz Limit: 1200
Processor Information for processor 11
  Max Mhz: 1200, Current Mhz: 1200, Mhz Limit: 1200
Processor Information for processor 12
  Max Mhz: 1200, Current Mhz: 1200, Mhz Limit: 1200
Processor Information for processor 13
  Max Mhz: 1200, Current Mhz: 1200, Mhz Limit: 1200
Processor Information for processor 14
  Max Mhz: 1200, Current Mhz: 1200, Mhz Limit: 1200
Processor Information for processor 15
  Max Mhz: 1200, Current Mhz: 1200, Mhz Limit: 1200
Processor Information for processor 16
  Max Mhz: 2500, Current Mhz: 700, Mhz Limit: 700
Processor Information for processor 17
  Max Mhz: 2500, Current Mhz: 700, Mhz Limit: 700

Memory: 4k page, system-wide physical 15953M (321M free)
TotalPageFile size 65105M (AvailPageFile size 0M)
current process WorkingSet (physical memory assigned to process): 506M, peak: 1910M
current process commit charge ("private bytes"): 2363M, peak: 3228M

vm_info: OpenJDK 64-Bit Server VM (21.0.12.1+1-LTS) for windows-amd64 JRE (21.0.12.1+1-LTS), built on 2026-08-18T00:00:00Z by "admin" with MS VC++ 17.12 (VS2022)

END.
